<?xml version='1.0' encoding='UTF-8'?><isebel:story xmlns:isebel="http://www.isebel.eu/ns/isebel" xmlns:dc="http://purl.org/dc/elements/1.1/" xml:id="xmd-s001-000-004-969" xml:lang="deu">
  <dc:identifier>de.wossidia.xmd-s001-000-004-969</dc:identifier>
  <isebel:purl>https://apps.wossidia.de/webapp/run/node/XMD-S001-000-004-969</isebel:purl>
  <dc:title>[4969] Hexe erkennen</dc:title>
  <dc:title xml:lang="deu"/>
  <isebel:contents>
    <isebel:content xml:lang="deu">Wie es Leute giebt, die durch „Willen“ eine Krankheit beseitigen können, so giebt es ebenso Leute, die einen etwas „anthun“ können. Diese sollen alle mit dem Teufel im Bunde stehen. Will man wissen, wer diese Leute sind, oder ob sie gar aus demselben Dorf sind, so darf man nur in der Neujahrsnacht um 12 Uhr nach der Kirche gehen mit „neunerlei Holz“ in der Tasche. Man erblickt alle diese „Teufelsgehülfen“ zur linken Seite der Kanzel. Sie sind alle gezeichnet. Einige haben einen Besen, andere ein Sieb, noch andere einen „Hexenbecher“ in der Hand. – Der Neugierige darf jedoch nicht vergessen, beim Eintritt, in der Mitte der Kirche und beim Ausgang ein Vaterunser zu beten, sonst muß er in demselben Jahre „dran“!</isebel:content>
  </isebel:contents>
  <isebel:persons>
    <isebel:person id="10002352">
      <isebel:name>C. Haase</isebel:name>
      <isebel:gender>Herr</isebel:gender>
      <isebel:role>contributor</isebel:role>
      <isebel:profession>Lehrer</isebel:profession>
    </isebel:person>
  </isebel:persons>
  <isebel:keywords>
    <isebel:keyword id="XMD-M030-000-000-308">Tasche</isebel:keyword>
    <isebel:keyword id="XMD-M030-000-000-440">Holz</isebel:keyword>
    <isebel:keyword id="XMD-M030-000-000-882">Kirche (Gebäude)</isebel:keyword>
    <isebel:keyword id="XMD-M030-000-001-686">Besen</isebel:keyword>
    <isebel:keyword id="XMD-M030-000-001-760">beten</isebel:keyword>
    <isebel:keyword id="XMD-M030-000-010-766">Vaterunser</isebel:keyword>
    <isebel:keyword id="XMD-M030-000-035-415">Neujahrsnacht</isebel:keyword>
  </isebel:keywords>
</isebel:story>