<?xml version='1.0' encoding='UTF-8'?><isebel:story xmlns:isebel="http://www.isebel.eu/ns/isebel" xmlns:dc="http://purl.org/dc/elements/1.1/" xml:id="xmd-s001-000-004-787" xml:lang="deu">
  <dc:identifier>de.wossidia.xmd-s001-000-004-787</dc:identifier>
  <isebel:purl>https://apps.wossidia.de/webapp/run/node/XMD-S001-000-004-787</isebel:purl>
  <dc:title>[4787] Scheidengänger</dc:title>
  <dc:title xml:lang="nds"/>
  <isebel:contents>
    <isebel:content xml:lang="nds">Ein Landmäter hett mal de Scheir twischen Spornitz un Matzlow verkihrt mäten. Lange Tied hett hei donn abends in dei Spornitzer Koppel 'n grugelich Wes'wark makt un ümmer mit de Käden klätert, so dat abends keiner von Spornitz nah Maßlow (Matzlow) gahn wull.
(Die Landmesser haben früher mit Ketten gemessen.)</isebel:content>
  </isebel:contents>
  <isebel:places>
    <isebel:place id="753">
      <dc:title>Garwitz</dc:title>
      <isebel:point>
        <datacite:pointLatitude xmlns:datacite="http://datacite.org/schema/kernel-4">53.45598</datacite:pointLatitude>
        <datacite:pointLongitude xmlns:datacite="http://datacite.org/schema/kernel-4">11.69810</datacite:pointLongitude>
      </isebel:point>
      <isebel:role>narration</isebel:role>
    </isebel:place>
    <isebel:place id="1824">
      <dc:title>Matzlow</dc:title>
      <isebel:point>
        <datacite:pointLatitude xmlns:datacite="http://datacite.org/schema/kernel-4">53.44765</datacite:pointLatitude>
        <datacite:pointLongitude xmlns:datacite="http://datacite.org/schema/kernel-4">11.70504</datacite:pointLongitude>
      </isebel:point>
      <isebel:role>action</isebel:role>
    </isebel:place>
    <isebel:place id="2662">
      <dc:title>Spornitz</dc:title>
      <isebel:point>
        <datacite:pointLatitude xmlns:datacite="http://datacite.org/schema/kernel-4">53.40849</datacite:pointLatitude>
        <datacite:pointLongitude xmlns:datacite="http://datacite.org/schema/kernel-4">11.72171</datacite:pointLongitude>
      </isebel:point>
      <isebel:role>action</isebel:role>
    </isebel:place>
  </isebel:places>
  <isebel:persons>
    <isebel:person id="10000859">
      <isebel:name>Brandt</isebel:name>
      <isebel:role>narrator</isebel:role>
      <isebel:profession>Hofbesitzer</isebel:profession>
    </isebel:person>
    <isebel:person id="10008559">
      <isebel:name>Gossel</isebel:name>
      <isebel:role>narrator</isebel:role>
    </isebel:person>
  </isebel:persons>
  <isebel:events>
    <isebel:event id="990000097">
      <isebel:date>1929-01-01</isebel:date>
      <isebel:role>narration</isebel:role>
    </isebel:event>
  </isebel:events>
  <isebel:keywords>
    <isebel:keyword id="XMD-M030-000-006-621">Halskette</isebel:keyword>
    <isebel:keyword id="XMD-M030-000-006-624">Kettenrasseln</isebel:keyword>
  </isebel:keywords>
</isebel:story>