<?xml version='1.0' encoding='UTF-8'?><isebel:story xmlns:isebel="http://www.isebel.eu/ns/isebel" xmlns:dc="http://purl.org/dc/elements/1.1/" xml:id="xmd-s001-000-000-737" xml:lang="deu">
  <dc:identifier>de.wossidia.xmd-s001-000-000-737</dc:identifier>
  <isebel:purl>https://apps.wossidia.de/webapp/run/node/XMD-S001-000-000-737</isebel:purl>
  <dc:title>[737] Strafe für den Leichenfledderer</dc:title>
  <dc:title xml:lang="deu"/>
  <isebel:contents>
    <isebel:content xml:lang="deu">Einer ist tot geblieben. Seine Frau verkauft die Kuh etc. für die Einlage. Der Herr kommt zu den Kindern, wo die Mutter das Geld habe… Was habe sie mit und was habe Vater unter dem Kopf. Er will das Geld herausziehen. Da greift der Tote zu. Sie haben die Hand abgeschnitten, da hat der Tote weiter zugegriffen.</isebel:content>
  </isebel:contents>
</isebel:story>