<?xml version='1.0' encoding='UTF-8'?><isebel:story xmlns:isebel="http://www.isebel.eu/ns/isebel" xmlns:dc="http://purl.org/dc/elements/1.1/" xml:id="xmd-s001-000-009-468" xml:lang="deu">
  <dc:identifier>de.wossidia.xmd-s001-000-009-468</dc:identifier>
  <isebel:purl>https://apps.wossidia.de/webapp/run/node/XMD-S001-000-009-468</isebel:purl>
  <dc:title>[9468] Totenmesse</dc:title>
  <dc:title xml:lang="nds"/>
  <isebel:contents>
    <isebel:content xml:lang="nds">Mien Grmudder&lt;ref> Grossmudder&lt;/ref> in Plau vertellt mi von Oiljohrsnacht: // Fru geiht hen... Nawersch pack di, dit 's nich dien Tiet... Up alle Gräwer hett 'n Stück von'n Mantel lagen.</isebel:content>
  </isebel:contents>
</isebel:story>