<?xml version='1.0' encoding='UTF-8'?><isebel:story xmlns:isebel="http://www.isebel.eu/ns/isebel" xmlns:dc="http://purl.org/dc/elements/1.1/" xml:id="xmd-s001-000-002-242" xml:lang="deu">
  <dc:identifier>de.wossidia.xmd-s001-000-002-242</dc:identifier>
  <isebel:purl>https://apps.wossidia.de/webapp/run/node/XMD-S001-000-002-242</isebel:purl>
  <dc:title>[2242] Leichenwagen / Spuk</dc:title>
  <dc:title xml:lang="nds"/>
  <isebel:contents>
    <isebel:content xml:lang="nds">Von 'n Lüsbarg in Retschow süll 'n Likenwagen dann un wann daalkamen. wer nich sowat sehn kann is stolpert, de anner is ut 'n Weg gahn.</isebel:content>
  </isebel:contents>
</isebel:story>