<?xml version='1.0' encoding='UTF-8'?><isebel:story xmlns:isebel="http://www.isebel.eu/ns/isebel" xmlns:dc="http://purl.org/dc/elements/1.1/" xml:id="xmd-s001-000-006-638" xml:lang="deu">
  <dc:identifier>de.wossidia.xmd-s001-000-006-638</dc:identifier>
  <isebel:purl>https://apps.wossidia.de/webapp/run/node/XMD-S001-000-006-638</isebel:purl>
  <dc:title>[6638] Störtebecker / Aufenthaltsort</dc:title>
  <dc:title xml:lang="nds"/>
  <dc:title xml:lang="deu"/>
  <isebel:contents>
    <isebel:content xml:lang="nds">Störteb1) hett dicht bi Doberan haust, sünt noch vorig Johr kastens funnen, wo sien geld in wäst is. 
(ego: confundens Zeitungsnachricht über den Schatz Störtebäkers.)</isebel:content>
    <isebel:content xml:lang="deu">Störtebecker hat nahe an Doberan gehaust. Letztes Jahr sind noch Kästen gefunden worde, worin sein Geld gewesen ist. 
(ego: confundens Zeitungsnachricht über den Schatz Störtebeckers)</isebel:content>
  </isebel:contents>
  <isebel:places>
    <isebel:place id="2428">
      <dc:title>Rostock</dc:title>
      <isebel:point>
        <datacite:pointLatitude xmlns:datacite="http://datacite.org/schema/kernel-4">54.08878</datacite:pointLatitude>
        <datacite:pointLongitude xmlns:datacite="http://datacite.org/schema/kernel-4">12.14028</datacite:pointLongitude>
      </isebel:point>
      <isebel:role>narration</isebel:role>
    </isebel:place>
  </isebel:places>
  <isebel:persons>
    <isebel:person id="10006164">
      <isebel:name>Schröder</isebel:name>
      <isebel:role>narrator</isebel:role>
      <isebel:livingPlace id="413">
        <dc:title>Carlewitz</dc:title>
        <isebel:point>
          <datacite:pointLatitude xmlns:datacite="http://datacite.org/schema/kernel-4">54.21684</datacite:pointLatitude>
          <datacite:pointLongitude xmlns:datacite="http://datacite.org/schema/kernel-4">12.52445</datacite:pointLongitude>
        </isebel:point>
      </isebel:livingPlace>
    </isebel:person>
  </isebel:persons>
  <isebel:events>
    <isebel:event id="990011570">
      <isebel:date>1925-09-09</isebel:date>
      <isebel:role>narration</isebel:role>
    </isebel:event>
  </isebel:events>
</isebel:story>