<?xml version='1.0' encoding='UTF-8'?><isebel:story xmlns:isebel="http://www.isebel.eu/ns/isebel" xmlns:dc="http://purl.org/dc/elements/1.1/" xml:id="xmd-s001-000-009-235" xml:lang="deu">
  <dc:identifier>de.wossidia.xmd-s001-000-009-235</dc:identifier>
  <isebel:purl>https://apps.wossidia.de/webapp/run/node/XMD-S001-000-009-235</isebel:purl>
  <dc:title>[9235] Kirche: Bilder / Statuen</dc:title>
  <dc:title xml:lang="nds"/>
  <isebel:contents>
    <isebel:content xml:lang="nds">In dei Kirch von Qualitz is 'n Riesenhemd inmuert, dat hett inn Schrank legen, dei is tomuert worden. Dat wir 'n ganz grow Linnen un seg ok all beten gel ut. Oewer dat wier ganz bannig grot un ungeneiht. Dat Hemd is wedder in den Schrank kamen un dei is taumuert.</isebel:content>
  </isebel:contents>
</isebel:story>