<?xml version='1.0' encoding='UTF-8'?><isebel:story xmlns:isebel="http://www.isebel.eu/ns/isebel" xmlns:dc="http://purl.org/dc/elements/1.1/" xml:id="xmd-s001-000-004-126" xml:lang="deu">
  <dc:identifier>de.wossidia.xmd-s001-000-004-126</dc:identifier>
  <isebel:purl>https://apps.wossidia.de/webapp/run/node/XMD-S001-000-004-126</isebel:purl>
  <dc:title>[4126] Schimmelreiter</dc:title>
  <dc:title xml:lang="nds"/>
  <isebel:contents>
    <isebel:content xml:lang="nds">inn grootbrok in Schlicht reitet um den Kessel mit speck, den X., der sein Haus angesteckt, vergraben: hat mit Zauberbuch em dor öewersett't.</isebel:content>
  </isebel:contents>
</isebel:story>