<?xml version='1.0' encoding='UTF-8'?><isebel:story xmlns:isebel="http://www.isebel.eu/ns/isebel" xmlns:dc="http://purl.org/dc/elements/1.1/" xml:id="xmd-s001-000-006-901" xml:lang="deu">
  <dc:identifier>de.wossidia.xmd-s001-000-006-901</dc:identifier>
  <isebel:purl>https://apps.wossidia.de/webapp/run/node/XMD-S001-000-006-901</isebel:purl>
  <dc:title>[6901] Seeräuber</dc:title>
  <dc:title xml:lang="nds"/>
  <isebel:contents>
    <isebel:content xml:lang="nds">in Brunshaupten früher Seeräuber. Brunshaven bei Fulgen hett he sin haven hadd, bi de bek sinen stig, un 'n schloß up'n schloßbarg inne Kühlung.</isebel:content>
  </isebel:contents>
</isebel:story>