<?xml version='1.0' encoding='UTF-8'?><isebel:story xmlns:isebel="http://www.isebel.eu/ns/isebel" xmlns:dc="http://purl.org/dc/elements/1.1/" xml:id="xmd-s001-000-002-226" xml:lang="deu">
  <dc:identifier>de.wossidia.xmd-s001-000-002-226</dc:identifier>
  <isebel:purl>https://apps.wossidia.de/webapp/run/node/XMD-S001-000-002-226</isebel:purl>
  <dc:title>[2226] Spuk</dc:title>
  <dc:title xml:lang="deu"/>
  <dc:title xml:lang="nds"/>
  <isebel:contents>
    <isebel:content xml:lang="deu">Mein Bruder soll als Bote nach Kell. Der Mond scheint; er reist, mit dem Brief dabei, ab. Kurz vor Kell ist ein Richtsteig [= eine Abkürzung siehe: Wossidlo-Teuchert Meckl. Wörterbuch Band 5, S. 887]; geht durch ein Weizenfeld. Als er in der Mitte des Weizenfeldes ist, sieht er einen Toten auf Stelzen gehen, der eine Sense auf dem Nacken trägt. Da ist er wieder zurückgegangen.</isebel:content>
    <isebel:content xml:lang="nds">Min broder sall hen na Kell badwis1.), is maanschin, he reist af mit sinen breiw. Kort vör Kell is 'n richtstig, geiht dörch 'n slag weiten. As he in de midd von den slag weiten is, süht he dodenkörper up stelten gahn, het ne seiss up 'n nacken. Dor is he retour gahn. 

1) = als Bote</isebel:content>
  </isebel:contents>
</isebel:story>