<?xml version='1.0' encoding='UTF-8'?><isebel:story xmlns:isebel="http://www.isebel.eu/ns/isebel" xmlns:dc="http://purl.org/dc/elements/1.1/" xml:id="xmd-s001-000-000-316" xml:lang="deu">
  <dc:identifier>de.wossidia.xmd-s001-000-000-316</dc:identifier>
  <isebel:purl>https://apps.wossidia.de/webapp/run/node/XMD-S001-000-000-316</isebel:purl>
  <dc:title>[316] Der Aufstand</dc:title>
  <dc:title xml:lang="nds"/>
  <dc:title xml:lang="deu"/>
  <isebel:contents>
    <isebel:content xml:lang="nds">He het sien Lüüd an Kohketten ankäden laten. De Diener is de Anstifter wäst. As de Gerichtsverhandlung kümmt, het de Richter de Lüüd fragt, ob dat ehr Herr wier un ob se em hadden dootdanzen laten. Ja! Wenn se seggt hadden, he hadd sik sülben dootdanzt, hadden se am End nich vääl Straaf krägen. De Schriever het naher up ʼn Brandenburger Duur lange Tiet säten. En Fru Heise in Drosedow het deent bi Haberland. De het mi dat vertellt. De Deener het seggt: „Ich gab ihm den letzten Slagg!“ Dennʼ Jungen von Haberland hebben se haalt, de het dat mit ankieken müßt, as sien Vadder sik dootdanzt het.

Erzähler: Landwirt August Wilcke, Neustrelitz, Kreis Neustrelitz; aus Drosedow, Kreis Neustrelitz (von Frau Heise, Drosedow); Aufzeichner: Wossidlo, 25. 7. 1928.</isebel:content>
    <isebel:content xml:lang="deu">Er hat seine Leute an Kuhketten anketten lassen. Der Diener ist der Anstifter gewesen. Als die Gerichtsverhandlung kommt, hat der Richter die Leute gefragt, ob das ihr Herr wäre und ob sie ihn hätten zu Tode tanzen lassen. Ja! Wenn sie gesagt hätten, er hätte sich selbst totgetanzt, hätten sie am Ende nicht viel Strafe bekommen. Der Schreiber hat nachher auf dem Brandenburger Tor lange Zeit [im Gefängnis] gesessen. Eine Frau Heise aus Drosedow hat bei Haberland gedient. Die hat mir das erzählt. Der Diener hat gesagt: „Ich gab ihm den letzten Schlag!“ Den Sohn von Haberland haben sie geholt, der hat das mit ansehen müssen, als sich sein Vater totgetanzt hat.</isebel:content>
  </isebel:contents>
  <isebel:places>
    <isebel:place id="1993">
      <dc:title>Neustrelitz</dc:title>
      <dc:title>Neu-Strelitz</dc:title>
      <isebel:point>
        <datacite:pointLatitude xmlns:datacite="http://datacite.org/schema/kernel-4">53.36323</datacite:pointLatitude>
        <datacite:pointLongitude xmlns:datacite="http://datacite.org/schema/kernel-4">13.06227</datacite:pointLongitude>
      </isebel:point>
      <isebel:role>narration</isebel:role>
    </isebel:place>
    <isebel:place id="595">
      <dc:title>Drosedow</dc:title>
      <isebel:point>
        <datacite:pointLatitude xmlns:datacite="http://datacite.org/schema/kernel-4">53.23962</datacite:pointLatitude>
        <datacite:pointLongitude xmlns:datacite="http://datacite.org/schema/kernel-4">12.91450</datacite:pointLongitude>
      </isebel:point>
      <isebel:role>action</isebel:role>
    </isebel:place>
  </isebel:places>
  <isebel:persons>
    <isebel:person id="10007569">
      <isebel:name>August Wilcke</isebel:name>
      <isebel:gender>Herr</isebel:gender>
      <isebel:role>narrator</isebel:role>
      <isebel:profession>Landwirt</isebel:profession>
      <isebel:livingPlace id="595">
        <dc:title>Drosedow</dc:title>
        <isebel:point>
          <datacite:pointLatitude xmlns:datacite="http://datacite.org/schema/kernel-4">53.23962</datacite:pointLatitude>
          <datacite:pointLongitude xmlns:datacite="http://datacite.org/schema/kernel-4">12.91450</datacite:pointLongitude>
        </isebel:point>
      </isebel:livingPlace>
    </isebel:person>
    <isebel:person id="10008611">
      <isebel:name>? Heise, Frau</isebel:name>
      <isebel:role>actor</isebel:role>
    </isebel:person>
  </isebel:persons>
  <isebel:events>
    <isebel:event id="990010752">
      <isebel:date>1928-07-25</isebel:date>
      <isebel:role>narration</isebel:role>
    </isebel:event>
  </isebel:events>
  <isebel:keywords>
    <isebel:keyword id="XMD-M030-000-000-151">Tod</isebel:keyword>
    <isebel:keyword id="XMD-M030-000-000-778">Sohn</isebel:keyword>
    <isebel:keyword id="XMD-M030-000-000-907">tanzen</isebel:keyword>
    <isebel:keyword id="XMD-M030-000-000-982">Vater</isebel:keyword>
    <isebel:keyword id="XMD-M030-000-001-270">Richter</isebel:keyword>
    <isebel:keyword id="XMD-M030-000-001-272">Gerichtswesen</isebel:keyword>
    <isebel:keyword id="XMD-M030-000-001-977">Leute</isebel:keyword>
    <isebel:keyword id="XMD-M030-000-002-261">Strafe</isebel:keyword>
    <isebel:keyword id="XMD-M030-000-002-476">Diener</isebel:keyword>
    <isebel:keyword id="XMD-M030-000-005-606">Haberlandt</isebel:keyword>
    <isebel:keyword id="XMD-M030-000-020-628">Zeuge</isebel:keyword>
    <isebel:keyword id="XMD-M030-000-021-155">anstiften</isebel:keyword>
    <isebel:keyword id="XMD-M030-000-037-417">anketten</isebel:keyword>
    <isebel:keyword id="XMD-M030-000-043-692">Gerichtsschreiber</isebel:keyword>
    <isebel:keyword id="XMD-M030-000-045-077">Gerichtsverhandlung</isebel:keyword>
    <isebel:keyword id="XMD-M030-000-048-733">Brandenburger Tor</isebel:keyword>
  </isebel:keywords>
</isebel:story>