<?xml version='1.0' encoding='UTF-8'?><isebel:story xmlns:isebel="http://www.isebel.eu/ns/isebel" xmlns:dc="http://purl.org/dc/elements/1.1/" xml:id="xmd-s001-000-009-762" xml:lang="deu">
  <dc:identifier>de.wossidia.xmd-s001-000-009-762</dc:identifier>
  <isebel:purl>https://apps.wossidia.de/webapp/run/node/XMD-S001-000-009-762</isebel:purl>
  <dc:title>[9762] Geldfeuer: Kohlen auf Pfeife</dc:title>
  <dc:title xml:lang="deu"/>
  <isebel:contents>
    <isebel:content xml:lang="deu">Mein seeliger Vater erzählte: 
Ein Bauer hier aus der Gegend geht des Morgens sehr früh, wie es noch dunkel ist, zur Stadt; der Weg dorthin führt durch ein Gehölz. Unterwegs ist ihm das Feuer in seiner Pfeife ausgegangen, da sieht er seitwärts am Wege bei einer großen Buche ein Kohlenfeuer glimmen, welches, wie er meint, die Holzarbeiter am Abend vorher daselbst haben brennen lassen. Er nimmt ganz vergnügt darob, daß er doch jetzt weiter rauchen kann, eine glühende Kohle und legt sie in seine Pfeife, der Taback will jedoch kein Feuer fangen, er nimmt die erste Kohle heraus, wirft diese weg und legte eine andere hinein, aber auch diese giebt nicht das gewünschte Feuer und mißmuthig steckt er seine Pfeife weg. Wie er später in der Stadt sich die Pfeife anbrennen will, liegt anstatt der Kohle ein blanker Thaler darin. Der Bauer wird sich nun gleich klar darüber, daß das vermeintliche Holzkohlenfeuer brennendes Geld gewesen sei; wie er nun umkehrt, um sich auch das andere Geld, welches, wie er zuversichtlich hofft, ja noch daselbst liegen muß, zu holen, findet er zwar die morgens von ihm zuerst heraus genommene Kohle als Thaler vor, von dem andern Gelde ist jedoch keine Spur zu finden.</isebel:content>
  </isebel:contents>
</isebel:story>