<?xml version='1.0' encoding='UTF-8'?><isebel:story xmlns:isebel="http://www.isebel.eu/ns/isebel" xmlns:dc="http://purl.org/dc/elements/1.1/" xml:id="xmd-s001-000-008-672" xml:lang="deu">
  <dc:identifier>de.wossidia.xmd-s001-000-008-672</dc:identifier>
  <isebel:purl>https://apps.wossidia.de/webapp/run/node/XMD-S001-000-008-672</isebel:purl>
  <dc:title>[8672] Schatz: Geld brennen</dc:title>
  <dc:title xml:lang="nds"/>
  <isebel:contents>
    <isebel:content xml:lang="nds">Bün 7 Johr na School gahn up'n Gollbomer Hof. De Kutscher hett up'n Boen slapen, se hebben em dat Bett aftreckt ... He steit toletzt up, geit na de Koek rin, dor licht dor 'n Klumpen Füer up'n Hierd.
Oewer he hett dat ruhig brennen laten, dat is ok ut'n Schosteen rutgahn.</isebel:content>
  </isebel:contents>
</isebel:story>