<?xml version='1.0' encoding='UTF-8'?><isebel:story xmlns:isebel="http://www.isebel.eu/ns/isebel" xmlns:dc="http://purl.org/dc/elements/1.1/" xml:id="xmd-s001-000-009-059" xml:lang="deu">
  <dc:identifier>de.wossidia.xmd-s001-000-009-059</dc:identifier>
  <isebel:purl>https://apps.wossidia.de/webapp/run/node/XMD-S001-000-009-059</isebel:purl>
  <dc:title>[9059] Schatz: Geldfeuer bannen durch hineinwerfen</dc:title>
  <dc:title xml:lang="nds"/>
  <isebel:contents>
    <isebel:content xml:lang="nds">Schatz bekommen, wenn man blag Schört het. (Öwer ken Nadel, Isen etc. an.)</isebel:content>
  </isebel:contents>
</isebel:story>