<?xml version='1.0' encoding='UTF-8'?><isebel:story xmlns:isebel="http://www.isebel.eu/ns/isebel" xmlns:dc="http://purl.org/dc/elements/1.1/" xml:id="xmd-s001-000-006-958" xml:lang="deu">
  <dc:identifier>de.wossidia.xmd-s001-000-006-958</dc:identifier>
  <isebel:purl>https://apps.wossidia.de/webapp/run/node/XMD-S001-000-006-958</isebel:purl>
  <dc:title>[6958] Räuber Wackerbarth</dc:title>
  <dc:title xml:lang="deu"/>
  <isebel:contents>
    <isebel:content xml:lang="deu">Wackerbarths haben in Segrahn gehaust.</isebel:content>
  </isebel:contents>
</isebel:story>