<?xml version='1.0' encoding='UTF-8'?><isebel:story xmlns:isebel="http://www.isebel.eu/ns/isebel" xmlns:dc="http://purl.org/dc/elements/1.1/" xml:id="xmd-s001-000-004-563" xml:lang="deu">
  <dc:identifier>de.wossidia.xmd-s001-000-004-563</dc:identifier>
  <isebel:purl>https://apps.wossidia.de/webapp/run/node/XMD-S001-000-004-563</isebel:purl>
  <dc:title>[4563] Gälknoeker: Streiche</dc:title>
  <dc:title xml:lang="nds"/>
  <isebel:contents>
    <isebel:content xml:lang="nds">Up Fetten Hauw (Fett = Eigenname) in Blankenhagen, dicht an dei Behnkenhäger Scheid liggt dei Gälknoekerbarg. Hier hett G.* sien Wahnen hatt. 
Hei wier man einen lütten Kierl, seg ganz knoekerig ut un harr 'ne gäle Farw. Sinen Namen hett hei von den'n Barg kragen, in den'n hei husen ded. (Sollte es auch umgekehrt gewesen sein? Suhr). -- Von hier ut hett hei de Lüd in dei Ümgegend immer besöcht un väl belästigt. Ganz besonners slimm drew hei dat ümmer an Fasselawend un Ornbier, dei -dun'n jo noch ümmer in dei Buerhüs afhollen würn. Dei Frugenslüd möchten nix mit em tau dauhn hem'm, den hei föt sei bi dat Danzen ümmer in den'n Rockquarrer un swünk sei denn so dull rüm. Nu wier mal eins Fasselawend in Witt'n Hus wäst, un dor hem'm sei sick bannig mit em vertürnt. Hei süll nich rin, wiel hei sick ümmer so slicht bidrägen ded un harrn em alle Dörn vor dei Näs tauslaten. Dun'n hürt dei Buerfru up einmal son'n groten Tumult up dei grot Däl. As sei sick dornah ümsüht, seg sei, dat hei alls, wat up dei Däl wäst wier, ein upt anner packt harr. G. sülben steiht vor dei Dör, kickt ehr an un lacht. Dun'n wiest hei up einen Hoop, den'n ﻿hei dor henschäten harr un seggt: "Dor haut put af" un kröp dun'n ut dat Kattenlock rut. Wat hei mit diersen Snack meint hett, weit ick ok nich. 'n lütten Kierl kann hei jo man wäst sien, süß wier hei jo nich ut dat Kattenlock rutkamen. 

* Gälknoeker</isebel:content>
  </isebel:contents>
  <isebel:places>
    <isebel:place id="2946">
      <dc:title>Völkshagen</dc:title>
      <isebel:point>
        <datacite:pointLatitude xmlns:datacite="http://datacite.org/schema/kernel-4">54.15961</datacite:pointLatitude>
        <datacite:pointLongitude xmlns:datacite="http://datacite.org/schema/kernel-4">12.39029</datacite:pointLongitude>
      </isebel:point>
      <isebel:role>narration</isebel:role>
    </isebel:place>
  </isebel:places>
  <isebel:persons>
    <isebel:person id="10005261">
      <isebel:name>Rademacher</isebel:name>
      <isebel:gender>Herr</isebel:gender>
      <isebel:role>narrator</isebel:role>
      <isebel:profession>Büdner</isebel:profession>
    </isebel:person>
  </isebel:persons>
  <isebel:events>
    <isebel:event id="990005891">
      <isebel:date>1937-01-01</isebel:date>
      <isebel:role>narration</isebel:role>
    </isebel:event>
  </isebel:events>
</isebel:story>