<?xml version='1.0' encoding='UTF-8'?><isebel:story xmlns:isebel="http://www.isebel.eu/ns/isebel" xmlns:dc="http://purl.org/dc/elements/1.1/" xml:id="xmd-s001-000-006-741" xml:lang="deu">
  <dc:identifier>de.wossidia.xmd-s001-000-006-741</dc:identifier>
  <isebel:purl>https://apps.wossidia.de/webapp/run/node/XMD-S001-000-006-741</isebel:purl>
  <dc:title>[6741] Glocke wird gebannt</dc:title>
  <dc:title xml:lang="nds"/>
  <isebel:contents>
    <isebel:content xml:lang="nds">In Schabow hebben se gös höddt. Joh.1) stahn ümmer 3 durnbüsch, na Joh. sünt se ümmer weg wäst. Waschen fleeschplünnen. A. S.2) bleibt stehen. (hett dee secht, de weggahn is). een hett Anna heeten, anner Susanna. (wohenkamen, ignerat). 

1) Johanni 
2) Anna Susanna</isebel:content>
  </isebel:contents>
</isebel:story>