<?xml version='1.0' encoding='UTF-8'?><isebel:story xmlns:isebel="http://www.isebel.eu/ns/isebel" xmlns:dc="http://purl.org/dc/elements/1.1/" xml:id="xmd-s001-000-006-098" xml:lang="deu">
  <dc:identifier>de.wossidia.xmd-s001-000-006-098</dc:identifier>
  <isebel:purl>https://apps.wossidia.de/webapp/run/node/XMD-S001-000-006-098</isebel:purl>
  <dc:title>[6098] Untergang einer Stadt im Nistädter See</dc:title>
  <dc:title xml:lang="nds"/>
  <isebel:contents>
    <isebel:content xml:lang="nds">De Nistädter See is 150 Klafter deep, dor hett 'ne Stadt Nistadt lägen. De Lüd' sünt so unriemsch worden, hebben nich mihr an Gott glöwt. Is oewerswemmt.</isebel:content>
  </isebel:contents>
</isebel:story>