<?xml version='1.0' encoding='UTF-8'?><isebel:story xmlns:isebel="http://www.isebel.eu/ns/isebel" xmlns:dc="http://purl.org/dc/elements/1.1/" xml:id="xmd-s001-000-002-874" xml:lang="deu">
  <dc:identifier>de.wossidia.xmd-s001-000-002-874</dc:identifier>
  <isebel:purl>https://apps.wossidia.de/webapp/run/node/XMD-S001-000-002-874</isebel:purl>
  <dc:title>[2874] Totenmesse</dc:title>
  <dc:title xml:lang="deu"/>
  <isebel:contents>
    <isebel:content xml:lang="deu">Eldena. Totenmesse</isebel:content>
  </isebel:contents>
</isebel:story>