<?xml version='1.0' encoding='UTF-8'?><isebel:story xmlns:isebel="http://www.isebel.eu/ns/isebel" xmlns:dc="http://purl.org/dc/elements/1.1/" xml:id="xmd-s001-000-007-962" xml:lang="deu">
  <dc:identifier>de.wossidia.xmd-s001-000-007-962</dc:identifier>
  <isebel:purl>https://apps.wossidia.de/webapp/run/node/XMD-S001-000-007-962</isebel:purl>
  <dc:title>[7962] Lokalsage: Marlow / Schimmelbrunnen</dc:title>
  <dc:title xml:lang="nds"/>
  <isebel:contents>
    <isebel:content xml:lang="nds">Marlow. 
ut 'n schimmelbrunnen is se rutkamen de dam, ut de Räknitz hett se water haalt.</isebel:content>
  </isebel:contents>
</isebel:story>