<?xml version='1.0' encoding='UTF-8'?><isebel:story xmlns:isebel="http://www.isebel.eu/ns/isebel" xmlns:dc="http://purl.org/dc/elements/1.1/" xml:id="xmd-s001-000-007-250" xml:lang="deu">
  <dc:identifier>de.wossidia.xmd-s001-000-007-250</dc:identifier>
  <isebel:purl>https://apps.wossidia.de/webapp/run/node/XMD-S001-000-007-250</isebel:purl>
  <dc:title>[7250] Erdbeben</dc:title>
  <dc:title xml:lang="nds"/>
  <isebel:contents>
    <isebel:content xml:lang="nds">Sülze - Düwelssee.
In Johanninacht sall dörch 'n Ierdbäben 'ne Kirch verswonnen sien, (is väl Modde in).</isebel:content>
  </isebel:contents>
</isebel:story>