<?xml version='1.0' encoding='UTF-8'?><isebel:story xmlns:isebel="http://www.isebel.eu/ns/isebel" xmlns:dc="http://purl.org/dc/elements/1.1/" xml:id="xmd-s001-000-006-285" xml:lang="deu">
  <dc:identifier>de.wossidia.xmd-s001-000-006-285</dc:identifier>
  <isebel:purl>https://apps.wossidia.de/webapp/run/node/XMD-S001-000-006-285</isebel:purl>
  <dc:title>[6285] Franzosen</dc:title>
  <dc:title xml:lang="nds"/>
  <isebel:contents>
    <isebel:content xml:lang="nds">Ut de Franzosen - Tid. 
Ein Buur makt en Knäwel an'n Kohstall un dinkt anne Franzosen un wat he seggen will, wenn ein kümmt un seggt: Goden Dag. Schönen Dank, segg ick-- Wat makst du, seggt hei denn. Koart vörn Knast aff, segg ick denn tau em... Denn seggt hei: wo hest din Boot, wil dat hei´n Äwerführer is. - Denn segg ick: dat liggt uppen Lann' un ward kalfoniert. Doa kümmt de Wiel all ´n Franzos an, de seggt öwer: "Bauer, was zu fressen". "Schönen Dank ock, seggt hei. Bauer was zu fressen, bölk hei werre los. "Kort vörn Knast aff", seggt de ganz ruig. "Bauer, hast keine Frau oder Tochter im Hause", fragt hei em. "De ligt upp'n Lann' un ward kalfoniert". Dor krigt de Franzos dei Plempe rut un garwt minen Buur den Rüngen hendahl un makt em nu irst klor, wat hei eigentlich will.</isebel:content>
  </isebel:contents>
</isebel:story>