<?xml version='1.0' encoding='UTF-8'?><isebel:story xmlns:isebel="http://www.isebel.eu/ns/isebel" xmlns:dc="http://purl.org/dc/elements/1.1/" xml:id="xmd-s001-000-005-124" xml:lang="deu">
  <dc:identifier>de.wossidia.xmd-s001-000-005-124</dc:identifier>
  <isebel:purl>https://apps.wossidia.de/webapp/run/node/XMD-S001-000-005-124</isebel:purl>
  <dc:title>[5124] Scheidengänger</dc:title>
  <dc:title xml:lang="nds"/>
  <isebel:contents>
    <isebel:content xml:lang="nds">landmäter mit sinen techelhund in Warlow/Ludw.1) 

1) Ludwigslust,</isebel:content>
  </isebel:contents>
  <isebel:places>
    <isebel:place id="2998">
      <dc:title>Warlow</dc:title>
      <isebel:point>
        <datacite:pointLatitude xmlns:datacite="http://datacite.org/schema/kernel-4">53.34403</datacite:pointLatitude>
        <datacite:pointLongitude xmlns:datacite="http://datacite.org/schema/kernel-4">11.40782</datacite:pointLongitude>
      </isebel:point>
      <isebel:role>narration</isebel:role>
    </isebel:place>
    <isebel:place id="2998">
      <dc:title>Warlow</dc:title>
      <isebel:point>
        <datacite:pointLatitude xmlns:datacite="http://datacite.org/schema/kernel-4">53.34403</datacite:pointLatitude>
        <datacite:pointLongitude xmlns:datacite="http://datacite.org/schema/kernel-4">11.40782</datacite:pointLongitude>
      </isebel:point>
      <isebel:role>action</isebel:role>
    </isebel:place>
  </isebel:places>
  <isebel:persons>
    <isebel:person id="10001391">
      <isebel:name>Diehn</isebel:name>
      <isebel:gender>Herr</isebel:gender>
      <isebel:role>narrator</isebel:role>
      <isebel:profession>Erbpächter</isebel:profession>
    </isebel:person>
  </isebel:persons>
  <isebel:events>
    <isebel:event id="990011218">
      <isebel:date>1911-08-05</isebel:date>
      <isebel:role>narration</isebel:role>
    </isebel:event>
  </isebel:events>
  <isebel:keywords>
    <isebel:keyword id="XMD-M030-000-007-186">Landmesser</isebel:keyword>
    <isebel:keyword id="XMD-M030-000-011-880">Teckelhund</isebel:keyword>
  </isebel:keywords>
</isebel:story>