<?xml version='1.0' encoding='UTF-8'?><isebel:story xmlns:isebel="http://www.isebel.eu/ns/isebel" xmlns:dc="http://purl.org/dc/elements/1.1/" xml:id="xmd-s001-000-002-069" xml:lang="deu">
  <dc:identifier>de.wossidia.xmd-s001-000-002-069</dc:identifier>
  <isebel:purl>https://apps.wossidia.de/webapp/run/node/XMD-S001-000-002-069</isebel:purl>
  <dc:title>[2069] Seele als Maus</dc:title>
  <dc:title xml:lang="deu"/>
  <isebel:contents>
    <isebel:content xml:lang="deu">Maus zurück. Arbeiter erwacht, erzählt: Traum, sei bei seiner Frau gewesen.</isebel:content>
  </isebel:contents>
</isebel:story>