<?xml version='1.0' encoding='UTF-8'?><isebel:story xmlns:isebel="http://www.isebel.eu/ns/isebel" xmlns:dc="http://purl.org/dc/elements/1.1/" xml:id="xmd-s001-000-000-073" xml:lang="deu">
  <dc:identifier>de.wossidia.xmd-s001-000-000-073</dc:identifier>
  <isebel:purl>https://apps.wossidia.de/webapp/run/node/XMD-S001-000-000-073</isebel:purl>
  <dc:title>[73] Mit Peitsche und Knüppel</dc:title>
  <dc:title xml:lang="nds"/>
  <dc:title xml:lang="deu"/>
  <isebel:contents>
    <isebel:content xml:lang="nds">De oll Graf Blücher in Fincken is haart wäst gegen de Lüüd. Up enen Steen inʼn Park sünd se oeverleggt worden. He het ʼn ollen Diener hatt, de het em bäden, ob he nich in de Kapell bi em beierdigt warden künn. „Ne“, het de Graf seggt, „aber gleich vor der Tür, daß, wenn ich rufe, du da bist!“

Erzähler: Hellmann, ca. 32 J., Wredenhagen, Kreis Röbel; aus Walow, Kreis Röbel; Aufzeichner: Wossidlo, 1934.</isebel:content>
    <isebel:content xml:lang="deu">Der alte Graf Blücher in Fincken ist hart gegen seine Leute gewesen. Sie sind über einen Stein im Park gelegt worden [zum Schlagen]. Er hat einen alten Diener gehabt, der hat ihn gebeten, ob er nicht in der Kapelle neben ihm begraben werden könne. „Nein“, hat der Graf gesagt, „aber gleich vor der Tür, daß, wenn ich rufe, du da bist!“</isebel:content>
  </isebel:contents>
  <isebel:places>
    <isebel:place id="3156">
      <dc:title>Wredenhagen</dc:title>
      <isebel:point>
        <datacite:pointLatitude xmlns:datacite="http://datacite.org/schema/kernel-4">53.28960</datacite:pointLatitude>
        <datacite:pointLongitude xmlns:datacite="http://datacite.org/schema/kernel-4">12.51616</datacite:pointLongitude>
      </isebel:point>
      <isebel:role>narration</isebel:role>
    </isebel:place>
    <isebel:place id="12618">
      <dc:title>Finken</dc:title>
      <isebel:point>
        <datacite:pointLatitude xmlns:datacite="http://datacite.org/schema/kernel-4">53.35572</datacite:pointLatitude>
        <datacite:pointLongitude xmlns:datacite="http://datacite.org/schema/kernel-4">12.44171</datacite:pointLongitude>
      </isebel:point>
      <isebel:role>action</isebel:role>
    </isebel:place>
  </isebel:places>
  <isebel:persons>
    <isebel:person id="10002624">
      <isebel:name>Hellmann</isebel:name>
      <isebel:gender>Herr</isebel:gender>
      <isebel:role>narrator</isebel:role>
      <isebel:profession>Gärtner</isebel:profession>
      <isebel:livingPlace id="2962">
        <dc:title>Wahlow</dc:title>
      </isebel:livingPlace>
    </isebel:person>
  </isebel:persons>
  <isebel:events>
    <isebel:event id="990000073">
      <isebel:date>1934-01-01</isebel:date>
      <isebel:role>narration</isebel:role>
    </isebel:event>
  </isebel:events>
  <isebel:keywords>
    <isebel:keyword id="XMD-M030-000-000-881">Kapelle</isebel:keyword>
    <isebel:keyword id="XMD-M030-000-001-642">Tür</isebel:keyword>
    <isebel:keyword id="XMD-M030-000-001-977">Leute</isebel:keyword>
    <isebel:keyword id="XMD-M030-000-002-476">Diener</isebel:keyword>
    <isebel:keyword id="XMD-M030-000-003-543">bitten</isebel:keyword>
    <isebel:keyword id="XMD-M030-000-003-580">Blücher</isebel:keyword>
    <isebel:keyword id="XMD-M030-000-034-918">beerdigen</isebel:keyword>
  </isebel:keywords>
</isebel:story>