<?xml version='1.0' encoding='UTF-8'?><isebel:story xmlns:isebel="http://www.isebel.eu/ns/isebel" xmlns:dc="http://purl.org/dc/elements/1.1/" xml:id="xmd-s001-000-005-474" xml:lang="deu">
  <dc:identifier>de.wossidia.xmd-s001-000-005-474</dc:identifier>
  <isebel:purl>https://apps.wossidia.de/webapp/run/node/XMD-S001-000-005-474</isebel:purl>
  <dc:title>[5474] Untergang eines Schlosses</dc:title>
  <dc:title xml:lang="nds"/>
  <isebel:contents>
    <isebel:content xml:lang="nds">In'n Winschenhäger See is 'n Sloß annergahn. Sünd por Fräuieins up wäst, dee hebben den See verschenkt an Malchin. De Malchiner hebben dat verpacht' un von dat Geld is dat Rathuus vör bugt.</isebel:content>
  </isebel:contents>
</isebel:story>