<?xml version='1.0' encoding='UTF-8'?><isebel:story xmlns:isebel="http://www.isebel.eu/ns/isebel" xmlns:dc="http://purl.org/dc/elements/1.1/" xml:id="xmd-s001-000-007-018" xml:lang="deu">
  <dc:identifier>de.wossidia.xmd-s001-000-007-018</dc:identifier>
  <isebel:purl>https://apps.wossidia.de/webapp/run/node/XMD-S001-000-007-018</isebel:purl>
  <dc:title>[7018] Wenden</dc:title>
  <dc:title xml:lang="nds"/>
  <isebel:contents>
    <isebel:content xml:lang="nds">In Baumgarten sollen die eigentlichen Wenden wahnt hebben, naher hebben se sik in Wendörp ansiedelt.</isebel:content>
  </isebel:contents>
</isebel:story>