<?xml version='1.0' encoding='UTF-8'?><isebel:story xmlns:isebel="http://www.isebel.eu/ns/isebel" xmlns:dc="http://purl.org/dc/elements/1.1/" xml:id="xmd-s001-000-008-239" xml:lang="deu">
  <dc:identifier>de.wossidia.xmd-s001-000-008-239</dc:identifier>
  <isebel:purl>https://apps.wossidia.de/webapp/run/node/XMD-S001-000-008-239</isebel:purl>
  <dc:title>[8239] Lokalsage: Schweriner Schloss</dc:title>
  <dc:title xml:lang="deu"/>
  <isebel:contents>
    <isebel:content xml:lang="deu">Mein Vater hat erzählt, wenn das Schweriner Schloss fertig wäre, müsste das Fürstengeschlecht aussterben. Vater erklärte das so: Das Schloss werd' vom Lande gebaut und erhalten, deshalb dulde der Großherzog es nicht, dass es ganz fertig gebaut werde, sonst (wenn fertig) übergibt das Land das Schloss dem Gh.1) und der Gh. muss es dann erhalten. 

1) Großherzog</isebel:content>
  </isebel:contents>
</isebel:story>