<?xml version='1.0' encoding='UTF-8'?><isebel:story xmlns:isebel="http://www.isebel.eu/ns/isebel" xmlns:dc="http://purl.org/dc/elements/1.1/" xml:id="xmd-s001-000-001-531" xml:lang="deu">
  <dc:identifier>de.wossidia.xmd-s001-000-001-531</dc:identifier>
  <isebel:purl>https://apps.wossidia.de/webapp/run/node/XMD-S001-000-001-531</isebel:purl>
  <dc:title>[1531] Hartherziger Herr</dc:title>
  <dc:title xml:lang="deu"/>
  <isebel:contents>
    <isebel:content xml:lang="deu">Ein Arbeitsmann aus Kläzburg (Kratzeburg?) hat mir erzählt: der hat mit mir zusammengearbeitet (früher in Ted (?) s. Original) Ein Mann ist da gegangen. In dem Gang läuft eine Sau rundherum. Er geht ihr nach. Er geht in den Dornenbusch rein… da ist die Sau verschwunden. Er geht den Gang rein. Gleich voran haben drei Tonnen Gold gestanden. Er langt zu und nimmt sich was – dreimal. Als er zum vierten Mal hinlangen will, sagt die Sau: „Nicht öfter.“ Er denkt: Lang nochmal zu – facit: … da haut sie (die Sau) ihm die Finger ab. Da sagt die Sau zu ihm … „Du kannst nun nichts mehr kriegen, schick deine Frau her.“ „Nee“, sagt der Mann, „Ich wird mich schön hüten.“ „Na“, sagt die Sau, „Wenn du so klug bist, dann geh still nach Haus und komm hier nicht wieder her.“ (Die Tonnen haben gleich voran gestanden) (von Klazborg (Kratzburg?) aus ist er reingegangen) Den Gang hat H. Bradenkierl machen lassen, das ist ja der größte Menschenschinder gewesen: der hat eine Zange heiß machen lassen etc. da haben die Leute mit arbeiten müssen, bis sie sich tot geschunden haben. Mit seinen Knochen haben sie Äpfel von den Bäumen schmissen.</isebel:content>
  </isebel:contents>
</isebel:story>