<?xml version='1.0' encoding='UTF-8'?><isebel:story xmlns:isebel="http://www.isebel.eu/ns/isebel" xmlns:dc="http://purl.org/dc/elements/1.1/" xml:id="xmd-s001-000-004-670" xml:lang="deu">
  <dc:identifier>de.wossidia.xmd-s001-000-004-670</dc:identifier>
  <isebel:purl>https://apps.wossidia.de/webapp/run/node/XMD-S001-000-004-670</isebel:purl>
  <dc:title>[4670] Totenmesse</dc:title>
  <dc:title xml:lang="deu"/>
  <isebel:contents>
    <isebel:content xml:lang="deu">Aus Parchim is bemerkenswert eine Sage über Geistergottesdienst in St. Marien, ganz die gleiche Sage findet sich bei Bartsch, ich erinnere nur nicht, von welcher Kirche.</isebel:content>
  </isebel:contents>
</isebel:story>