<?xml version='1.0' encoding='UTF-8'?><isebel:story xmlns:isebel="http://www.isebel.eu/ns/isebel" xmlns:dc="http://purl.org/dc/elements/1.1/" xml:id="xmd-s001-000-004-032" xml:lang="deu">
  <dc:identifier>de.wossidia.xmd-s001-000-004-032</dc:identifier>
  <isebel:purl>https://apps.wossidia.de/webapp/run/node/XMD-S001-000-004-032</isebel:purl>
  <dc:title>[4032] Des Gälknoekers Aussehen und Benehmen und bes. Fähigkeiten</dc:title>
  <dc:title xml:lang="nds"/>
  <isebel:contents>
    <isebel:content xml:lang="nds">Gelenkt is he dull wäst. Lopen un springen hett he dull künnt.</isebel:content>
  </isebel:contents>
  <isebel:places>
    <isebel:place id="3164">
      <dc:title>Wustrow</dc:title>
      <isebel:point>
        <datacite:pointLatitude xmlns:datacite="http://datacite.org/schema/kernel-4">54.34823</datacite:pointLatitude>
        <datacite:pointLongitude xmlns:datacite="http://datacite.org/schema/kernel-4">12.39806</datacite:pointLongitude>
      </isebel:point>
      <isebel:role>narration</isebel:role>
    </isebel:place>
  </isebel:places>
  <isebel:persons>
    <isebel:person id="10002887">
      <isebel:name>Horn</isebel:name>
      <isebel:role>narrator</isebel:role>
      <isebel:livingPlace id="12665">
        <dc:title>Blankenhagen</dc:title>
        <isebel:point>
          <datacite:pointLatitude xmlns:datacite="http://datacite.org/schema/kernel-4">54.16933</datacite:pointLatitude>
          <datacite:pointLongitude xmlns:datacite="http://datacite.org/schema/kernel-4">12.34194</datacite:pointLongitude>
        </isebel:point>
      </isebel:livingPlace>
    </isebel:person>
  </isebel:persons>
  <isebel:events>
    <isebel:event id="990011931">
      <isebel:date>1924-05-16</isebel:date>
      <isebel:role>narration</isebel:role>
    </isebel:event>
  </isebel:events>
</isebel:story>