<?xml version='1.0' encoding='UTF-8'?><isebel:story xmlns:isebel="http://www.isebel.eu/ns/isebel" xmlns:dc="http://purl.org/dc/elements/1.1/" xml:id="xmd-s001-000-008-271" xml:lang="deu">
  <dc:identifier>de.wossidia.xmd-s001-000-008-271</dc:identifier>
  <isebel:purl>https://apps.wossidia.de/webapp/run/node/XMD-S001-000-008-271</isebel:purl>
  <dc:title>[8271] Glocke: nicht über die Grenzscheide</dc:title>
  <dc:title xml:lang="nds"/>
  <isebel:contents>
    <isebel:content xml:lang="nds">Alt Gaarz 
klock hebben se wegführen wullt, hebben se nich von'n kirchhof krigen künnt.</isebel:content>
  </isebel:contents>
</isebel:story>