<?xml version='1.0' encoding='UTF-8'?><isebel:story xmlns:isebel="http://www.isebel.eu/ns/isebel" xmlns:dc="http://purl.org/dc/elements/1.1/" xml:id="xmd-s001-000-007-465" xml:lang="deu">
  <dc:identifier>de.wossidia.xmd-s001-000-007-465</dc:identifier>
  <isebel:purl>https://apps.wossidia.de/webapp/run/node/XMD-S001-000-007-465</isebel:purl>
  <dc:title>[7465] Räuber / hausen</dc:title>
  <dc:title xml:lang="nds"/>
  <isebel:contents>
    <isebel:content xml:lang="nds">Neukloster: 
In dat Gebirg' bi'n Kloster bi'n Galgenbarg, wo dei deip Graben is, is tau ollen Tiden 'ne Röwerbann' wen. Dei hett mal dei Frugens von'n Kloster bi'n Waschen dei Wäsch stahlen. Dei Barg is naher innahmen worn. Dor is väl in funnen worn. Min Mann hett mi dat vertellt.</isebel:content>
  </isebel:contents>
</isebel:story>