<?xml version='1.0' encoding='UTF-8'?><isebel:story xmlns:isebel="http://www.isebel.eu/ns/isebel" xmlns:dc="http://purl.org/dc/elements/1.1/" xml:id="xmd-s001-000-006-133" xml:lang="deu">
  <dc:identifier>de.wossidia.xmd-s001-000-006-133</dc:identifier>
  <isebel:purl>https://apps.wossidia.de/webapp/run/node/XMD-S001-000-006-133</isebel:purl>
  <dc:title>[6133] Lehrjunge</dc:title>
  <dc:title xml:lang="nds"/>
  <isebel:contents>
    <isebel:content xml:lang="nds">grot klock hett 'n lihrjung gaten, stött 'n hahn apen; hett son schönen ton. jung is ut't schallock stött. schad' is, pad'is , dat de l.1) doot is. 

1) lihrjung</isebel:content>
  </isebel:contents>
</isebel:story>