<?xml version='1.0' encoding='UTF-8'?><isebel:story xmlns:isebel="http://www.isebel.eu/ns/isebel" xmlns:dc="http://purl.org/dc/elements/1.1/" xml:id="xmd-s001-000-006-172" xml:lang="deu">
  <dc:identifier>de.wossidia.xmd-s001-000-006-172</dc:identifier>
  <isebel:purl>https://apps.wossidia.de/webapp/run/node/XMD-S001-000-006-172</isebel:purl>
  <dc:title>[6172] Untergang einer Stadt bei Moraas</dc:title>
  <dc:title xml:lang="nds"/>
  <isebel:contents>
    <isebel:content xml:lang="nds">Moraas - Jahnkenstadt.
Dor sall 'ne Stadt wäst sin, seggen de Ollen jo, sall ünnergahn sien.</isebel:content>
  </isebel:contents>
</isebel:story>