<?xml version='1.0' encoding='UTF-8'?><isebel:story xmlns:isebel="http://www.isebel.eu/ns/isebel" xmlns:dc="http://purl.org/dc/elements/1.1/" xml:id="xmd-s001-000-004-954" xml:lang="deu">
  <dc:identifier>de.wossidia.xmd-s001-000-004-954</dc:identifier>
  <isebel:purl>https://apps.wossidia.de/webapp/run/node/XMD-S001-000-004-954</isebel:purl>
  <dc:title>[4954] Wiederkehr / Gelübde</dc:title>
  <dc:title xml:lang="nds"/>
  <isebel:contents>
    <isebel:content xml:lang="nds">Min vadder sin mudder, grm.1) hett lüs' hatt. De hett secht, wenn se de lüs' los würd, wull se 2 dahler up 'n altor leggen...... is doröwer wegstorben // is ümmer wkamen2) 'n Lüdershäger preester (bi Krakow) hett secht: se süllen ehr fragen // Krischan, lech 2 daler hen //  facit // dor is se nich w.3) kamen. 

1) grossmmudder 
2) wedderkamen 
3) wedder.</isebel:content>
  </isebel:contents>
</isebel:story>