<?xml version='1.0' encoding='UTF-8'?><isebel:story xmlns:isebel="http://www.isebel.eu/ns/isebel" xmlns:dc="http://purl.org/dc/elements/1.1/" xml:id="xmd-s001-000-008-437" xml:lang="deu">
  <dc:identifier>de.wossidia.xmd-s001-000-008-437</dc:identifier>
  <isebel:purl>https://apps.wossidia.de/webapp/run/node/XMD-S001-000-008-437</isebel:purl>
  <dc:title>[8437] Gang / Schatz</dc:title>
  <dc:title xml:lang="nds"/>
  <isebel:contents>
    <isebel:content xml:lang="nds">Kratzeburg. 
von Krazborg na Weisdin sall 'n ünnerierdschen Gang gahn. (Rachow hett vertellt Rachow ipse). 
In Krazborg is een in den Gang rinwäst. Dor hebben Piersädels in wäst (ss.) un Lanzen un all so wat, un ne Klock is dor ok in wäst, dee hett gahn. Dor hett he sik so dull verfiert, den drüdden Dag is he doot wäst. 'n Rosenbusch hett dor stahn bi den Ingang von den Gang.</isebel:content>
  </isebel:contents>
</isebel:story>