<?xml version='1.0' encoding='UTF-8'?><isebel:story xmlns:isebel="http://www.isebel.eu/ns/isebel" xmlns:dc="http://purl.org/dc/elements/1.1/" xml:id="xmd-s001-000-009-731" xml:lang="deu">
  <dc:identifier>de.wossidia.xmd-s001-000-009-731</dc:identifier>
  <isebel:purl>https://apps.wossidia.de/webapp/run/node/XMD-S001-000-009-731</isebel:purl>
  <dc:title>[9731] Geldfeuer: Kohlen auf Pfeife</dc:title>
  <dc:title xml:lang="nds"/>
  <isebel:contents>
    <isebel:content xml:lang="nds">grvadder1) is 17 johr wäst, hett in Picher pier hött. hett 'n ollen ohm hatt, dee hett so giern smöken mücht. wenn se den taback gäben hebben, is he nachts rümgahn un hett uppasst. Dee is ankamen un hett secht: Äben is hier füer wäst, ik wull min piep anstäken, wull nich angahn. Se gahn annern morgent hen. dor hebben so väl kahlen, as he nahmen hett, so väl gullen hebben dor lägen. 

1) großvadder</isebel:content>
  </isebel:contents>
</isebel:story>