<?xml version='1.0' encoding='UTF-8'?><isebel:story xmlns:isebel="http://www.isebel.eu/ns/isebel" xmlns:dc="http://purl.org/dc/elements/1.1/" xml:id="xmd-s001-000-009-938" xml:lang="deu">
  <dc:identifier>de.wossidia.xmd-s001-000-009-938</dc:identifier>
  <isebel:purl>https://apps.wossidia.de/webapp/run/node/XMD-S001-000-009-938</isebel:purl>
  <dc:title>[9938] Tote: Wiederkehr / Totenhemd</dc:title>
  <dc:title xml:lang="nds"/>
  <isebel:contents>
    <isebel:content xml:lang="nds">'n fru storben in Lichtenbarg, dee is ümmer so flitig wäst un hätt so väl spunnen. Öwer se hebben ehr keen god' hemd antotrecken gäben. Dee is ümmer wedderkamen un hett secht, as ik noch so lange satt, Kiek, wat vorn kort hemd is dat.</isebel:content>
  </isebel:contents>
</isebel:story>