<?xml version='1.0' encoding='UTF-8'?><isebel:story xmlns:isebel="http://www.isebel.eu/ns/isebel" xmlns:dc="http://purl.org/dc/elements/1.1/" xml:id="xmd-s001-000-004-909" xml:lang="deu">
  <dc:identifier>de.wossidia.xmd-s001-000-004-909</dc:identifier>
  <isebel:purl>https://apps.wossidia.de/webapp/run/node/XMD-S001-000-004-909</isebel:purl>
  <dc:title>[4909] Spuk</dc:title>
  <dc:title xml:lang="nds"/>
  <isebel:contents>
    <isebel:content xml:lang="nds">holters hebben 'n groten herrn sehn ohne kopp. hett 'ne uniform anhatt, dee hebben se nich kennt. 
(ob bei sb.1) oder klst.2) non certo scit.) 

1) schloßberg
2) klootsteen</isebel:content>
  </isebel:contents>
</isebel:story>