<?xml version='1.0' encoding='UTF-8'?><isebel:story xmlns:isebel="http://www.isebel.eu/ns/isebel" xmlns:dc="http://purl.org/dc/elements/1.1/" xml:id="xmd-s001-000-001-102" xml:lang="deu">
  <dc:identifier>de.wossidia.xmd-s001-000-001-102</dc:identifier>
  <isebel:purl>https://apps.wossidia.de/webapp/run/node/XMD-S001-000-001-102</isebel:purl>
  <dc:title>[1102] Frevelsagen</dc:title>
  <dc:title xml:lang="nds"/>
  <isebel:contents>
    <isebel:content xml:lang="nds">az unse Herr Christus up sinen gang nah golgatha west is, lehnt hei sik, üm en beten to rauhgen, mit sin krüz an enen juden sin' hus, wat dei jud jedoch, wie hei dit to seihn kriegt, unner fluchen un schimpen em verwehren deiht. dunn seggt unse herr christus: "wil du mi dei rast hest verwehrt, sast du as ewige jud ohne rast un rauh up dei ird ümher spannern, bet an den jüngsten dag".</isebel:content>
  </isebel:contents>
  <isebel:places>
    <isebel:place id="20846">
      <dc:title>Pinnow</dc:title>
      <isebel:role>narration</isebel:role>
    </isebel:place>
  </isebel:places>
  <isebel:persons>
    <isebel:person id="10005759">
      <isebel:name>Fritz Schack</isebel:name>
      <isebel:gender>Herr</isebel:gender>
      <isebel:role>contributor</isebel:role>
      <isebel:role>narrator</isebel:role>
      <isebel:profession>Maler</isebel:profession>
    </isebel:person>
  </isebel:persons>
</isebel:story>