<?xml version='1.0' encoding='UTF-8'?><isebel:story xmlns:isebel="http://www.isebel.eu/ns/isebel" xmlns:dc="http://purl.org/dc/elements/1.1/" xml:id="xmd-s001-000-004-914" xml:lang="deu">
  <dc:identifier>de.wossidia.xmd-s001-000-004-914</dc:identifier>
  <isebel:purl>https://apps.wossidia.de/webapp/run/node/XMD-S001-000-004-914</isebel:purl>
  <dc:title>[4914] Soldaten</dc:title>
  <dc:title xml:lang="nds"/>
  <isebel:contents>
    <isebel:content xml:lang="nds">Bi'n preesterbarg plückten ick un de oll Bünger as jungens eens ierbeeren, dor wir mit'n mal de beste musik to hüren as wenn een 'ne trumpet blast. wi löpen weg as jungens dohn.</isebel:content>
  </isebel:contents>
</isebel:story>