<?xml version='1.0' encoding='UTF-8'?><isebel:story xmlns:isebel="http://www.isebel.eu/ns/isebel" xmlns:dc="http://purl.org/dc/elements/1.1/" xml:id="xmd-s001-000-009-342" xml:lang="deu">
  <dc:identifier>de.wossidia.xmd-s001-000-009-342</dc:identifier>
  <isebel:purl>https://apps.wossidia.de/webapp/run/node/XMD-S001-000-009-342</isebel:purl>
  <dc:title>[9342] Raubritter: kämpfen miteinander</dc:title>
  <dc:title xml:lang="deu"/>
  <isebel:contents>
    <isebel:content xml:lang="deu">Raubritter Lidolf von Carlow soll in steter Fehde mit Ritter Johann von Gadebusch gest. h.1) 

1) gestanden haben</isebel:content>
  </isebel:contents>
  <isebel:places>
    <isebel:place id="415">
      <dc:title>Carlow</dc:title>
      <isebel:point>
        <datacite:pointLatitude xmlns:datacite="http://datacite.org/schema/kernel-4">53.75931</datacite:pointLatitude>
        <datacite:pointLongitude xmlns:datacite="http://datacite.org/schema/kernel-4">10.93696</datacite:pointLongitude>
      </isebel:point>
      <isebel:role>narration</isebel:role>
    </isebel:place>
  </isebel:places>
  <isebel:persons>
    <isebel:person id="10000382">
      <isebel:name>Beckmann</isebel:name>
      <isebel:role>narrator</isebel:role>
      <isebel:profession>Seminarist</isebel:profession>
    </isebel:person>
  </isebel:persons>
  <isebel:events>
    <isebel:event id="990008067">
      <isebel:date>1913-01-01</isebel:date>
      <isebel:role>narration</isebel:role>
    </isebel:event>
  </isebel:events>
</isebel:story>