<?xml version='1.0' encoding='UTF-8'?><isebel:story xmlns:isebel="http://www.isebel.eu/ns/isebel" xmlns:dc="http://purl.org/dc/elements/1.1/" xml:id="xmd-s001-000-006-649" xml:lang="deu">
  <dc:identifier>de.wossidia.xmd-s001-000-006-649</dc:identifier>
  <isebel:purl>https://apps.wossidia.de/webapp/run/node/XMD-S001-000-006-649</isebel:purl>
  <dc:title>[6649] Störtebecker - Gödecke Micheel</dc:title>
  <dc:title xml:lang="deu"/>
  <isebel:contents>
    <isebel:content xml:lang="deu">Mein "alter Mann", früherer Seefahrer, gebürtig aus Wustrow a/Fischland, weiß über die Gefangennahme Störtebeckers Folgendes zu berichten Störtebecker und Gödemich. fahren von Hamburg die Elbe abwärts, dem Meere zu. Sie treffen unterwegs ein Fischerboot mit 2 Fischern, die St. bitten, sie eine Strecke in's Schlepptau zu nehmen. St. sagt zu. Die Fischer, die wissen, mit wem sie zu thun haben, machen ein Feuer im Boot an, angeblich, um sich zu wärmen. Sie fangen aber an, Blei zu schmelzen und gießen dieses in die Ruderschmiegen (Öfen) von St.'s Schiff. Das Ruder sitzt fest, das Schiff wird steuerlos und kommt auf Strand. St. und G. werden beide gefangen genommen.</isebel:content>
  </isebel:contents>
</isebel:story>