<?xml version='1.0' encoding='UTF-8'?><isebel:story xmlns:isebel="http://www.isebel.eu/ns/isebel" xmlns:dc="http://purl.org/dc/elements/1.1/" xml:id="xmd-s001-000-002-095" xml:lang="deu">
  <dc:identifier>de.wossidia.xmd-s001-000-002-095</dc:identifier>
  <isebel:purl>https://apps.wossidia.de/webapp/run/node/XMD-S001-000-002-095</isebel:purl>
  <dc:title>[2095] Totenmesse</dc:title>
  <dc:title xml:lang="nds"/>
  <isebel:contents>
    <isebel:content xml:lang="nds">In de Nistädter Kirch (Marien) is Frühprädigt wäst: de Dammer Preester hett se afhollen. Nu is een Fru nachts ihrer upstahn // dee hett dat so anhürt as wenn de Klocken gahn hebben. Se denkt, dat is Frühkirch un geiht hen. De ganze Kirch is hell un dor sitten luter so'n dee lang doot sünd. De een Nawersch hett ehr anstött (seggt hett se nichts) seggen koenen jo wol de Doden nicks // Dor is se rutgahn // De Kirchendör is toslahn un hett 'n Stück von ehren Mantel afräten. Naher is keen Frühprädigt wedder wäst // De Doden hebben ehr Prädigt vör sik hebben wullt.</isebel:content>
  </isebel:contents>
</isebel:story>