<?xml version='1.0' encoding='UTF-8'?><isebel:story xmlns:isebel="http://www.isebel.eu/ns/isebel" xmlns:dc="http://purl.org/dc/elements/1.1/" xml:id="xmd-s001-000-007-542" xml:lang="deu">
  <dc:identifier>de.wossidia.xmd-s001-000-007-542</dc:identifier>
  <isebel:purl>https://apps.wossidia.de/webapp/run/node/XMD-S001-000-007-542</isebel:purl>
  <dc:title>[7542] Ewig leben</dc:title>
  <dc:title xml:lang="nds"/>
  <isebel:contents>
    <isebel:content xml:lang="nds">Seefohrer // achter’t Altor in London // alle Nij.M.&lt;ref> Nijohrs-Morgen&lt;/ref> sall se uprichten: "O, Stadt London, stehst du noch, ich armer Sünder lebe noch."</isebel:content>
  </isebel:contents>
</isebel:story>