<?xml version='1.0' encoding='UTF-8'?><isebel:story xmlns:isebel="http://www.isebel.eu/ns/isebel" xmlns:dc="http://purl.org/dc/elements/1.1/" xml:id="xmd-s001-000-008-635" xml:lang="deu">
  <dc:identifier>de.wossidia.xmd-s001-000-008-635</dc:identifier>
  <isebel:purl>https://apps.wossidia.de/webapp/run/node/XMD-S001-000-008-635</isebel:purl>
  <dc:title>[8635] Schatz: Geld brennen</dc:title>
  <dc:title xml:lang="nds"/>
  <isebel:contents>
    <isebel:content xml:lang="nds">Meine Großmutter erzählte: 
Bie mien Öllern in Kogel deinte eins ein Knecht, dei müßte einmal pur Pier wegbringen. Donn seig hei Geld brennen, ordlich mit sonn hübsche lilla Farw. Süh, denkt hei, dor kannst du jo uns' lütt Diern bäten von mitnähmen, denn hei dacht, datt wiern son'n glummende Pockenstäul. Hei springt aff und stickt sick ein bäten in de Tasch. As hei tau Hus kümmt, hett hei twei swedsche Dahler in de Tasch. Hei halte datt Geld äwer nich. Nahier hädt dei Schult von dat Dörp sick datt Geld halt, hei hett datt von de Stär rakt, wo datt lägen hett und don harr jo dei Erdgeist kein Macht mihr dor äwer. Dei Schult is äwerst doch lang krank west nahier und datt kümmt woll dorvon, datt dei Bös em tau väl vörmakt hett, as hei denn Schatz haben hett.</isebel:content>
  </isebel:contents>
</isebel:story>