<?xml version='1.0' encoding='UTF-8'?><isebel:story xmlns:isebel="http://www.isebel.eu/ns/isebel" xmlns:dc="http://purl.org/dc/elements/1.1/" xml:id="xmd-s001-000-005-105" xml:lang="deu">
  <dc:identifier>de.wossidia.xmd-s001-000-005-105</dc:identifier>
  <isebel:purl>https://apps.wossidia.de/webapp/run/node/XMD-S001-000-005-105</isebel:purl>
  <dc:title>[5105] Scheidengänger</dc:title>
  <dc:title xml:lang="nds"/>
  <isebel:contents>
    <isebel:content xml:lang="nds">scheidengänger twischen Eick (Eickhof?) un Gr.Labenz an L.1) Görnow sched (de 3 scheiten stöten dor baben tosam), soelen 'n por herren sin, hebben unrichtig sworen. Sünd pachtschepers wäst. En knecht hett in hütt lägen // dies ist die rechte scheid // hett ne blag büx un 'n blagen rock an. Vertellt dat ümmer. Wat kümmt hier na rut? He kümmt gor nich na de hörten rin (de schg.2) lett em nich rin wiel he dat vertellt hett) Secht: he geit nich wedder hen. Geit de scheper mit. Möt mit schap vörangahn. Hisst de scheper an dor gahn de schap ran. Öwer wenn de knecht ran will, kann he nich ran. Dor secht de scheper to em: he sall ropen laten wat ropen deit. Lett dat vertellent wäsen, dor hett he ok rinkamen künnt na de hörten. 

1) Lütten. 
2) scheidengänger.</isebel:content>
  </isebel:contents>
  <isebel:places>
    <isebel:place id="1382">
      <dc:title>Klein Görnow</dc:title>
      <isebel:point>
        <datacite:pointLatitude xmlns:datacite="http://datacite.org/schema/kernel-4">53.75738</datacite:pointLatitude>
        <datacite:pointLongitude xmlns:datacite="http://datacite.org/schema/kernel-4">11.80280</datacite:pointLongitude>
      </isebel:point>
      <isebel:role>narration</isebel:role>
    </isebel:place>
    <isebel:place id="13074">
      <dc:title>Groß Labenz</dc:title>
      <dc:title>Labenz</dc:title>
      <isebel:point>
        <datacite:pointLatitude xmlns:datacite="http://datacite.org/schema/kernel-4">53.78016</datacite:pointLatitude>
        <datacite:pointLongitude xmlns:datacite="http://datacite.org/schema/kernel-4">11.77586</datacite:pointLongitude>
      </isebel:point>
      <isebel:role>action</isebel:role>
    </isebel:place>
    <isebel:place id="622">
      <dc:title>Eickhof</dc:title>
      <isebel:point>
        <datacite:pointLatitude xmlns:datacite="http://datacite.org/schema/kernel-4">53.78405</datacite:pointLatitude>
        <datacite:pointLongitude xmlns:datacite="http://datacite.org/schema/kernel-4">11.83724</datacite:pointLongitude>
      </isebel:point>
      <isebel:role>action</isebel:role>
    </isebel:place>
    <isebel:place id="1382">
      <dc:title>Klein Görnow</dc:title>
      <isebel:point>
        <datacite:pointLatitude xmlns:datacite="http://datacite.org/schema/kernel-4">53.75738</datacite:pointLatitude>
        <datacite:pointLongitude xmlns:datacite="http://datacite.org/schema/kernel-4">11.80280</datacite:pointLongitude>
      </isebel:point>
      <isebel:role>action</isebel:role>
    </isebel:place>
  </isebel:places>
  <isebel:persons>
    <isebel:person id="10007832">
      <isebel:name>"Fiken" Ziegler</isebel:name>
      <isebel:role>narrator</isebel:role>
    </isebel:person>
  </isebel:persons>
  <isebel:events>
    <isebel:event id="990011455">
      <isebel:date>1912-10-05</isebel:date>
      <isebel:role>narration</isebel:role>
    </isebel:event>
  </isebel:events>
</isebel:story>