<?xml version='1.0' encoding='UTF-8'?><isebel:story xmlns:isebel="http://www.isebel.eu/ns/isebel" xmlns:dc="http://purl.org/dc/elements/1.1/" xml:id="xmd-s001-000-004-016" xml:lang="deu">
  <dc:identifier>de.wossidia.xmd-s001-000-004-016</dc:identifier>
  <isebel:purl>https://apps.wossidia.de/webapp/run/node/XMD-S001-000-004-016</isebel:purl>
  <dc:title>[4016] Des Gälknoekers Aussehen und Benehmen</dc:title>
  <dc:title xml:lang="nds"/>
  <isebel:contents>
    <isebel:content xml:lang="nds">﻿Ik heff deent bi Zander un Brüdigam in Blankenhagen. 
En Jung, wo ik mit deenen ded, bäten gäl sehg he ut. Ne grote Näs' hadd he. Dor säden wi ümmer Gälknoeker.</isebel:content>
  </isebel:contents>
</isebel:story>