<?xml version='1.0' encoding='UTF-8'?><isebel:story xmlns:isebel="http://www.isebel.eu/ns/isebel" xmlns:dc="http://purl.org/dc/elements/1.1/" xml:id="xmd-s001-000-009-638" xml:lang="deu">
  <dc:identifier>de.wossidia.xmd-s001-000-009-638</dc:identifier>
  <isebel:purl>https://apps.wossidia.de/webapp/run/node/XMD-S001-000-009-638</isebel:purl>
  <dc:title>[9638] Berg: non movere / heilige Berge</dc:title>
  <dc:title xml:lang="nds"/>
  <isebel:contents>
    <isebel:content xml:lang="nds">in'n bützebarg sall ok 'n sloss wäst sin, den barg dörf keener wegnähmen.</isebel:content>
  </isebel:contents>
</isebel:story>