<?xml version='1.0' encoding='UTF-8'?><isebel:story xmlns:isebel="http://www.isebel.eu/ns/isebel" xmlns:dc="http://purl.org/dc/elements/1.1/" xml:id="xmd-s001-000-002-629" xml:lang="deu">
  <dc:identifier>de.wossidia.xmd-s001-000-002-629</dc:identifier>
  <isebel:purl>https://apps.wossidia.de/webapp/run/node/XMD-S001-000-002-629</isebel:purl>
  <dc:title>[2629] Franzosen</dc:title>
  <dc:title xml:lang="nds"/>
  <isebel:contents>
    <isebel:content xml:lang="nds">Un een Flagg in Timmendörp, (früher hadden se jo son grot Backeltrög') (dat hett de oll vadder Hass mi vertellt, als ik 17 Johr alt wir) In son groten Backeltrogg is 'n Franzos in liggen gahn, de Dachlöhner (dat is 'n allen Mann wäst) hett em weigen müsst un ok dorbi singen. Dor hett de Oll ümmer sungen: "wer weit, wi dit noch kümmt, dideldümm, wer weit, wo dit noch kümmt." Toletzt kümmt de Leutnant. De fragt jo, wat he maken ded. Ja, ik möt em weegen un ok wat vörsingen. Dor hett de Franzos Straf krägen, dorüm hett de oll dat wol sungen: wer weit......</isebel:content>
  </isebel:contents>
  <isebel:places>
    <isebel:place id="12275">
      <dc:title>Kirchdorf auf Poel</dc:title>
      <isebel:point>
        <datacite:pointLatitude xmlns:datacite="http://datacite.org/schema/kernel-4">53.99821</datacite:pointLatitude>
        <datacite:pointLongitude xmlns:datacite="http://datacite.org/schema/kernel-4">11.43834</datacite:pointLongitude>
      </isebel:point>
      <isebel:role>narration</isebel:role>
    </isebel:place>
  </isebel:places>
  <isebel:persons>
    <isebel:person id="10002330">
      <isebel:name>Haacker</isebel:name>
      <isebel:gender>Frau</isebel:gender>
      <isebel:role>narrator</isebel:role>
    </isebel:person>
  </isebel:persons>
  <isebel:events>
    <isebel:event id="990010938">
      <isebel:date>1927-07-14</isebel:date>
      <isebel:role>narration</isebel:role>
    </isebel:event>
  </isebel:events>
</isebel:story>