<?xml version='1.0' encoding='UTF-8'?><isebel:story xmlns:isebel="http://www.isebel.eu/ns/isebel" xmlns:dc="http://purl.org/dc/elements/1.1/" xml:id="xmd-s001-000-003-875" xml:lang="deu">
  <dc:identifier>de.wossidia.xmd-s001-000-003-875</dc:identifier>
  <isebel:purl>https://apps.wossidia.de/webapp/run/node/XMD-S001-000-003-875</isebel:purl>
  <dc:title>[3875] Kahn</dc:title>
  <dc:title xml:lang="nds"/>
  <isebel:contents>
    <isebel:content xml:lang="nds">Bi de ihrsten Ecken, wo de Dörchfohrt is (in der Müritz) is een rupkamen in'n Fischerkahn. De Kahn is so swer worden, dat he binah Water nahmen hett</isebel:content>
  </isebel:contents>
  <isebel:places>
    <isebel:place id="2379">
      <dc:title>Röbel/Müritz</dc:title>
      <dc:title>Röbel</dc:title>
      <isebel:point>
        <datacite:pointLatitude xmlns:datacite="http://datacite.org/schema/kernel-4">53.37545</datacite:pointLatitude>
        <datacite:pointLongitude xmlns:datacite="http://datacite.org/schema/kernel-4">12.60559</datacite:pointLongitude>
      </isebel:point>
      <isebel:role>narration</isebel:role>
    </isebel:place>
  </isebel:places>
  <isebel:persons>
    <isebel:person id="10002947">
      <isebel:name>Ihde</isebel:name>
      <isebel:gender>Herr</isebel:gender>
      <isebel:role>narrator</isebel:role>
      <isebel:profession>Fischer</isebel:profession>
      <isebel:livingPlace id="2379">
        <dc:title>Röbel/Müritz</dc:title>
        <isebel:point>
          <datacite:pointLatitude xmlns:datacite="http://datacite.org/schema/kernel-4">53.37545</datacite:pointLatitude>
          <datacite:pointLongitude xmlns:datacite="http://datacite.org/schema/kernel-4">12.60559</datacite:pointLongitude>
        </isebel:point>
      </isebel:livingPlace>
    </isebel:person>
  </isebel:persons>
  <isebel:events>
    <isebel:event id="990011966">
      <isebel:date>1926-12-13</isebel:date>
      <isebel:role>narration</isebel:role>
    </isebel:event>
  </isebel:events>
</isebel:story>