<?xml version='1.0' encoding='UTF-8'?><isebel:story xmlns:isebel="http://www.isebel.eu/ns/isebel" xmlns:dc="http://purl.org/dc/elements/1.1/" xml:id="xmd-s001-000-007-885" xml:lang="deu">
  <dc:identifier>de.wossidia.xmd-s001-000-007-885</dc:identifier>
  <isebel:purl>https://apps.wossidia.de/webapp/run/node/XMD-S001-000-007-885</isebel:purl>
  <dc:title>[7885] Räuber raubt Neugeborenes</dc:title>
  <dc:title xml:lang="nds"/>
  <isebel:contents>
    <isebel:content xml:lang="nds">rhm.1) (ubi nescit), hett 'n neugeboren kind rowt. is keen spur von kamen. 

1) räuberhauptmann</isebel:content>
  </isebel:contents>
</isebel:story>