<?xml version='1.0' encoding='UTF-8'?><isebel:story xmlns:isebel="http://www.isebel.eu/ns/isebel" xmlns:dc="http://purl.org/dc/elements/1.1/" xml:id="xmd-s001-000-004-096" xml:lang="deu">
  <dc:identifier>de.wossidia.xmd-s001-000-004-096</dc:identifier>
  <isebel:purl>https://apps.wossidia.de/webapp/run/node/XMD-S001-000-004-096</isebel:purl>
  <dc:title>[4096] Petermännchen</dc:title>
  <dc:title xml:lang="nds"/>
  <isebel:contents>
    <isebel:content xml:lang="nds">Petermännchen. 
Petermännchen sall in'n Keller wahnen. Een Unteroffizier soll dor reinigen, beddmaken un utfägen. 

Reincke, 
Kamin 13.7.11</isebel:content>
  </isebel:contents>
</isebel:story>