<?xml version='1.0' encoding='UTF-8'?><isebel:story xmlns:isebel="http://www.isebel.eu/ns/isebel" xmlns:dc="http://purl.org/dc/elements/1.1/" xml:id="xmd-s001-000-008-227" xml:lang="deu">
  <dc:identifier>de.wossidia.xmd-s001-000-008-227</dc:identifier>
  <isebel:purl>https://apps.wossidia.de/webapp/run/node/XMD-S001-000-008-227</isebel:purl>
  <dc:title>[8227] Lokalsage: Wulfsahl</dc:title>
  <dc:title xml:lang="nds"/>
  <isebel:contents>
    <isebel:content xml:lang="nds">In Wulfsahl hett ein Knecht bit Pläugen einen Stein rutpläugt. Hei nimmt em un smitt em ant Äuwer. As dei Knecht inn Bett liggt, kloppt dat ant Finster un röppt, hei sall den Stein wedder an dei Stell liefern. So ok dei 2. Nacht. Dei Knecht vertellt dat sinen Herrn. Dei seggt denn Preiste dat. Dei bliwwt nachts bi denn Knecht. Dunn kloppt dat wedder un seggt dat sülbig. An ' annern Morgen geiht dei Knecht mit den Paster hen un hei leggt den Stein an de oll Städ. Dei Preiste bät noch bi den Stein. Dei Knecht schüppt dat Lock tau. Annern Morgen is dei Knecht dod.</isebel:content>
  </isebel:contents>
</isebel:story>