<?xml version='1.0' encoding='UTF-8'?><isebel:story xmlns:isebel="http://www.isebel.eu/ns/isebel" xmlns:dc="http://purl.org/dc/elements/1.1/" xml:id="xmd-s001-000-005-921" xml:lang="deu">
  <dc:identifier>de.wossidia.xmd-s001-000-005-921</dc:identifier>
  <isebel:purl>https://apps.wossidia.de/webapp/run/node/XMD-S001-000-005-921</isebel:purl>
  <dc:title>[5921] Das Dorf Dänschenburg, das früher eine Stadt gewesen sein soll</dc:title>
  <dc:title xml:lang="nds"/>
  <isebel:contents>
    <isebel:content xml:lang="nds">Oll Fru Bliemeister säd: Dänschenburg sall 'ne Stadt wäst sien, dor sall de Dän 'ne Burg hatt hebben.</isebel:content>
  </isebel:contents>
</isebel:story>