<?xml version='1.0' encoding='UTF-8'?><isebel:story xmlns:isebel="http://www.isebel.eu/ns/isebel" xmlns:dc="http://purl.org/dc/elements/1.1/" xml:id="xmd-s001-000-009-505" xml:lang="deu">
  <dc:identifier>de.wossidia.xmd-s001-000-009-505</dc:identifier>
  <isebel:purl>https://apps.wossidia.de/webapp/run/node/XMD-S001-000-009-505</isebel:purl>
  <dc:title>[9505] Berg: non movere / heilige Berge</dc:title>
  <dc:title xml:lang="deu"/>
  <isebel:contents>
    <isebel:content xml:lang="deu">Lüdershof. als sie rabandelberg fortnehmen wollen, haben sie pferde 3beinig oder ohne kopf // als fort, da wieder wie gewöhnlich.</isebel:content>
  </isebel:contents>
  <isebel:places>
    <isebel:place id="20633">
      <dc:title>Schwandt</dc:title>
      <isebel:role>narration</isebel:role>
    </isebel:place>
  </isebel:places>
  <isebel:persons>
    <isebel:person id="10001219">
      <isebel:name>Christen</isebel:name>
      <isebel:gender>Frau</isebel:gender>
      <isebel:role>narrator</isebel:role>
      <isebel:profession>Statthalterfrau</isebel:profession>
    </isebel:person>
  </isebel:persons>
  <isebel:events>
    <isebel:event id="990011235">
      <isebel:date>1912-08-04</isebel:date>
      <isebel:role>narration</isebel:role>
    </isebel:event>
  </isebel:events>
</isebel:story>