<?xml version='1.0' encoding='UTF-8'?><isebel:story xmlns:isebel="http://www.isebel.eu/ns/isebel" xmlns:dc="http://purl.org/dc/elements/1.1/" xml:id="xmd-s001-000-000-432" xml:lang="deu">
  <dc:identifier>de.wossidia.xmd-s001-000-000-432</dc:identifier>
  <isebel:purl>https://apps.wossidia.de/webapp/run/node/XMD-S001-000-000-432</isebel:purl>
  <dc:title>[432] Bestrafte Grausamkeit</dc:title>
  <dc:title xml:lang="deu"/>
  <isebel:contents>
    <isebel:content xml:lang="deu">Remplin. Kammerdiener ist Bräutigam eines Mädchens gewesen, muß heizen von Flur aus. Ahnt nicht, daß er eigene braut martert, hört Gewinsel, sie geht zur Kirche unterdess.

(Erzähler: Frau L. Cordes, Faulenrost, Kreis Malchin. Aufzeichner: Wossidlo, um 1909)</isebel:content>
  </isebel:contents>
</isebel:story>