<?xml version='1.0' encoding='UTF-8'?><isebel:story xmlns:isebel="http://www.isebel.eu/ns/isebel" xmlns:dc="http://purl.org/dc/elements/1.1/" xml:id="xmd-s001-000-001-863" xml:lang="deu">
  <dc:identifier>de.wossidia.xmd-s001-000-001-863</dc:identifier>
  <isebel:purl>https://apps.wossidia.de/webapp/run/node/XMD-S001-000-001-863</isebel:purl>
  <dc:title>[1863] Lenore</dc:title>
  <dc:title xml:lang="deu"/>
  <dc:title xml:lang="nds"/>
  <isebel:contents>
    <isebel:content xml:lang="deu">Da ist ein junger Mann gewesen, der hatte eine Braut. Auf einmal blieb der Mann tot. Die Braut ging jeden Tag zum Kirchhof und weinte. Sie ruft, er solle doch wiederkommen. Eines Abends steht sie auch an der Kirchhofmauer und weint. Da kommt der Mann auf einem weißen Schimmel angeritten und nimmt sie mit. Da sagt sie: „Liebchen graut Dir auch?“ Da sagt sie: „Du bist ja bei mir, mir kann nicht grauen. Der Mond scheint heller, die Toten reiten schneller.“ Als Mitternacht vorbei war, hat sie an der Kirchhofmauer gestanden.</isebel:content>
    <isebel:content xml:lang="nds">Dor is en jung Mann west, de harr 'ne Brut, Up einmal bliwt de Mann dot. De Brut güng jeden Dag na denn Kirchhof un weint. Se röppt, he söll doch werrerkamen. Enen Abend steiht se ok an de Kirchhofsmur un weint. Dor köm de Mann up en witten Schimmel antoriden un nehm ehr mit. Dor segt he: “Liebchen graut Dir auch?“ Donn segt se: “Du bist ja bei mir, mir kann nich grauen. Der Mond scheint heller, die Toten reiten schneller." As Middenacht vorbi wir, hett se an de Kirchhofsmur stahn.</isebel:content>
  </isebel:contents>
</isebel:story>