<?xml version='1.0' encoding='UTF-8'?><isebel:story xmlns:isebel="http://www.isebel.eu/ns/isebel" xmlns:dc="http://purl.org/dc/elements/1.1/" xml:id="xmd-s001-000-009-888" xml:lang="deu">
  <dc:identifier>de.wossidia.xmd-s001-000-009-888</dc:identifier>
  <isebel:purl>https://apps.wossidia.de/webapp/run/node/XMD-S001-000-009-888</isebel:purl>
  <dc:title>[9888] Schloss / Erwähnung</dc:title>
  <dc:title xml:lang="nds"/>
  <isebel:contents>
    <isebel:content xml:lang="nds">Malchow // Wiwerbarg. 

S. Jahrb. 32, 1867. S. (?) ff.</isebel:content>
  </isebel:contents>
</isebel:story>