<?xml version='1.0' encoding='UTF-8'?><isebel:story xmlns:isebel="http://www.isebel.eu/ns/isebel" xmlns:dc="http://purl.org/dc/elements/1.1/" xml:id="xmd-s001-000-002-038" xml:lang="deu">
  <dc:identifier>de.wossidia.xmd-s001-000-002-038</dc:identifier>
  <isebel:purl>https://apps.wossidia.de/webapp/run/node/XMD-S001-000-002-038</isebel:purl>
  <dc:title>[2038] scheintot</dc:title>
  <dc:title xml:lang="nds"/>
  <isebel:contents>
    <isebel:content xml:lang="nds">mäten blifft dood in Rambow ward begraben....... se hueren geschrich un kloppent ... maken up..... se licht uppe mag´.</isebel:content>
  </isebel:contents>
</isebel:story>