<?xml version='1.0' encoding='UTF-8'?><isebel:story xmlns:isebel="http://www.isebel.eu/ns/isebel" xmlns:dc="http://purl.org/dc/elements/1.1/" xml:id="xmd-s001-000-007-081" xml:lang="deu">
  <dc:identifier>de.wossidia.xmd-s001-000-007-081</dc:identifier>
  <isebel:purl>https://apps.wossidia.de/webapp/run/node/XMD-S001-000-007-081</isebel:purl>
  <dc:title>[7081] Glocken in Pantlitz</dc:title>
  <dc:title xml:lang="nds"/>
  <isebel:contents>
    <isebel:content xml:lang="nds">De Pantlitzer 2 klocken soelen jede 'n sülwern krön up hatt hebben. sünt ümgaten, as de kirch bugt is.</isebel:content>
  </isebel:contents>
</isebel:story>