<?xml version='1.0' encoding='UTF-8'?><isebel:story xmlns:isebel="http://www.isebel.eu/ns/isebel" xmlns:dc="http://purl.org/dc/elements/1.1/" xml:id="xmd-s001-000-009-355" xml:lang="deu">
  <dc:identifier>de.wossidia.xmd-s001-000-009-355</dc:identifier>
  <isebel:purl>https://apps.wossidia.de/webapp/run/node/XMD-S001-000-009-355</isebel:purl>
  <dc:title>[9355] Raubritter: plündern Kaufleute. Reisende etc. aus</dc:title>
  <dc:title xml:lang="nds"/>
  <isebel:contents>
    <isebel:content xml:lang="nds">In Glashagen, (dat hett uns Grvadder1) vertellt), sünd früher mihr Bäudners wäst, dee sünd nu afräten bet up dree, (Moehl un Smäd un ?) Dor hebben se Handelslüd, dee mit 'n Packen gahn sünd, utplündert up den Krüüzweg, Wendisch Rambow na Glashagen un von Kleinen na Dambeck. Se hebben Achtkannenbuttel brwien2) bi sik hebben müßt, süss hebben se nich dörchkamen künnt. 

1) Großvadder 
2) bramwien</isebel:content>
  </isebel:contents>
</isebel:story>