<?xml version='1.0' encoding='UTF-8'?><isebel:story xmlns:isebel="http://www.isebel.eu/ns/isebel" xmlns:dc="http://purl.org/dc/elements/1.1/" xml:id="xmd-s001-000-008-625" xml:lang="deu">
  <dc:identifier>de.wossidia.xmd-s001-000-008-625</dc:identifier>
  <isebel:purl>https://apps.wossidia.de/webapp/run/node/XMD-S001-000-008-625</isebel:purl>
  <dc:title>[8625] Schatz: Geld brennen</dc:title>
  <dc:title xml:lang="nds"/>
  <isebel:contents>
    <isebel:content xml:lang="nds">Mudder hett deent in L. Tessin&lt;ref> Lütten Tessin&lt;/ref> (is ne Burg, hebben dree up gahn künnt). Een seggt: "Wat is dat för 'n Füer, du geihst jo midden rin
na 't Füer." De annern hebben nicks sehn.</isebel:content>
  </isebel:contents>
</isebel:story>