<?xml version='1.0' encoding='UTF-8'?><isebel:story xmlns:isebel="http://www.isebel.eu/ns/isebel" xmlns:dc="http://purl.org/dc/elements/1.1/" xml:id="xmd-s001-000-002-753" xml:lang="deu">
  <dc:identifier>de.wossidia.xmd-s001-000-002-753</dc:identifier>
  <isebel:purl>https://apps.wossidia.de/webapp/run/node/XMD-S001-000-002-753</isebel:purl>
  <dc:title>[2753] Haberlandt</dc:title>
  <dc:title xml:lang="deu"/>
  <dc:title xml:lang="nds"/>
  <isebel:contents>
    <isebel:content xml:lang="deu">Haberland hat nichts Gutes tun wollen… hat mit nackten Beinen auf Glas tanzen müssen --- Flasche zu Scherben geschlagen… die anderen haben Stiefel angehabt… bis er sich tot getanzt hat.</isebel:content>
    <isebel:content xml:lang="nds">Haberland het nich god dan wullt // het mit nakte been up glas danzen müsst..... buddel to schören slagen..... de annern hebben stäwel an hatt..... bet he sik dod danzt het.</isebel:content>
  </isebel:contents>
  <isebel:places>
    <isebel:place id="2988">
      <dc:title>Waren</dc:title>
      <dc:title>Waren/Müritz</dc:title>
      <isebel:point>
        <datacite:pointLatitude xmlns:datacite="http://datacite.org/schema/kernel-4">53.51434</datacite:pointLatitude>
        <datacite:pointLongitude xmlns:datacite="http://datacite.org/schema/kernel-4">12.68948</datacite:pointLongitude>
      </isebel:point>
      <isebel:role>narration</isebel:role>
    </isebel:place>
  </isebel:places>
  <isebel:persons>
    <isebel:person id="10007465">
      <isebel:name>Westen</isebel:name>
      <isebel:gender>Frau</isebel:gender>
      <isebel:role>narrator</isebel:role>
      <isebel:livingPlace id="2988">
        <dc:title>Waren</dc:title>
        <isebel:point>
          <datacite:pointLatitude xmlns:datacite="http://datacite.org/schema/kernel-4">53.51434</datacite:pointLatitude>
          <datacite:pointLongitude xmlns:datacite="http://datacite.org/schema/kernel-4">12.68948</datacite:pointLongitude>
        </isebel:point>
      </isebel:livingPlace>
    </isebel:person>
  </isebel:persons>
  <isebel:keywords>
    <isebel:keyword id="XMD-M030-000-000-151">Tod</isebel:keyword>
    <isebel:keyword id="XMD-M030-000-000-907">tanzen</isebel:keyword>
    <isebel:keyword id="XMD-M030-000-001-194">Flasche</isebel:keyword>
    <isebel:keyword id="XMD-M030-000-001-704">Stiefel</isebel:keyword>
    <isebel:keyword id="XMD-M030-000-002-535">Glas</isebel:keyword>
    <isebel:keyword id="XMD-M030-000-005-606">Haberlandt</isebel:keyword>
  </isebel:keywords>
</isebel:story>