<?xml version='1.0' encoding='UTF-8'?><isebel:story xmlns:isebel="http://www.isebel.eu/ns/isebel" xmlns:dc="http://purl.org/dc/elements/1.1/" xml:id="xmd-s001-000-008-811" xml:lang="deu">
  <dc:identifier>de.wossidia.xmd-s001-000-008-811</dc:identifier>
  <isebel:purl>https://apps.wossidia.de/webapp/run/node/XMD-S001-000-008-811</isebel:purl>
  <dc:title>[8811] Raubritter: Erwähnung</dc:title>
  <dc:title xml:lang="deu"/>
  <isebel:contents>
    <isebel:content xml:lang="deu">Großenhof soll auch eine Raubburg gewesen sein, und soll es heute noch schrecklich im Hause spuken.

﻿</isebel:content>
  </isebel:contents>
</isebel:story>