<?xml version='1.0' encoding='UTF-8'?><isebel:story xmlns:isebel="http://www.isebel.eu/ns/isebel" xmlns:dc="http://purl.org/dc/elements/1.1/" xml:id="xmd-s001-000-006-326" xml:lang="deu">
  <dc:identifier>de.wossidia.xmd-s001-000-006-326</dc:identifier>
  <isebel:purl>https://apps.wossidia.de/webapp/run/node/XMD-S001-000-006-326</isebel:purl>
  <dc:title>[6326] Schlacht</dc:title>
  <dc:title xml:lang="nds"/>
  <isebel:contents>
    <isebel:content xml:lang="nds">oll fru Fischer-Swartenhof hett vertellt: 
Wenn man von S.1) na F.2) geit kümmt ihrst de mechelsoll, denn de rod' grund, denn de fettdannen (ca 100-150 dannen). Vörn an de kant (von S. her) direkt an den weg, steit ne dreetwält dann (3 dannen sünt in eens wussen,dor is 'n lock in); twischen de dann´ steit 'n kierl ahn kopp, hett gollen halsband uppe schullern, dat is de könig wäst, von de sweriner rebeit. mit de Strelitzer hett he fochten (de kriegspartei). bi de preisterbäk an de grenz bi't mechelsoll dicht an de grenz up Federower gebiet is de rod' grund. (De paster hett väl acker früher hatt in Federow, to mien tiet noch hadd he so väl as ne buerstell), dor sall de slacht slagen sin. (is so väl blot flaten) dorvon hett dat den nam (rod grund). De Schwerinsch könig hett sinen kopp missen müsst, dorüm steit he dor ahn kopp, dee hett verspält in de slacht. (von 7—9 wir de späuktiet, säd de oll fru). Min broder is dor eens gahn, dat is susen un brusen worden, as wenn se wedder tosamkemen.(de feinde, se hebben em, den könig, dor hen verbannt), to'n teeken, dat he de könig wäst wir, drög he den gollen halsband. 

1) Schwarzenhof
2) Federow.</isebel:content>
  </isebel:contents>
</isebel:story>