<?xml version='1.0' encoding='UTF-8'?><isebel:story xmlns:isebel="http://www.isebel.eu/ns/isebel" xmlns:dc="http://purl.org/dc/elements/1.1/" xml:id="xmd-s001-000-005-858" xml:lang="deu">
  <dc:identifier>de.wossidia.xmd-s001-000-005-858</dc:identifier>
  <isebel:purl>https://apps.wossidia.de/webapp/run/node/XMD-S001-000-005-858</isebel:purl>
  <dc:title>[5858] Untergang einer Kirche bei Karenz</dc:title>
  <dc:title xml:lang="nds"/>
  <isebel:contents>
    <isebel:content xml:lang="nds">Wenn man von Karenz na Malk geiht, rechts in dat Torfmuur sall 'ne Kirch stahn hebben, dor is goden Boden bi rüm. De Lüd hebben 't goot hatt, oewer se hebben dat noch bäter hebben wullt, dor sünd se schließlich unnergahn mit de Kirch.
En Fru hett dor Gras snäden einen Middag Klock 12, dor hebben de Klocken gahn worden, se is bang worden un na Huus lopen.</isebel:content>
  </isebel:contents>
</isebel:story>