<?xml version='1.0' encoding='UTF-8'?><isebel:story xmlns:isebel="http://www.isebel.eu/ns/isebel" xmlns:dc="http://purl.org/dc/elements/1.1/" xml:id="xmd-s001-000-009-714" xml:lang="deu">
  <dc:identifier>de.wossidia.xmd-s001-000-009-714</dc:identifier>
  <isebel:purl>https://apps.wossidia.de/webapp/run/node/XMD-S001-000-009-714</isebel:purl>
  <dc:title>[9714] Diebstahl an Toten</dc:title>
  <dc:title xml:lang="deu"/>
  <isebel:contents>
    <isebel:content xml:lang="deu">Plau: 
reicher mann in Kirche begraben --- X zieht ihm nachts gold. Ringe ab --- der auf Schimmel erscheint im Hause.</isebel:content>
  </isebel:contents>
</isebel:story>