<?xml version='1.0' encoding='UTF-8'?><isebel:story xmlns:isebel="http://www.isebel.eu/ns/isebel" xmlns:dc="http://purl.org/dc/elements/1.1/" xml:id="xmd-s001-000-006-796" xml:lang="deu">
  <dc:identifier>de.wossidia.xmd-s001-000-006-796</dc:identifier>
  <isebel:purl>https://apps.wossidia.de/webapp/run/node/XMD-S001-000-006-796</isebel:purl>
  <dc:title>[6796] Glocke für Arm und Reich</dc:title>
  <dc:title xml:lang="nds"/>
  <isebel:contents>
    <isebel:content xml:lang="nds">ogangsee ....... riken ......... 4 ochsen. 

(Original nicht auffindbar)</isebel:content>
  </isebel:contents>
</isebel:story>