<?xml version='1.0' encoding='UTF-8'?><isebel:story xmlns:isebel="http://www.isebel.eu/ns/isebel" xmlns:dc="http://purl.org/dc/elements/1.1/" xml:id="xmd-s001-000-007-062" xml:lang="deu">
  <dc:identifier>de.wossidia.xmd-s001-000-007-062</dc:identifier>
  <isebel:purl>https://apps.wossidia.de/webapp/run/node/XMD-S001-000-007-062</isebel:purl>
  <dc:title>[7062] Die Sagen von Wüstgrabow</dc:title>
  <dc:title xml:lang="deu"/>
  <isebel:contents>
    <isebel:content xml:lang="deu">Die Sagen von Wüstgrabow.
In der Nähe des heutigen Wüstgrabow findet man im Walde die geringen Überreste eines alten, ziemlich großen Bauwerks. Die Sagen, die man über dies Gemäuer erzählt, behaupten, daß es die Reste einer verfallenen Burg seien, doch berichten sie auch von einer großen Stadt, die im Grabower See versunken sei.

Die versunkene Stadt Grabow.
An der Grenze des Demminer Kreises, dort wo heute Wüstgrabow liegt, stand früher eine reiche Stadt, die man Grabow hieß. Weil die Bewohner aber durch ihren Reichtum übermütig geworden waren, so wurde sie am Johannistag mittags zwischen 12 und 1 Uhr von den Wollen das Grabowsees verschlungen. Um diese Zeit kann man alljährlich die Glocken der versunkenen Kirche ganz leise läuten hören. Nachts aber zwischen 12 un 1 Uhr wandert eine weiße Frau am See entlang, wer sie sieht, der kriegt's im Kopf.
Bei Wüstgrabow aber, am Wege nach Leuschentin, steht seit alter Zeit im Walde eine Pappel, die nicht abstirbt. Wenn sie aber umgeschlagen und aus dem Pappelholz eine Wiege gemacht wird, dann wird das erste Kind, das in der lege liegt, Grabow erlösen. Dann wird aus Wüstgrabow wieder eine Stadt Grabow werden.</isebel:content>
  </isebel:contents>
</isebel:story>