<?xml version='1.0' encoding='UTF-8'?><isebel:story xmlns:isebel="http://www.isebel.eu/ns/isebel" xmlns:dc="http://purl.org/dc/elements/1.1/" xml:id="xmd-s001-000-003-920" xml:lang="deu">
  <dc:identifier>de.wossidia.xmd-s001-000-003-920</dc:identifier>
  <isebel:purl>https://apps.wossidia.de/webapp/run/node/XMD-S001-000-003-920</isebel:purl>
  <dc:title>[3920] Ausmessen</dc:title>
  <dc:title xml:lang="nds"/>
  <isebel:contents>
    <isebel:content xml:lang="nds">Deip Woren is dreimal so deep as de Kirchturm von de Marienkirch.</isebel:content>
  </isebel:contents>
  <isebel:places>
    <isebel:place id="2988">
      <dc:title>Waren</dc:title>
      <dc:title>Waren/Müritz</dc:title>
      <isebel:point>
        <datacite:pointLatitude xmlns:datacite="http://datacite.org/schema/kernel-4">53.51434</datacite:pointLatitude>
        <datacite:pointLongitude xmlns:datacite="http://datacite.org/schema/kernel-4">12.68948</datacite:pointLongitude>
      </isebel:point>
      <isebel:role>narration</isebel:role>
    </isebel:place>
  </isebel:places>
  <isebel:persons>
    <isebel:person id="10002317">
      <isebel:name>Gutzki / Gützki</isebel:name>
      <isebel:gender>Herr</isebel:gender>
      <isebel:role>narrator</isebel:role>
      <isebel:profession>Maurer</isebel:profession>
    </isebel:person>
  </isebel:persons>
</isebel:story>