<?xml version='1.0' encoding='UTF-8'?><isebel:story xmlns:isebel="http://www.isebel.eu/ns/isebel" xmlns:dc="http://purl.org/dc/elements/1.1/" xml:id="xmd-s001-000-003-009" xml:lang="deu">
  <dc:identifier>de.wossidia.xmd-s001-000-003-009</dc:identifier>
  <isebel:purl>https://apps.wossidia.de/webapp/run/node/XMD-S001-000-003-009</isebel:purl>
  <dc:title>[3009] De Tiet is hier, de Minsch noch nich</dc:title>
  <dc:title xml:lang="nds"/>
  <isebel:contents>
    <isebel:content xml:lang="nds">In 'n Wirlschen stieg kamen poor kierls, hüren uppe anner siet von'n Melzer see up radelsuurt, röppt wat: tiet un stunn' is üm, un de minsch is noch nich hier. -- Ih, wat is dat?
Mann antolopen inn vullen draff. Se hollen em trügg. He röppt: Laat't mi doch,......... Gäwt mi doch eenen druppen natts.
Sie geben ihm zu trinken (plura nescit) un weg wir he.</isebel:content>
  </isebel:contents>
</isebel:story>