<?xml version='1.0' encoding='UTF-8'?><isebel:story xmlns:isebel="http://www.isebel.eu/ns/isebel" xmlns:dc="http://purl.org/dc/elements/1.1/" xml:id="xmd-s001-000-005-056" xml:lang="deu">
  <dc:identifier>de.wossidia.xmd-s001-000-005-056</dc:identifier>
  <isebel:purl>https://apps.wossidia.de/webapp/run/node/XMD-S001-000-005-056</isebel:purl>
  <dc:title>[5056] Untergang Gebäude</dc:title>
  <dc:title xml:lang="nds"/>
  <dc:title xml:lang="deu"/>
  <isebel:contents>
    <isebel:content xml:lang="nds">Redentin. 
Bi Redentin kömmt jedes Johr einmal nachts 'n Hus ut'n Water hoch. Dor sitt 'ne Fru in, de hett 'n ganz rod' Kled an. Sei narrt dei Fischers un anner Lüd'. Blot 'n poor Stun'n is dat Hus ümmer baben, naher is allens wedder weg.
(Nähere weiß Frau Witt nicht. Er hat die Sage von seinen Brüdern, die Fischer sind. Auch sie wissen nichts weiter.)</isebel:content>
    <isebel:content xml:lang="deu">Redentin. 
Bei Redentin kommt jedes Jahr einmal nachts ein Haus aus dem Wasser hoch. Da sitzt eine Frau drin, die hat ein ganz rotes Kleid an. Sie hält die Fischer und andere Leute zum Narren. Bloß ein paar Stunden ist das Haus immer oben, nachher ist alles wieder weg.
(Nähere weiß Frau Witt nicht. Er hat die Sage von seinen Brüdern, die Fischer sind. Auch sie wissen nichts weiter.)</isebel:content>
  </isebel:contents>
</isebel:story>