<?xml version='1.0' encoding='UTF-8'?><isebel:story xmlns:isebel="http://www.isebel.eu/ns/isebel" xmlns:dc="http://purl.org/dc/elements/1.1/" xml:id="xmd-s001-000-007-271" xml:lang="deu">
  <dc:identifier>de.wossidia.xmd-s001-000-007-271</dc:identifier>
  <isebel:purl>https://apps.wossidia.de/webapp/run/node/XMD-S001-000-007-271</isebel:purl>
  <dc:title>[7271] Frevel: Stadt Ramm</dc:title>
  <dc:title xml:lang="nds"/>
  <isebel:contents>
    <isebel:content xml:lang="nds">Ramm
Kindern Hintern gewischt mit Korn.</isebel:content>
  </isebel:contents>
</isebel:story>