<?xml version='1.0' encoding='UTF-8'?><isebel:story xmlns:isebel="http://www.isebel.eu/ns/isebel" xmlns:dc="http://purl.org/dc/elements/1.1/" xml:id="xmd-s001-000-000-273" xml:lang="deu">
  <dc:identifier>de.wossidia.xmd-s001-000-000-273</dc:identifier>
  <isebel:purl>https://apps.wossidia.de/webapp/run/node/XMD-S001-000-000-273</isebel:purl>
  <dc:title>[273] Vom Teufel geholt</dc:title>
  <dc:title xml:lang="nds"/>
  <dc:title xml:lang="deu"/>
  <isebel:contents>
    <isebel:content xml:lang="nds">Henning Bradenkierl. As he süht, ⸢dat de Kohhöder dennʼ Herzog warnt⸣ (he het ʼn Turm hatt, dorvon het he dat sehn künnt), ⸢fröggt⸣ he ⸢em⸣, worüm he dennʼ Herzog trüchstüürt. ⸢Donn⸣ lett he Füür böten ⸢un lett dennʼ Kohhöder braden.⸣ Baben up ʼn Torm is ʼne Klapp runner gahn, dor het he ⸢de Fremden⸣ rupnödigt, denn sünd se kopphäster daal gahn.

Erzähler: Kutscher Laatz, Penzlin, Kreis Waren; aus Puchow, Kreis Waren; Aufzeichner: Wossidlo, 6. 4. 1907.</isebel:content>
    <isebel:content xml:lang="deu">Henning Bradenkierl. Als er sieht, daß der Kuhhirte den Herzog warnt (er hat einen Turm gehabt, deshalb hat er das sehen können), fragt er ihn, weshalb er den Herzog zurücklenkt. Dann läßt er Feuer anzünden und läßt den Kuhhirten braten. Oben auf dem Turm ist eine Klappe nach unten gegangen, dort hinauf hat er die Fremden genötigt, dann sind sie kopfüber nach unten geschossen.</isebel:content>
  </isebel:contents>
</isebel:story>