<?xml version='1.0' encoding='UTF-8'?><isebel:story xmlns:isebel="http://www.isebel.eu/ns/isebel" xmlns:dc="http://purl.org/dc/elements/1.1/" xml:id="xmd-s001-000-008-837" xml:lang="deu">
  <dc:identifier>de.wossidia.xmd-s001-000-008-837</dc:identifier>
  <isebel:purl>https://apps.wossidia.de/webapp/run/node/XMD-S001-000-008-837</isebel:purl>
  <dc:title>[8837] Schatz: Geld brennen</dc:title>
  <dc:title xml:lang="nds"/>
  <isebel:contents>
    <isebel:content xml:lang="nds">In Deiwsbrauk Diedr.&lt;ref> Diedrichshagen&lt;/ref> / Kröpelin</isebel:content>
  </isebel:contents>
</isebel:story>