<?xml version='1.0' encoding='UTF-8'?><isebel:story xmlns:isebel="http://www.isebel.eu/ns/isebel" xmlns:dc="http://purl.org/dc/elements/1.1/" xml:id="xmd-s001-000-004-052" xml:lang="deu">
  <dc:identifier>de.wossidia.xmd-s001-000-004-052</dc:identifier>
  <isebel:purl>https://apps.wossidia.de/webapp/run/node/XMD-S001-000-004-052</isebel:purl>
  <dc:title>[4052] Verwünschte Prinzessin</dc:title>
  <dc:title xml:lang="nds"/>
  <isebel:contents>
    <isebel:content xml:lang="nds">Bi Questin up Teschow'er gebiet an de bäk is 'n sloß. Dor is 'n groten barg na Questin röwer (up'n sloß), dor stahn nu eiken up. (nomen nescit). se säden, da wier ne verwünschte prinzessin in, dee keem dor up 'n barg, hadd 'n licht in de hand, un dat wier all erleuchtt wäst, üm ehr rüm luter lichter. (nu is 't bet vergahn?)</isebel:content>
  </isebel:contents>
</isebel:story>