<?xml version='1.0' encoding='UTF-8'?><isebel:story xmlns:isebel="http://www.isebel.eu/ns/isebel" xmlns:dc="http://purl.org/dc/elements/1.1/" xml:id="xmd-s001-000-001-918" xml:lang="deu">
  <dc:identifier>de.wossidia.xmd-s001-000-001-918</dc:identifier>
  <isebel:purl>https://apps.wossidia.de/webapp/run/node/XMD-S001-000-001-918</isebel:purl>
  <dc:title>[1918] Kirche / Hand aus Grab</dc:title>
  <dc:title xml:lang="nds"/>
  <isebel:contents>
    <isebel:content xml:lang="nds">In Twiedörp leg früher ne hand unnern Altor in'ne kirch; dei sall ut ein' n sin graw wussen sin, dei bi lewdag ein öllern slagen hett. 

(Zwiedorf liegt in der Nähe von Borgfeld.)</isebel:content>
  </isebel:contents>
</isebel:story>