<?xml version='1.0' encoding='UTF-8'?><isebel:story xmlns:isebel="http://www.isebel.eu/ns/isebel" xmlns:dc="http://purl.org/dc/elements/1.1/" xml:id="xmd-s001-000-000-458" xml:lang="deu">
  <dc:identifier>de.wossidia.xmd-s001-000-000-458</dc:identifier>
  <isebel:purl>https://apps.wossidia.de/webapp/run/node/XMD-S001-000-000-458</isebel:purl>
  <dc:title>[458] Der Herr wird vom Teufel geholt</dc:title>
  <dc:title xml:lang="nds"/>
  <isebel:contents>
    <isebel:content xml:lang="nds">Hennings, dee Been, wo he den Kohhirer mit de Tähnen utstött hett, is ümmer wedderkamen. Vorn Altor sall he (Been) begraben sien toletzt. (ʼn brunsidenstrump is up wäst — Frau Feiten).

(Erzähler: Tagelöhner Feiten, ca. 75 J., Hagenow, Kreis Hagenow; aus Wendorf b. Ankershagen, Kreis Waren. Aufzeichner: Wossidlo, 7. 8. 1930)</isebel:content>
  </isebel:contents>
</isebel:story>