<?xml version='1.0' encoding='UTF-8'?><isebel:story xmlns:isebel="http://www.isebel.eu/ns/isebel" xmlns:dc="http://purl.org/dc/elements/1.1/" xml:id="xmd-s001-000-004-117" xml:lang="deu">
  <dc:identifier>de.wossidia.xmd-s001-000-004-117</dc:identifier>
  <isebel:purl>https://apps.wossidia.de/webapp/run/node/XMD-S001-000-004-117</isebel:purl>
  <dc:title>[4117] Schimmelreiter</dc:title>
  <dc:title xml:lang="deu"/>
  <isebel:contents>
    <isebel:content xml:lang="deu">Spukgesch.1) 
als Husaren des alten Fritz in Garnison in Plau lagen zur Execution, im hiesigen Schulhaus ein Gepolter etc. // ein hellsehender, einem Zwillingspaare angehörender Knabe ruft: da seht doch; ein Mann, der auf dem Schimmel reitet. Das Haus wird mit Husaren besetzt. Endlich hört der Spuk auf, man erzählt, es sei der Geist eines verstorbenen reichen Mannes der in s.2) Leben einen Schimmel zu reiten pflegte, dem habe man goldene Ringe aus dem Grabe gestohlen, und darum müsse er umgehen. 
abi: die Husaren hatten den Spuk veranstaltet. 
legi 8. 2. 1920 

1) Spukgeschichte 
2) seinem</isebel:content>
  </isebel:contents>
</isebel:story>