<?xml version='1.0' encoding='UTF-8'?><isebel:story xmlns:isebel="http://www.isebel.eu/ns/isebel" xmlns:dc="http://purl.org/dc/elements/1.1/" xml:id="xmd-s001-000-001-510" xml:lang="deu">
  <dc:identifier>de.wossidia.xmd-s001-000-001-510</dc:identifier>
  <isebel:purl>https://apps.wossidia.de/webapp/run/node/XMD-S001-000-001-510</isebel:purl>
  <dc:title>[1510] Werwolf</dc:title>
  <dc:title xml:lang="deu"/>
  <isebel:contents>
    <isebel:content xml:lang="deu">Man macht einen Werwolf wieder zum Menschen, indem man ihn beim Taufnahmen ruft: Ein Mann ging einmal zu seinem Nachbar, dessen Tochter allein zu Hause war. Sie hatte zwei Riemen, nach deren Verwendung er fragte. Ihrer Erwiderung daß ihr Vater u. ihre Mutter sich die Riemen umschnallten u. dann zu Wölfen würden, wollte er keinen Glauben schenken. Da schnallte die Tochter sich einen der Riemen um. Plötzlich stand ein Wolf vor ihm, der auf ihn eindrang. Da er sich nicht anders retten konnte, sprang er schnell die Leiter aufwärts u. gelangte auf den Boden, während der Wolf unten stand u. ihm die Zähne wies. Da rief er von oben mehrere Namen, bis er ihren Taufnahmen traf. Nun stand sie wieder als Mädchen vor ihm. Er fragte: worüm deedst du dat? Sie antwortete: O, ik lacht mi man, dat hei so bang vör mi wier.</isebel:content>
  </isebel:contents>
  <isebel:places>
    <isebel:place id="1647">
      <dc:title>Laupin</dc:title>
      <isebel:point>
        <datacite:pointLatitude xmlns:datacite="http://datacite.org/schema/kernel-4">53.25098</datacite:pointLatitude>
        <datacite:pointLongitude xmlns:datacite="http://datacite.org/schema/kernel-4">11.24449</datacite:pointLongitude>
      </isebel:point>
      <isebel:role>narration</isebel:role>
    </isebel:place>
  </isebel:places>
  <isebel:persons>
    <isebel:person id="10004995">
      <isebel:name>Ernst Pegel</isebel:name>
      <isebel:gender>Herr</isebel:gender>
      <isebel:role>contributor</isebel:role>
      <isebel:profession>Lehrer</isebel:profession>
    </isebel:person>
  </isebel:persons>
  <isebel:events>
    <isebel:event id="990008321">
      <isebel:date>1898-01-01</isebel:date>
      <isebel:role>narration</isebel:role>
    </isebel:event>
  </isebel:events>
  <isebel:keywords>
    <isebel:keyword id="XMD-M030-000-000-980">Tochter</isebel:keyword>
    <isebel:keyword id="XMD-M030-000-007-954">Name</isebel:keyword>
    <isebel:keyword id="XMD-M030-000-008-843">Riemen</isebel:keyword>
    <isebel:keyword id="XMD-M030-000-010-931">Verwandlung, Werwolf</isebel:keyword>
  </isebel:keywords>
</isebel:story>