<?xml version='1.0' encoding='UTF-8'?><isebel:story xmlns:isebel="http://www.isebel.eu/ns/isebel" xmlns:dc="http://purl.org/dc/elements/1.1/" xml:id="xmd-s001-000-007-980" xml:lang="deu">
  <dc:identifier>de.wossidia.xmd-s001-000-007-980</dc:identifier>
  <isebel:purl>https://apps.wossidia.de/webapp/run/node/XMD-S001-000-007-980</isebel:purl>
  <dc:title>[7980] Lokalsage: Penzlin / v. Maltzan</dc:title>
  <dc:title xml:lang="nds"/>
  <isebel:contents>
    <isebel:content xml:lang="nds">Bi desen (de up 'n tempelbarg licht) sinen urgrv.1) hett de galgen noch stahn. 

1) Urgroßvadder</isebel:content>
  </isebel:contents>
</isebel:story>