<?xml version='1.0' encoding='UTF-8'?><isebel:story xmlns:isebel="http://www.isebel.eu/ns/isebel" xmlns:dc="http://purl.org/dc/elements/1.1/" xml:id="xmd-s001-000-007-784" xml:lang="deu">
  <dc:identifier>de.wossidia.xmd-s001-000-007-784</dc:identifier>
  <isebel:purl>https://apps.wossidia.de/webapp/run/node/XMD-S001-000-007-784</isebel:purl>
  <dc:title>[7784] Wiederkehr / Totenhemd</dc:title>
  <dc:title xml:lang="nds"/>
  <isebel:contents>
    <isebel:content xml:lang="nds">Ihrst Fru is doot, 2. Fru spinnt. Dor kümmt de ihrst Fru vört Finster gah du to Ruh un to Rauh, kriggst doch man'n Hemd mit een Mau. Dor hett de 2. Fru ehr een Hemd neiht mit 2 Arm un dat hendragt na'n Kirchhof. Donn is se nich wedderkamen.</isebel:content>
  </isebel:contents>
</isebel:story>