<?xml version='1.0' encoding='UTF-8'?><isebel:story xmlns:isebel="http://www.isebel.eu/ns/isebel" xmlns:dc="http://purl.org/dc/elements/1.1/" xml:id="xmd-s001-000-008-896" xml:lang="deu">
  <dc:identifier>de.wossidia.xmd-s001-000-008-896</dc:identifier>
  <isebel:purl>https://apps.wossidia.de/webapp/run/node/XMD-S001-000-008-896</isebel:purl>
  <dc:title>[8896] Schatz: Geld brennen</dc:title>
  <dc:title xml:lang="nds"/>
  <isebel:contents>
    <isebel:content xml:lang="nds">Ik heff dor ümmer väl up spannt... Gegen Trebbow is de Schultensee, dor sall ümmer wat brennt hebben, dor bleben de Ollen ewig un ümmer bi.</isebel:content>
  </isebel:contents>
</isebel:story>