<?xml version='1.0' encoding='UTF-8'?><isebel:story xmlns:isebel="http://www.isebel.eu/ns/isebel" xmlns:dc="http://purl.org/dc/elements/1.1/" xml:id="xmd-s001-000-008-658" xml:lang="deu">
  <dc:identifier>de.wossidia.xmd-s001-000-008-658</dc:identifier>
  <isebel:purl>https://apps.wossidia.de/webapp/run/node/XMD-S001-000-008-658</isebel:purl>
  <dc:title>[8658] Schatz: Geld brennen</dc:title>
  <dc:title xml:lang="nds"/>
  <isebel:contents>
    <isebel:content xml:lang="nds">In' Poppentiner Kalkbarg sall wat in verborgt (=	) wäst sien, dat hett dor ümmer ganz hell brennt hebben nachts.</isebel:content>
  </isebel:contents>
</isebel:story>