<?xml version='1.0' encoding='UTF-8'?><isebel:story xmlns:isebel="http://www.isebel.eu/ns/isebel" xmlns:dc="http://purl.org/dc/elements/1.1/" xml:id="xmd-s001-000-002-786" xml:lang="deu">
  <dc:identifier>de.wossidia.xmd-s001-000-002-786</dc:identifier>
  <isebel:purl>https://apps.wossidia.de/webapp/run/node/XMD-S001-000-002-786</isebel:purl>
  <dc:title>[2786] Opfer</dc:title>
  <dc:title xml:lang="nds"/>
  <isebel:contents>
    <isebel:content xml:lang="nds">Wanzka. 
Alle 7 johr möt in'n Wannscher See een verdrinken</isebel:content>
  </isebel:contents>
</isebel:story>