<?xml version='1.0' encoding='UTF-8'?><isebel:story xmlns:isebel="http://www.isebel.eu/ns/isebel" xmlns:dc="http://purl.org/dc/elements/1.1/" xml:id="xmd-s001-000-002-257" xml:lang="deu">
  <dc:identifier>de.wossidia.xmd-s001-000-002-257</dc:identifier>
  <isebel:purl>https://apps.wossidia.de/webapp/run/node/XMD-S001-000-002-257</isebel:purl>
  <dc:title>[2257] der Tote will seine Ruhe haben</dc:title>
  <dc:title xml:lang="deu"/>
  <dc:title xml:lang="nds"/>
  <dc:title xml:lang="eng"/>
  <isebel:contents>
    <isebel:content xml:lang="deu">Ein Schafsknecht hat auf einem Hof gedient. Wenn er mal zu betrunken gewesen ist, hatte er unterwegs immer bei einem Bauern die Nacht verbracht und schlief gewöhnlich bei der alten Großmutter in der Stube. Als er einmal wieder die Nacht dableiben möchte, ist die Großmutter grad den Tag gestorben und der Bauer meinte erst, diesmal könnten sie ihn nicht übernachten lassen. Aber der Schäferknecht sagt, sie sollen ihn mal wieder in der Stube von der Großmutter schlafen lassen, er hätte sich ja, als sie noch lebte, immer ganz gut mit ihr verstanden und im Tod würden sie sich wohl auch noch vertragen. Der Schäfer schläft nun doch in der Stube, in der die Großmutter auf der Erde gebettet ist. Der Schäfer hat seinen Hund auch noch mit hineingenommen. Als der Schäfer grad im Bett liegt, sieht er, dass der Alten die rechte Hand vom Lager runter sackt. Er steht auf und legt sie wieder hinauf. Gleich darauf sackt die linke Hand runter und nicht viel später auch der Fuß. Er legt sie immer wieder zurecht. Dann sieht er, dass die Alte sich auf ihrem Lager aufrichtet. Daraufhin graust es ihm aber doch und er springt aus dem Fenster und läuft weg. Er weckt die Leute im Haus, und als sie in das Zimmer kommen, liegt die Leiche wieder auf ihrem Lager, aber der Hund wurde kurz und klein gerissen. Der Tod will seine Ruhe haben.</isebel:content>
    <isebel:content xml:lang="nds">Dor hett 'n scheperknecht up einen hof deint. wenn hei nu mal to besäupt west is, is hei unnerwegs ümmer bi einen buren dei nacht blewen un hett gewöhnlich bi de oll grossmudder in dei stuw slapen. As hei eins wedder dei nacht dorbliwen will, is dei grossmudder den dag grad 'n beten dodblewen west, un de buer meinte ihrst‚ dit mal künn hei em nich behollen. Awer dei scheperknecht seggt, sei süllen em man wedder bi grossmudder in dei stuw slapen laten, hei hadd sick jo in ehren leben jo ümmer ganz gaud mit grossmudder verdrägen un in'n dod würd grossmudder sick ok woll mit em verdrägen. Dei scheper slöppt jo nu wedder in dei stuw, wo grossmudder in ehren dod up'n lager up'e ird liggt. Dei scheper hett sinen hund ok noch mit rinner nahmen. As dei scheper eben in'n bed liggt, süht hei, dat dei ollsch ehr rechte hand von't lager runner sackt. Hei steiht up un leggt sei wedder rup. Gliek dorup sackte dei linke hand un nich lang naher ok ein faut von't lager run. Hei leggt ehr ümmer wedder torecht. Dunn süht hei, dat dei öllsch sick up ehr lager uprichten deiht. Dunn ward em äwer doch grugen un hei springt ut'n finster un löppt weg. Hei weckte dei lüd in'n hus, an as sei ne dei kamer henkamen, liggt dei lik wedder up ehr lager, äwer dei hund is kort un klein reeten west. Dei dod will sin rauh hebben.</isebel:content>
    <isebel:content xml:lang="eng">A farmhand has served on a sheep farm. Sometimes, when he was too drunk, he used to spend the night at another farmer’s place on the way and usually slept in the living room with the grandmother. One time, when he asked to stay for the night again, the farmer hesitates at first because the grandmother had just passed away that day. He says they couldn’t let him stay overnight this time. But the farmhand argues they shall let him sleep in the grandmother’s living room again, for he has gotten along well with her when she was alive, so they as well would get along in death. So the shepherd sleeps in the living room where the grandmother is bedded on the ground. He has also brought his dog inside. As he has just lied down, he witnesses the old woman’s right hand dropping down from her lair. He gets up and puts it back in place. The left hand drops down right away and so does the foot shortly after. He puts them back again and again. Then he sees the old one sitting up in her bedding. Eventually, he is too scared so he bursts through the window and runs off. The people in the house are woken up by that and as they enter the room, the corpse is lying on the lair again, but the dog has been ripped to shreds. Death wants to be left alone.</isebel:content>
  </isebel:contents>
</isebel:story>