<?xml version='1.0' encoding='UTF-8'?><isebel:story xmlns:isebel="http://www.isebel.eu/ns/isebel" xmlns:dc="http://purl.org/dc/elements/1.1/" xml:id="xmd-s001-000-007-544" xml:lang="deu">
  <dc:identifier>de.wossidia.xmd-s001-000-007-544</dc:identifier>
  <isebel:purl>https://apps.wossidia.de/webapp/run/node/XMD-S001-000-007-544</isebel:purl>
  <dc:title>[7544] Ewig leben</dc:title>
  <dc:title xml:lang="nds"/>
  <isebel:contents>
    <isebel:content xml:lang="nds">(Ego narro)
Dee is wol nich orig wäst // süss künn se sik jo sowat nich wünschen.</isebel:content>
  </isebel:contents>
</isebel:story>