<?xml version='1.0' encoding='UTF-8'?><isebel:story xmlns:isebel="http://www.isebel.eu/ns/isebel" xmlns:dc="http://purl.org/dc/elements/1.1/" xml:id="xmd-s001-000-007-207" xml:lang="deu">
  <dc:identifier>de.wossidia.xmd-s001-000-007-207</dc:identifier>
  <isebel:purl>https://apps.wossidia.de/webapp/run/node/XMD-S001-000-007-207</isebel:purl>
  <dc:title>[7207] Geizige Herrin</dc:title>
  <dc:title xml:lang="deu"/>
  <isebel:contents>
    <isebel:content xml:lang="deu">In ein Haus in Wiechmannsdorf kam ein Bettler und bat um Essen. Die Frau wollte ihm nichts geben. Da bat er, sie möchte ihm wenigstens ein Ei geben. Die Frau sagte, sie wolle ihre Eier lieber hart werden lassen. Da verwünschte sie der Bettler und auch das ganze Dorf. Das alte Wiechmannsdorf ist untergegangen, die Frau hat als Blume weiterleben müssen. Es ist da eine Blume gewachsen, die durfte keiner anfassen. Das sollte die Frau sein.</isebel:content>
  </isebel:contents>
</isebel:story>