<?xml version='1.0' encoding='UTF-8'?><isebel:story xmlns:isebel="http://www.isebel.eu/ns/isebel" xmlns:dc="http://purl.org/dc/elements/1.1/" xml:id="xmd-s001-000-000-094" xml:lang="deu">
  <dc:identifier>de.wossidia.xmd-s001-000-000-094</dc:identifier>
  <isebel:purl>https://apps.wossidia.de/webapp/run/node/XMD-S001-000-000-094</isebel:purl>
  <dc:title>[94] Selbstmord aus Angst</dc:title>
  <dc:title xml:lang="nds"/>
  <dc:title xml:lang="deu"/>
  <isebel:contents>
    <isebel:content xml:lang="nds">In Sloß Grubenhagen is ʼn Mäten wäst, ⸢de⸣ het sik verjungfern laten ⸢von ehrn⸣ Brüjam. Soʼn hebben jo up soʼn swart Ding in de Kirch sitten müßt, ⸢se⸣ hebben Slääg krägen in de Kirch, ⸢un⸣ de Paster kanzelt se af. De Diern het sik versööpt (um dem zu entgehen). ⸢Se⸣ is up ʼn Galgenbarg in Vollrathsruhe ⸢begraben⸣. Ehr Broder het seggt: Wenn ʼn drögen Haavduurnstock gröön würd, denn würd sien Swester selig. De Busch steht noch.

Erzähler: Forstarbeiter Siebahn, Hallalit, Kreis Waren; Aufzeichner: Wossidlo, um 1898.</isebel:content>
    <isebel:content xml:lang="deu">In Schloß Grubenhagen ist ein Mädchen gewesen, die hat sich von ihrem Bräutigam entjungfern lassen. Solche haben ja auf einem schwarzen Ding in der Kirche sitzen müssen, sie haben auch Schläge in der Kirche bekommen, und der Pastor kanzelt sie ab. Um dem zu entgehen hat sich das Mädchen ertränkt. Sie ist auf dem Galgenberg in Vollratsruhe begraben. Ihr Bruder hat gesagt: Wenn ein trockener Hagedornstock grün würde, dann würde seine Schwester selig. Der Hagedornstrauch steht noch heute.</isebel:content>
  </isebel:contents>
  <isebel:places>
    <isebel:place id="1081">
      <dc:title>Hallalit</dc:title>
      <isebel:point>
        <datacite:pointLatitude xmlns:datacite="http://datacite.org/schema/kernel-4">53.64961</datacite:pointLatitude>
        <datacite:pointLongitude xmlns:datacite="http://datacite.org/schema/kernel-4">12.45253</datacite:pointLongitude>
      </isebel:point>
      <isebel:role>narration</isebel:role>
    </isebel:place>
    <isebel:place id="2948">
      <dc:title>Vollrathsruhe</dc:title>
      <isebel:point>
        <datacite:pointLatitude xmlns:datacite="http://datacite.org/schema/kernel-4">53.64461</datacite:pointLatitude>
        <datacite:pointLongitude xmlns:datacite="http://datacite.org/schema/kernel-4">12.49198</datacite:pointLongitude>
      </isebel:point>
      <isebel:role>action</isebel:role>
    </isebel:place>
    <isebel:place id="20162">
      <dc:title>Grubenhagen</dc:title>
      <isebel:role>action</isebel:role>
    </isebel:place>
  </isebel:places>
  <isebel:persons>
    <isebel:person id="10006525">
      <isebel:name>Siebahn</isebel:name>
      <isebel:gender>Herr</isebel:gender>
      <isebel:role>narrator</isebel:role>
      <isebel:profession>Forstarbeiter</isebel:profession>
    </isebel:person>
  </isebel:persons>
  <isebel:keywords>
    <isebel:keyword id="XMD-M030-000-000-751">Pastor</isebel:keyword>
    <isebel:keyword id="XMD-M030-000-000-834">Schwester</isebel:keyword>
    <isebel:keyword id="XMD-M030-000-000-854">Braut</isebel:keyword>
    <isebel:keyword id="XMD-M030-000-000-882">Kirche (Gebäude)</isebel:keyword>
    <isebel:keyword id="XMD-M030-000-000-968">Bruder</isebel:keyword>
    <isebel:keyword id="XMD-M030-000-001-303">Schläge</isebel:keyword>
    <isebel:keyword id="XMD-M030-000-001-411">Bräutigam</isebel:keyword>
    <isebel:keyword id="XMD-M030-000-001-669">Schloss (Bauwerk)</isebel:keyword>
    <isebel:keyword id="XMD-M030-000-005-066">Galgenberg</isebel:keyword>
    <isebel:keyword id="XMD-M030-000-005-554">grünen</isebel:keyword>
    <isebel:keyword id="XMD-M030-000-009-574">selig</isebel:keyword>
    <isebel:keyword id="XMD-M030-000-010-003">Stock</isebel:keyword>
    <isebel:keyword id="XMD-M030-000-029-357">verjungfern</isebel:keyword>
    <isebel:keyword id="XMD-M030-000-030-289">ertränken</isebel:keyword>
    <isebel:keyword id="XMD-M030-000-038-026">abkanzeln</isebel:keyword>
    <isebel:keyword id="XMD-M030-000-047-448">Frau</isebel:keyword>
  </isebel:keywords>
</isebel:story>