<?xml version='1.0' encoding='UTF-8'?><isebel:story xmlns:isebel="http://www.isebel.eu/ns/isebel" xmlns:dc="http://purl.org/dc/elements/1.1/" xml:id="xmd-s001-000-009-076" xml:lang="deu">
  <dc:identifier>de.wossidia.xmd-s001-000-009-076</dc:identifier>
  <isebel:purl>https://apps.wossidia.de/webapp/run/node/XMD-S001-000-009-076</isebel:purl>
  <dc:title>[9076] Schatz: in Geldfeuer etwas hineinwerfen</dc:title>
  <dc:title xml:lang="nds"/>
  <isebel:contents>
    <isebel:content xml:lang="nds">Schört etc. upsmiten, öwer Horn sall dor nich an sin.</isebel:content>
  </isebel:contents>
</isebel:story>