<?xml version='1.0' encoding='UTF-8'?><isebel:story xmlns:isebel="http://www.isebel.eu/ns/isebel" xmlns:dc="http://purl.org/dc/elements/1.1/" xml:id="xmd-s001-000-002-732" xml:lang="deu">
  <dc:identifier>de.wossidia.xmd-s001-000-002-732</dc:identifier>
  <isebel:purl>https://apps.wossidia.de/webapp/run/node/XMD-S001-000-002-732</isebel:purl>
  <dc:title>[2732] Wiederkehr / erste Frau</dc:title>
  <dc:title xml:lang="nds"/>
  <isebel:contents>
    <isebel:content xml:lang="nds">En Fru (ubi nescit) is storben. De Mann hett ehr verspraken, he wull ehr Swester wedder heuraten. Dor hatt he dat nich dahn un ne anner to Fru nahmen. As Hochtiet wir, steiht sien ihrst Fru mit'n Mal in'n Kreis, de Paster hett se wegbringen müsst.</isebel:content>
  </isebel:contents>
</isebel:story>