<?xml version='1.0' encoding='UTF-8'?><isebel:story xmlns:isebel="http://www.isebel.eu/ns/isebel" xmlns:dc="http://purl.org/dc/elements/1.1/" xml:id="xmd-s001-000-009-654" xml:lang="deu">
  <dc:identifier>de.wossidia.xmd-s001-000-009-654</dc:identifier>
  <isebel:purl>https://apps.wossidia.de/webapp/run/node/XMD-S001-000-009-654</isebel:purl>
  <dc:title>[9654] Berg steht offen / Kind (Tote, Verwünschte) im Berg</dc:title>
  <dc:title xml:lang="nds"/>
  <isebel:contents>
    <isebel:content xml:lang="nds">Mudder Koelksch hett to Wendfeld wahnt. Ehr dochter hett to Lütten-Nemerow deent, dee hett se besöken wullt. (De hett mi dat toflucht un tosworen, dat dat wohr wir). Von Usadel na Groten Nemerow geit jo ne slucht rup. As se öwer den barg röwer geit, hett sik ne grote dör updahn as ne schündör, dor süht se de lüd hen un her spazieren. Se hett öwer ehren mann ropen. dor hebben sik de flügeldören wedder toslahn. As se abends von LN. 1) na huus gahn, hett ehr dat verleigt, se hebben bet 'n hellen morgen wandern müßt. 

1) Lütten Nemerow.</isebel:content>
  </isebel:contents>
  <isebel:places>
    <isebel:place id="2225">
      <dc:title>Prillwitz</dc:title>
      <isebel:point>
        <datacite:pointLatitude xmlns:datacite="http://datacite.org/schema/kernel-4">53.45350</datacite:pointLatitude>
        <datacite:pointLongitude xmlns:datacite="http://datacite.org/schema/kernel-4">13.13699</datacite:pointLongitude>
      </isebel:point>
      <isebel:role>narration</isebel:role>
    </isebel:place>
  </isebel:places>
  <isebel:persons>
    <isebel:person id="10007745">
      <isebel:name>Rike Wulff</isebel:name>
      <isebel:gender>Frau</isebel:gender>
      <isebel:role>narrator</isebel:role>
      <isebel:livingPlace id="20478">
        <dc:title>Peckatel</dc:title>
      </isebel:livingPlace>
      <isebel:livingPlace id="20133">
        <dc:title>Wustrow</dc:title>
      </isebel:livingPlace>
    </isebel:person>
  </isebel:persons>
  <isebel:events>
    <isebel:event id="990008833">
      <isebel:date>1907-01-01</isebel:date>
      <isebel:role>narration</isebel:role>
    </isebel:event>
  </isebel:events>
</isebel:story>