<?xml version='1.0' encoding='UTF-8'?><isebel:story xmlns:isebel="http://www.isebel.eu/ns/isebel" xmlns:dc="http://purl.org/dc/elements/1.1/" xml:id="xmd-s001-000-008-796" xml:lang="deu">
  <dc:identifier>de.wossidia.xmd-s001-000-008-796</dc:identifier>
  <isebel:purl>https://apps.wossidia.de/webapp/run/node/XMD-S001-000-008-796</isebel:purl>
  <dc:title>[8796] Raubritter: Erwähnung</dc:title>
  <dc:title xml:lang="nds"/>
  <isebel:contents>
    <isebel:content xml:lang="nds">up den slossbarg hett 'n raubritter haust, dee hett Frehs' heeten, dee hett ne oort schippfohrt hatt. grawisch is ok water wäst, dor hebben se schippdeile (hett Grossvadder Holtfoth vertellt), in Kösterbeck hett ok een wahnt, hett Köster heeten. to water hebben se rowt, an de bäk na Kössin sünt ok kägelbarg.</isebel:content>
  </isebel:contents>
  <isebel:places>
    <isebel:place id="1509">
      <dc:title>Kösterbeck</dc:title>
      <isebel:point>
        <datacite:pointLatitude xmlns:datacite="http://datacite.org/schema/kernel-4">54.06600</datacite:pointLatitude>
        <datacite:pointLongitude xmlns:datacite="http://datacite.org/schema/kernel-4">12.22139</datacite:pointLongitude>
      </isebel:point>
      <isebel:role>narration</isebel:role>
    </isebel:place>
  </isebel:places>
  <isebel:persons>
    <isebel:person id="10001623">
      <isebel:name>Ellfeldt</isebel:name>
      <isebel:role>narrator</isebel:role>
    </isebel:person>
  </isebel:persons>
  <isebel:events>
    <isebel:event id="990010861">
      <isebel:date>1913-12-21</isebel:date>
      <isebel:role>narration</isebel:role>
    </isebel:event>
  </isebel:events>
</isebel:story>