<?xml version='1.0' encoding='UTF-8'?><isebel:story xmlns:isebel="http://www.isebel.eu/ns/isebel" xmlns:dc="http://purl.org/dc/elements/1.1/" xml:id="xmd-s001-000-005-143" xml:lang="deu">
  <dc:identifier>de.wossidia.xmd-s001-000-005-143</dc:identifier>
  <isebel:purl>https://apps.wossidia.de/webapp/run/node/XMD-S001-000-005-143</isebel:purl>
  <dc:title>[5143] Scheidengänger</dc:title>
  <dc:title xml:lang="deu"/>
  <isebel:contents>
    <isebel:content xml:lang="deu">Namen, nämlich "Ladenhürn". Über die Entstehung dieser Benennung habe ich nun folgendes Notdürftige erfahren können:
Vor Zeiten entstand über dies Ackerstück eine Grenzstreitigkeit zwischen Wolken und Zepelin. Ein damaliger Wirtschafter zu Wolken, namens Laden soll es nun durch falschen Eid an Wolken gebracht haben, daher soll der Name rühren.- 
Leider habe ich weiteres nicht erfahren können.</isebel:content>
  </isebel:contents>
</isebel:story>