<?xml version='1.0' encoding='UTF-8'?><isebel:story xmlns:isebel="http://www.isebel.eu/ns/isebel" xmlns:dc="http://purl.org/dc/elements/1.1/" xml:id="xmd-s001-000-010-030" xml:lang="deu">
  <dc:identifier>de.wossidia.xmd-s001-000-010-030</dc:identifier>
  <isebel:purl>https://apps.wossidia.de/webapp/run/node/XMD-S001-000-010-030</isebel:purl>
  <dc:title>[10030] Schätze: Pfand</dc:title>
  <dc:title xml:lang="nds"/>
  <isebel:contents>
    <isebel:content xml:lang="nds">De oll Passow hett vertellt, Lüd hebben Schatz vergrawt // hett mit Pannkoken versiegelt. Mit Pannkoken uplösen.</isebel:content>
  </isebel:contents>
</isebel:story>