<?xml version='1.0' encoding='UTF-8'?><isebel:story xmlns:isebel="http://www.isebel.eu/ns/isebel" xmlns:dc="http://purl.org/dc/elements/1.1/" xml:id="xmd-s001-000-008-308" xml:lang="deu">
  <dc:identifier>de.wossidia.xmd-s001-000-008-308</dc:identifier>
  <isebel:purl>https://apps.wossidia.de/webapp/run/node/XMD-S001-000-008-308</isebel:purl>
  <dc:title>[8308] Unterirdischer Gang unter Stadt Ribnitz</dc:title>
  <dc:title xml:lang="nds"/>
  <isebel:contents>
    <isebel:content xml:lang="nds">Ribnitz. 
Gang hett na de stadtkirch gahn süllt, öwer bi'n conrektor Saniter is he rutkamen.</isebel:content>
  </isebel:contents>
</isebel:story>