<?xml version='1.0' encoding='UTF-8'?><isebel:story xmlns:isebel="http://www.isebel.eu/ns/isebel" xmlns:dc="http://purl.org/dc/elements/1.1/" xml:id="xmd-s001-000-006-542" xml:lang="deu">
  <dc:identifier>de.wossidia.xmd-s001-000-006-542</dc:identifier>
  <isebel:purl>https://apps.wossidia.de/webapp/run/node/XMD-S001-000-006-542</isebel:purl>
  <dc:title>[6542] Papedönken (vgl. Taters)</dc:title>
  <dc:title xml:lang="nds"/>
  <isebel:contents>
    <isebel:content xml:lang="nds">Minen Vadder sien Vadder vertellte, inn Papedönkenbarg hebben papedönken wahnt. Dee hebben Kätels flickt; se hebben de lüd’ nachts de swin verswäfelt, dat se, doot bläben sünd; annern morgen kamen se, dat hadd de herrgott slacht, dee süllen se ehr man gäben. Dat hebben de lüd denn ok dahn. Se hebben sik mit Botter insmeert un in de sünn’ hensett't, se hebben bruun warden wullt. (Min großvadder wier ackerbörger in Hagenow) (Ego wohin?) Se sünd utstorben. Dor sünd so väl löcker in den barg.....dat sünt ganze lütte lüd.</isebel:content>
  </isebel:contents>
</isebel:story>