<?xml version='1.0' encoding='UTF-8'?><isebel:story xmlns:isebel="http://www.isebel.eu/ns/isebel" xmlns:dc="http://purl.org/dc/elements/1.1/" xml:id="xmd-s001-000-005-182" xml:lang="deu">
  <dc:identifier>de.wossidia.xmd-s001-000-005-182</dc:identifier>
  <isebel:purl>https://apps.wossidia.de/webapp/run/node/XMD-S001-000-005-182</isebel:purl>
  <dc:title>[5182] Scheidengänger</dc:title>
  <dc:title xml:lang="nds"/>
  <isebel:contents>
    <isebel:content xml:lang="nds">rider ahn kopp hett räden an de scheid (baron v. Rohde) de hett falsch sworen hatt. 
min Großvadder Topp in Zernin.</isebel:content>
  </isebel:contents>
</isebel:story>