<?xml version='1.0' encoding='UTF-8'?><isebel:story xmlns:isebel="http://www.isebel.eu/ns/isebel" xmlns:dc="http://purl.org/dc/elements/1.1/" xml:id="xmd-s001-000-009-555" xml:lang="deu">
  <dc:identifier>de.wossidia.xmd-s001-000-009-555</dc:identifier>
  <isebel:purl>https://apps.wossidia.de/webapp/run/node/XMD-S001-000-009-555</isebel:purl>
  <dc:title>[9555] Geld brennen: wird bewacht</dc:title>
  <dc:title xml:lang="nds"/>
  <isebel:contents>
    <isebel:content xml:lang="nds">in Kösterbeck auf bökenbarg. // T.1) rührt. // Wat rührst du. // min geld. // X. wirft schillings auch hinein. // T.: Wat rührst du? // Ik rühr ok min geld. 

1) Teufel.</isebel:content>
  </isebel:contents>
</isebel:story>