<?xml version='1.0' encoding='UTF-8'?><isebel:story xmlns:isebel="http://www.isebel.eu/ns/isebel" xmlns:dc="http://purl.org/dc/elements/1.1/" xml:id="xmd-s001-000-002-061" xml:lang="deu">
  <dc:identifier>de.wossidia.xmd-s001-000-002-061</dc:identifier>
  <isebel:purl>https://apps.wossidia.de/webapp/run/node/XMD-S001-000-002-061</isebel:purl>
  <dc:title>[2061] Seele als Maus</dc:title>
  <dc:title xml:lang="deu"/>
  <dc:title xml:lang="nds"/>
  <dc:title xml:lang="eng"/>
  <isebel:contents>
    <isebel:content xml:lang="deu">Zwei haben einmal zusammen gemäht. In der Mittagsstunde legen sie sich beide hin und schlafen. Der eine wacht auf und sieht, dass dem Anderen eine weiße Maus aus dem Mund läuft. Er lässt sie zufrieden und schaut genau, wo sie hinläuft. Da liegt in der Nähe ein Pferdeschädel. Da läuft die Maus rein und schaut bald aus dem einen, bald aus dem anderen Auge. Als die Mittagsstunde zur Neige geht, kommt die Maus und läuft dem Anderen wieder in den Mund. Da wacht der Andere auch auf und sagt: ihm habe eben geträumt, er wäre in einem großen Schloss mit vielen Gängen und Stuben gewesen. Da hätte er sich verirrt und bald aus dem einen, bald aus dem anderen Fenster geschaut, aber er konnte nicht wieder rausfinden. Zuletzt habe er aber doch die Tür gefunden.</isebel:content>
    <isebel:content xml:lang="nds">Twei hebben eins tosamen meiht. In dei middagsstunn leggen s ei sick beid dal un slapen. Dei ein wakte up un süht, dat den annern ne witt mus ut'n mund to lopen kümmt. Hei lett ehr ruhig tofreden un passte up, wo sei afblew. Dunn leg dor dicht bi sonn schädel von'n pierd. Dor löp dei mus rinner un kek bald ut ein, bald ut dat anner og. As dei middagsstunn bald üm wir, köm dei mus wedder un löp den annern wedder in'n mund rin. Dunn wakte ok de anner up un säd, em hadd eben drömt, hei wir in'n grotes sloss west mit väle gäng un stuben, dorin wir hei verbistert west un hadd bald ut ein, bald ut'n anner finster keken, äwer hei hadd nich wedder rutfinnen künnt, toletzt hadd hei öwer doch ne dör funnen.</isebel:content>
    <isebel:content xml:lang="eng">Once there were two who had mowed together. At noon they both lie down and sleep. One of them wakes up and sees that a white mouse is coming out of the other’s mouth. He leaves it be and just looks where it is going. Close by lies a horse skull. The mouse runs into it, soon looks out of one, soon out of the other eye. When noon had almost passed, the mouse came and ran back into the other’s mouth. There the other awakes and says, he had just dreamt he were in a big castle with many hallways and parlors. He were lost and soon had looked out of the one, out of the other window, but couldn’t find a way out. Finally, he had found the door.</isebel:content>
  </isebel:contents>
</isebel:story>