<?xml version='1.0' encoding='UTF-8'?><isebel:story xmlns:isebel="http://www.isebel.eu/ns/isebel" xmlns:dc="http://purl.org/dc/elements/1.1/" xml:id="xmd-s001-000-003-610" xml:lang="deu">
  <dc:identifier>de.wossidia.xmd-s001-000-003-610</dc:identifier>
  <isebel:purl>https://apps.wossidia.de/webapp/run/node/XMD-S001-000-003-610</isebel:purl>
  <dc:title>[3610] Grundlos</dc:title>
  <dc:title xml:lang="nds"/>
  <isebel:contents>
    <isebel:content xml:lang="nds">﻿Groß Helle. 
Schröder wahnte in Gr. Hell', dee hett 'ne swarte Soeg mit 12 swarte Farken gahn sehn. (Deeis von den See kamen, dee is jetzt Wisch, (Seewisch säden wi dorto) dor sünt väle borrns in). De Soeg is rupwandelt Joh.n.*) 12-1 na Lüdershof. Weil he dat vertellt hadd, is he in't Water ringahn bet unner de Arm. Wenn he fählen ded bi de Arbeit, dor acht't keener wider up. He wier oft, as wenn he nich bi sik sülm wier.
Rabandelbarg: De Räubers hebben Käden öwern Weg treckt, dor is 'ne Brüch, ünner de Brög' hebben se sik uphollen. Blank Käd' licht an Rb.* krigen se nich leddig pumpt, in 5 Dag' hett dat eenen halben toll Water afnahmen, as se dor pumpt hebben. 

* Johanni Nacht 
* Rabandelbarg</isebel:content>
  </isebel:contents>
</isebel:story>