<?xml version='1.0' encoding='UTF-8'?><isebel:story xmlns:isebel="http://www.isebel.eu/ns/isebel" xmlns:dc="http://purl.org/dc/elements/1.1/" xml:id="xmd-s001-000-010-302" xml:lang="deu">
  <dc:identifier>de.wossidia.xmd-s001-000-010-302</dc:identifier>
  <isebel:purl>https://apps.wossidia.de/webapp/run/node/XMD-S001-000-010-302</isebel:purl>
  <dc:title>[10302] Goldene Wiege in Burg</dc:title>
  <dc:title xml:lang="nds"/>
  <isebel:contents>
    <isebel:content xml:lang="nds">Inn Schillingsbarg sall ne g. Weg'&lt;ref> gollen Weg'&lt;/ref> in stäken, eenen mitbringen. Den'n ollen Groth sinen Vadder hett 't ropen.</isebel:content>
  </isebel:contents>
</isebel:story>