<?xml version='1.0' encoding='UTF-8'?><isebel:story xmlns:isebel="http://www.isebel.eu/ns/isebel" xmlns:dc="http://purl.org/dc/elements/1.1/" xml:id="xmd-s001-000-007-844" xml:lang="deu">
  <dc:identifier>de.wossidia.xmd-s001-000-007-844</dc:identifier>
  <isebel:purl>https://apps.wossidia.de/webapp/run/node/XMD-S001-000-007-844</isebel:purl>
  <dc:title>[7844] Schnur über Weg / Glocke</dc:title>
  <dc:title xml:lang="nds"/>
  <isebel:contents>
    <isebel:content xml:lang="nds">bi den bäudner Meyer (früher vör 50 johr) heff ik deent; dee hett 'n borgwald in sien hauw'. 'n Röwer is dat wäst. Von Laupin na Leussow is de hoge barg, swarten barg (iam), Laupiner forst, von dor ut sall dat (borgwald) in brand schaten sien. (lütten schäpel roggen künn 'n dor up seien, (He hett dat in sin hauw), he dörfte dat nich to berühren, binnen beackern. toihrst dörft he dat blos to boomschool benutzen, is so grot un begräpen as dit ........ Gang sall na de Gläsiner brück gahn, unner de brück sall he 'ne klock hatt hebben.</isebel:content>
  </isebel:contents>
</isebel:story>