<?xml version='1.0' encoding='UTF-8'?><isebel:story xmlns:isebel="http://www.isebel.eu/ns/isebel" xmlns:dc="http://purl.org/dc/elements/1.1/" xml:id="xmd-s001-000-010-131" xml:lang="deu">
  <dc:identifier>de.wossidia.xmd-s001-000-010-131</dc:identifier>
  <isebel:purl>https://apps.wossidia.de/webapp/run/node/XMD-S001-000-010-131</isebel:purl>
  <dc:title>[10131] Reichtum durch Schatzfund</dc:title>
  <dc:title xml:lang="nds"/>
  <isebel:contents>
    <isebel:content xml:lang="nds">In de Backhusenkoppel in Cambs (Bü.) enen Dachl.&lt;ref> Dachlöhner&lt;/ref> sall sik dat haalt hebben un sik dorvon 'n Huus in Swan köfft hebben.</isebel:content>
  </isebel:contents>
</isebel:story>