<?xml version='1.0' encoding='UTF-8'?><isebel:story xmlns:isebel="http://www.isebel.eu/ns/isebel" xmlns:dc="http://purl.org/dc/elements/1.1/" xml:id="xmd-s001-000-005-021" xml:lang="deu">
  <dc:identifier>de.wossidia.xmd-s001-000-005-021</dc:identifier>
  <isebel:purl>https://apps.wossidia.de/webapp/run/node/XMD-S001-000-005-021</isebel:purl>
  <dc:title>[5021] Untergang / Dörfer</dc:title>
  <dc:title xml:lang="nds"/>
  <dc:title xml:lang="deu"/>
  <isebel:contents>
    <isebel:content xml:lang="nds">Bi de oll Möll hen süll 'n Dörp lägen hebben. (iam)</isebel:content>
    <isebel:content xml:lang="deu">Zur der alten Mühe hin soll ein Dorf gelegen haben. (iam)</isebel:content>
  </isebel:contents>
</isebel:story>