<?xml version='1.0' encoding='UTF-8'?><isebel:story xmlns:isebel="http://www.isebel.eu/ns/isebel" xmlns:dc="http://purl.org/dc/elements/1.1/" xml:id="xmd-s001-000-003-194" xml:lang="deu">
  <dc:identifier>de.wossidia.xmd-s001-000-003-194</dc:identifier>
  <isebel:purl>https://apps.wossidia.de/webapp/run/node/XMD-S001-000-003-194</isebel:purl>
  <dc:title>[3194] Persönlichkeiten</dc:title>
  <dc:title xml:lang="nds"/>
  <isebel:contents>
    <isebel:content xml:lang="nds">K.F.1) sall int feindlich lager gahn, hett sik as ne oll fru utkledt, hett bohnen verköfft. (een hadd em kennt, dee hett mit'n finger drauhgt "Fritz........") (kennst du mi? hett K.F. secht). De lüd' hebben to em secht: ollsching, din bohnen sünt so lütt, ich ward euch morgen grössere bringen, hett he antwuurt't. 

1) König Fritz.</isebel:content>
  </isebel:contents>
  <isebel:places>
    <isebel:place id="1557">
      <dc:title>Kröpelin</dc:title>
      <dc:title>Kroepelin</dc:title>
      <isebel:point>
        <datacite:pointLatitude xmlns:datacite="http://datacite.org/schema/kernel-4">54.07100</datacite:pointLatitude>
        <datacite:pointLongitude xmlns:datacite="http://datacite.org/schema/kernel-4">11.79528</datacite:pointLongitude>
      </isebel:point>
      <isebel:role>narration</isebel:role>
    </isebel:place>
  </isebel:places>
  <isebel:persons>
    <isebel:person id="10001315">
      <isebel:name>Dammann</isebel:name>
      <isebel:role>narrator</isebel:role>
    </isebel:person>
  </isebel:persons>
  <isebel:events>
    <isebel:event id="990011398">
      <isebel:date>1910-03-20</isebel:date>
      <isebel:role>narration</isebel:role>
    </isebel:event>
  </isebel:events>
</isebel:story>