<?xml version='1.0' encoding='UTF-8'?><isebel:story xmlns:isebel="http://www.isebel.eu/ns/isebel" xmlns:dc="http://purl.org/dc/elements/1.1/" xml:id="xmd-s001-000-000-127" xml:lang="deu">
  <dc:identifier>de.wossidia.xmd-s001-000-000-127</dc:identifier>
  <isebel:purl>https://apps.wossidia.de/webapp/run/node/XMD-S001-000-000-127</isebel:purl>
  <dc:title>[127] Kette und Ring als Strafe</dc:title>
  <dc:title xml:lang="nds"/>
  <dc:title xml:lang="deu"/>
  <isebel:contents>
    <isebel:content xml:lang="nds">Von Arnim hett ʼn Katenmanns Kind, (dat het Appel stahlen oder sowat ähnliches)... in ʼn Keller smäten un dor verkamen laten. De Snaken un dat Ungeziefer hebben dat vertehrt. He het ʼn Stellverträder stellt, de för em säten het. He het de Kääd üm ʼn Hals drägen müßt.</isebel:content>
    <isebel:content xml:lang="deu">Von Arnim hat das Kind eines Katenmannes [Tagelöhners], das hat Äpfel gestohlen oder so etwas ähnliches, in den Keller geworfen und dort verkommen lassen. Die Schlangen und das Ungeziefer haben es aufgefressen. Er hat einen Stellvertreter gestellt, der für ihn gesessen hat. Er hat die Kette um den Hals tragen müssen.</isebel:content>
  </isebel:contents>
  <isebel:places>
    <isebel:place id="558">
      <dc:title>Bad Doberan</dc:title>
      <dc:title>Doberan</dc:title>
      <isebel:point>
        <datacite:pointLatitude xmlns:datacite="http://datacite.org/schema/kernel-4">54.10655</datacite:pointLatitude>
        <datacite:pointLongitude xmlns:datacite="http://datacite.org/schema/kernel-4">11.89861</datacite:pointLongitude>
      </isebel:point>
      <isebel:role>narration</isebel:role>
    </isebel:place>
  </isebel:places>
  <isebel:persons>
    <isebel:person id="10006634">
      <isebel:name>H. Starck</isebel:name>
      <isebel:gender>Herr</isebel:gender>
      <isebel:role>narrator</isebel:role>
      <isebel:profession>Briefträger</isebel:profession>
      <isebel:livingPlace id="20423">
        <dc:title>Diedrichshagen</dc:title>
      </isebel:livingPlace>
      <isebel:livingPlace id="2751">
        <dc:title>Stülow</dc:title>
        <isebel:point>
          <datacite:pointLatitude xmlns:datacite="http://datacite.org/schema/kernel-4">54.08738</datacite:pointLatitude>
          <datacite:pointLongitude xmlns:datacite="http://datacite.org/schema/kernel-4">11.88444</datacite:pointLongitude>
        </isebel:point>
      </isebel:livingPlace>
    </isebel:person>
  </isebel:persons>
  <isebel:events>
    <isebel:event id="990011055">
      <isebel:date>1929-09-14</isebel:date>
      <isebel:role>narration</isebel:role>
    </isebel:event>
  </isebel:events>
  <isebel:keywords>
    <isebel:keyword id="XMD-M030-000-000-125">Hals</isebel:keyword>
    <isebel:keyword id="XMD-M030-000-000-637">Ungeziefer</isebel:keyword>
    <isebel:keyword id="XMD-M030-000-000-973">Kind</isebel:keyword>
    <isebel:keyword id="XMD-M030-000-001-118">Apfel</isebel:keyword>
    <isebel:keyword id="XMD-M030-000-001-537">Keller</isebel:keyword>
    <isebel:keyword id="XMD-M030-000-009-908">stehlen</isebel:keyword>
    <isebel:keyword id="XMD-M030-000-009-957">Stellvertreter</isebel:keyword>
    <isebel:keyword id="XMD-M030-000-037-497">Kette</isebel:keyword>
  </isebel:keywords>
</isebel:story>