<?xml version='1.0' encoding='UTF-8'?><isebel:story xmlns:isebel="http://www.isebel.eu/ns/isebel" xmlns:dc="http://purl.org/dc/elements/1.1/" xml:id="xmd-s001-000-003-979" xml:lang="deu">
  <dc:identifier>de.wossidia.xmd-s001-000-003-979</dc:identifier>
  <isebel:purl>https://apps.wossidia.de/webapp/run/node/XMD-S001-000-003-979</isebel:purl>
  <dc:title>[3979] Wohnsitz Gälknockerberg</dc:title>
  <dc:title xml:lang="nds"/>
  <isebel:contents>
    <isebel:content xml:lang="nds">In'n Gkbarg*, de Gk.* sall dor in loschiert hebben. (plura nescit)

* Gälknoekerbarg
* Gälknoeker</isebel:content>
  </isebel:contents>
</isebel:story>