<?xml version='1.0' encoding='UTF-8'?><isebel:story xmlns:isebel="http://www.isebel.eu/ns/isebel" xmlns:dc="http://purl.org/dc/elements/1.1/" xml:id="xmd-s001-000-009-984" xml:lang="deu">
  <dc:identifier>de.wossidia.xmd-s001-000-009-984</dc:identifier>
  <isebel:purl>https://apps.wossidia.de/webapp/run/node/XMD-S001-000-009-984</isebel:purl>
  <dc:title>[9984] Schatzgräber werden gehindert: reden</dc:title>
  <dc:title xml:lang="nds"/>
  <isebel:contents>
    <isebel:content xml:lang="nds">Gielow
﻿In' Heidenholt hett Geld brennt. De Buer Kröchert (+) un de Wullweber Orndt (+) sünd henwäst. Orndt iiett en Rod' hatt. Dee Preester möt se döfft hebben. Se gahn bi, Santurnus is dor öwer ehr un stött de Böken üm, öwer dor schugen se sik nich vör. Toletzt is dat so, as wenn dor den Buern sin Ollsch steit un een makt sik bi ehr to schaffen. Dor röppt Kröchert: "Wat hest du mit min Wief hier to dohn".
Dor is dat Geld weg wäst.</isebel:content>
  </isebel:contents>
</isebel:story>