<?xml version='1.0' encoding='UTF-8'?><isebel:story xmlns:isebel="http://www.isebel.eu/ns/isebel" xmlns:dc="http://purl.org/dc/elements/1.1/" xml:id="xmd-s001-000-004-330" xml:lang="deu">
  <dc:identifier>de.wossidia.xmd-s001-000-004-330</dc:identifier>
  <isebel:purl>https://apps.wossidia.de/webapp/run/node/XMD-S001-000-004-330</isebel:purl>
  <dc:title>[4330] Geschenk</dc:title>
  <dc:title xml:lang="nds"/>
  <isebel:contents>
    <isebel:content xml:lang="nds">de Nonnen, dee up dat sloß in Dierhagen wahnt hebben, hebben dat Holt verschenkt. (dat is hier all Holt wäst).</isebel:content>
  </isebel:contents>
  <isebel:places>
    <isebel:place id="2046">
      <dc:title>Ostseebad Dierhagen</dc:title>
      <dc:title>Dierhagen</dc:title>
      <isebel:point>
        <datacite:pointLatitude xmlns:datacite="http://datacite.org/schema/kernel-4">54.29156</datacite:pointLatitude>
        <datacite:pointLongitude xmlns:datacite="http://datacite.org/schema/kernel-4">12.35917</datacite:pointLongitude>
      </isebel:point>
      <isebel:role>narration</isebel:role>
    </isebel:place>
  </isebel:places>
  <isebel:persons>
    <isebel:person id="10003501">
      <isebel:name>Koop</isebel:name>
      <isebel:gender>Frau</isebel:gender>
      <isebel:role>narrator</isebel:role>
    </isebel:person>
  </isebel:persons>
  <isebel:events>
    <isebel:event id="990010476">
      <isebel:date>1925-07-16</isebel:date>
      <isebel:role>narration</isebel:role>
    </isebel:event>
  </isebel:events>
</isebel:story>