<?xml version='1.0' encoding='UTF-8'?><isebel:story xmlns:isebel="http://www.isebel.eu/ns/isebel" xmlns:dc="http://purl.org/dc/elements/1.1/" xml:id="xmd-s001-000-004-597" xml:lang="deu">
  <dc:identifier>de.wossidia.xmd-s001-000-004-597</dc:identifier>
  <isebel:purl>https://apps.wossidia.de/webapp/run/node/XMD-S001-000-004-597</isebel:purl>
  <dc:title>[4597] Gälknoeker: Semp</dc:title>
  <dc:title xml:lang="nds"/>
  <isebel:contents>
    <isebel:content xml:lang="nds">Wenn se Semp hebben wullt hebben, hett he seggt: he hadd wecken, denn kennen se von em krigen. (He hett schönen Semp hatt!) Denn hett he in schäten in de Buddel.</isebel:content>
  </isebel:contents>
</isebel:story>