<?xml version='1.0' encoding='UTF-8'?><isebel:story xmlns:isebel="http://www.isebel.eu/ns/isebel" xmlns:dc="http://purl.org/dc/elements/1.1/" xml:id="xmd-s001-000-006-166" xml:lang="deu">
  <dc:identifier>de.wossidia.xmd-s001-000-006-166</dc:identifier>
  <isebel:purl>https://apps.wossidia.de/webapp/run/node/XMD-S001-000-006-166</isebel:purl>
  <dc:title>[6166] Untergang der Stadt Jahnkenstadt in Kuhstorf</dc:title>
  <dc:title xml:lang="nds"/>
  <isebel:contents>
    <isebel:content xml:lang="nds">Kuhstorf
Jahnkenstadt, sünt jetzt Dannen, de Russen hebben noch fragt na de Jst.&lt;ref> Jahnkenstadt&lt;/ref>.</isebel:content>
  </isebel:contents>
</isebel:story>