<?xml version='1.0' encoding='UTF-8'?><isebel:story xmlns:isebel="http://www.isebel.eu/ns/isebel" xmlns:dc="http://purl.org/dc/elements/1.1/" xml:id="xmd-s001-000-006-334" xml:lang="deu">
  <dc:identifier>de.wossidia.xmd-s001-000-006-334</dc:identifier>
  <isebel:purl>https://apps.wossidia.de/webapp/run/node/XMD-S001-000-006-334</isebel:purl>
  <dc:title>[6334] Schlacht</dc:title>
  <dc:title xml:lang="nds"/>
  <isebel:contents>
    <isebel:content xml:lang="nds">bi de Buschkoppel in Schorrentin is ne grote Slacht wäst, dee is so sweer wäst, drüm heit dat S. (Schlacht ?)</isebel:content>
  </isebel:contents>
  <isebel:places>
    <isebel:place id="1976">
      <dc:title>Neukalen</dc:title>
      <isebel:point>
        <datacite:pointLatitude xmlns:datacite="http://datacite.org/schema/kernel-4">53.82267</datacite:pointLatitude>
        <datacite:pointLongitude xmlns:datacite="http://datacite.org/schema/kernel-4">12.79113</datacite:pointLongitude>
      </isebel:point>
      <isebel:role>narration</isebel:role>
    </isebel:place>
  </isebel:places>
  <isebel:persons>
    <isebel:person id="10007211">
      <isebel:name>Voß</isebel:name>
      <isebel:role>contributor</isebel:role>
      <isebel:profession>Pastor</isebel:profession>
    </isebel:person>
  </isebel:persons>
  <isebel:events>
    <isebel:event id="990011203">
      <isebel:date>1927-12-27</isebel:date>
      <isebel:role>narration</isebel:role>
    </isebel:event>
  </isebel:events>
</isebel:story>