<?xml version='1.0' encoding='UTF-8'?><isebel:story xmlns:isebel="http://www.isebel.eu/ns/isebel" xmlns:dc="http://purl.org/dc/elements/1.1/" xml:id="xmd-s001-000-006-941" xml:lang="deu">
  <dc:identifier>de.wossidia.xmd-s001-000-006-941</dc:identifier>
  <isebel:purl>https://apps.wossidia.de/webapp/run/node/XMD-S001-000-006-941</isebel:purl>
  <dc:title>[6941] Räuber Schneller und Lendt</dc:title>
  <dc:title xml:lang="nds"/>
  <isebel:contents>
    <isebel:content xml:lang="nds">Sneller un Lendt (riesen) hebben sik mit steen smäten. se hebben utmaken wullt, wer de stärkste wier, wieder hebben se nix dahn.</isebel:content>
  </isebel:contents>
</isebel:story>