<?xml version='1.0' encoding='UTF-8'?><isebel:story xmlns:isebel="http://www.isebel.eu/ns/isebel" xmlns:dc="http://purl.org/dc/elements/1.1/" xml:id="xmd-s001-000-008-804" xml:lang="deu">
  <dc:identifier>de.wossidia.xmd-s001-000-008-804</dc:identifier>
  <isebel:purl>https://apps.wossidia.de/webapp/run/node/XMD-S001-000-008-804</isebel:purl>
  <dc:title>[8804] Raubritter: Erwähnung</dc:title>
  <dc:title xml:lang="nds"/>
  <isebel:contents>
    <isebel:content xml:lang="nds">up Pariner fm.1) raubritters. gweig.2) 

1) feldmark 
2) gollenweig</isebel:content>
  </isebel:contents>
  <isebel:events>
    <isebel:event id="990007938">
      <isebel:date>1895-01-01</isebel:date>
      <isebel:role>narration</isebel:role>
    </isebel:event>
  </isebel:events>
</isebel:story>