<?xml version='1.0' encoding='UTF-8'?><isebel:story xmlns:isebel="http://www.isebel.eu/ns/isebel" xmlns:dc="http://purl.org/dc/elements/1.1/" xml:id="xmd-s001-000-004-936" xml:lang="deu">
  <dc:identifier>de.wossidia.xmd-s001-000-004-936</dc:identifier>
  <isebel:purl>https://apps.wossidia.de/webapp/run/node/XMD-S001-000-004-936</isebel:purl>
  <dc:title>[4936] Namengebung Stadt: Kröpelin</dc:title>
  <dc:title/>
  <isebel:contents>
    <isebel:content>Kröpelin.
As dat Stadt worden is, is afmakt, wat de Kroepel afkrapen kreg in 24 Stunn, dat sall de Stadt gehören. Is rundum krapen.</isebel:content>
  </isebel:contents>
</isebel:story>