<?xml version='1.0' encoding='UTF-8'?><isebel:story xmlns:isebel="http://www.isebel.eu/ns/isebel" xmlns:dc="http://purl.org/dc/elements/1.1/" xml:id="xmd-s001-000-007-475" xml:lang="deu">
  <dc:identifier>de.wossidia.xmd-s001-000-007-475</dc:identifier>
  <isebel:purl>https://apps.wossidia.de/webapp/run/node/XMD-S001-000-007-475</isebel:purl>
  <dc:title>[7475] Räuber / hausen</dc:title>
  <dc:title xml:lang="deu"/>
  <isebel:contents>
    <isebel:content xml:lang="deu">rhöhle1) in Kritzow bei Greven. 

1) räuberhöhle 
(Original nicht auffindbar)</isebel:content>
  </isebel:contents>
</isebel:story>