<?xml version='1.0' encoding='UTF-8'?><isebel:story xmlns:isebel="http://www.isebel.eu/ns/isebel" xmlns:dc="http://purl.org/dc/elements/1.1/" xml:id="xmd-s001-000-003-225" xml:lang="deu">
  <dc:identifier>de.wossidia.xmd-s001-000-003-225</dc:identifier>
  <isebel:purl>https://apps.wossidia.de/webapp/run/node/XMD-S001-000-003-225</isebel:purl>
  <dc:title>[3225] De Tiet is hier, de Minsch noch nich</dc:title>
  <dc:title xml:lang="nds"/>
  <isebel:contents>
    <isebel:content xml:lang="nds">Bi Warnemünn: 
Lallemand het ens 'n Jung reddt. -- Jung an bi em, de will na Ostsee: mi röppen, ik sall henkamen. -- L. hallt em trügg, sall na de Apteik gehn, un dat un dat hahlen. (Höllt em dreimal an, as he trüggkümmt) -- "Wißt du noch na Ostsee?" -- "Ja, dor röppt mi wen." -- schickt em nan Bäcker, sall em anhollen, (dat de Stunn ut is), na'n Kopmann hen, Seip hahlen ....... giwt em ne Mark ....... -- "Noch hen?" -- "Ne, nu nich mihr." -- (De Stunn' is üm west).
Schollihrer un Kantor hebben sik badt, de hebben 'ne Stimm hürt: "Kumm hierher."</isebel:content>
  </isebel:contents>
</isebel:story>