<?xml version='1.0' encoding='UTF-8'?><isebel:story xmlns:isebel="http://www.isebel.eu/ns/isebel" xmlns:dc="http://purl.org/dc/elements/1.1/" xml:id="xmd-s001-000-000-539" xml:lang="deu">
  <dc:identifier>de.wossidia.xmd-s001-000-000-539</dc:identifier>
  <isebel:purl>https://apps.wossidia.de/webapp/run/node/XMD-S001-000-000-539</isebel:purl>
  <dc:title>[539] Tatermarik</dc:title>
  <dc:title xml:lang="nds"/>
  <isebel:contents>
    <isebel:content xml:lang="nds">Hier het sik früher in de gegend ein zigeunerin rümdreben, die nennten sei Tatermarik. Die sall elben enehlich Kinner hatt hebben. As sei öller würd hett sei sik bi einen von ehr sähns in Lehsen unhollen. As sei nu all sihr kümmerlich west is. Sall sei ehren sähn ümmer beden hebben, hei süll ehr nu man ok begraben, sei harr nu lang´naug lewt. Hen snurren is sei noch öfters gahn. Naher is sei äwer so verswunnen. Weck meinten, ehr sähn harr ehr toletzt ehren willen dahn, un harr ehr in´n Stall inpurrt. Wenn sei em fragten wo sein Mudder wier, hett hei ümmer seggt, die wier nu weg un köm nu nich wedder.</isebel:content>
  </isebel:contents>
  <isebel:persons>
    <isebel:person id="10004383">
      <isebel:name>Masch</isebel:name>
      <isebel:gender>Herr</isebel:gender>
      <isebel:role>narrator</isebel:role>
      <isebel:profession>Gärtner</isebel:profession>
    </isebel:person>
    <isebel:person id="10010071">
      <isebel:name>Catharina ? Martienssen, Frau</isebel:name>
      <isebel:role>narrator</isebel:role>
    </isebel:person>
  </isebel:persons>
  <isebel:keywords>
    <isebel:keyword id="XMD-M030-000-002-625">Zigeuner</isebel:keyword>
    <isebel:keyword id="XMD-M030-000-031-771">Geschichte (Erzählung)</isebel:keyword>
    <isebel:keyword id="XMD-M030-000-048-310">Tatermarik</isebel:keyword>
  </isebel:keywords>
</isebel:story>