<?xml version='1.0' encoding='UTF-8'?><isebel:story xmlns:isebel="http://www.isebel.eu/ns/isebel" xmlns:dc="http://purl.org/dc/elements/1.1/" xml:id="xmd-s001-000-006-478" xml:lang="deu">
  <dc:identifier>de.wossidia.xmd-s001-000-006-478</dc:identifier>
  <isebel:purl>https://apps.wossidia.de/webapp/run/node/XMD-S001-000-006-478</isebel:purl>
  <dc:title>[6478] Hauptmannsberg</dc:title>
  <dc:title xml:lang="nds"/>
  <isebel:contents>
    <isebel:content xml:lang="nds">bei Carwitz hauptmannsbarg  //  königsbarg hauptmann is klöker wäst as könig  //  dörch hullerbusch in rücken gefallen  //  in rod' grund meisten erschlagen ierd rot worden von bloot.</isebel:content>
  </isebel:contents>
  <isebel:places>
    <isebel:place id="1127">
      <dc:title>Herrnburg</dc:title>
      <dc:title>Hermburg</dc:title>
      <isebel:point>
        <datacite:pointLatitude xmlns:datacite="http://datacite.org/schema/kernel-4">53.83431</datacite:pointLatitude>
        <datacite:pointLongitude xmlns:datacite="http://datacite.org/schema/kernel-4">10.76473</datacite:pointLongitude>
      </isebel:point>
      <isebel:role>narration</isebel:role>
    </isebel:place>
  </isebel:places>
</isebel:story>