<?xml version='1.0' encoding='UTF-8'?><isebel:story xmlns:isebel="http://www.isebel.eu/ns/isebel" xmlns:dc="http://purl.org/dc/elements/1.1/" xml:id="xmd-s001-000-008-985" xml:lang="deu">
  <dc:identifier>de.wossidia.xmd-s001-000-008-985</dc:identifier>
  <isebel:purl>https://apps.wossidia.de/webapp/run/node/XMD-S001-000-008-985</isebel:purl>
  <dc:title>[8985] Raubritter: Erwähnung</dc:title>
  <dc:title xml:lang="nds"/>
  <isebel:contents>
    <isebel:content xml:lang="nds">Wenn Stuer-Hans sin Burg verlaten ded, let hei dei Brügg äwer denn' Graben. An dei beiden Enden von dei Brügg wiren Käden, dei güngen äwer Kammräd. Wenn hei denn räwer wir, wenn hei dei Brügg wedder up, un denn künn dat keiner seihn, ob hei weg wir.</isebel:content>
  </isebel:contents>
</isebel:story>