<?xml version='1.0' encoding='UTF-8'?><isebel:story xmlns:isebel="http://www.isebel.eu/ns/isebel" xmlns:dc="http://purl.org/dc/elements/1.1/" xml:id="xmd-s001-000-006-564" xml:lang="deu">
  <dc:identifier>de.wossidia.xmd-s001-000-006-564</dc:identifier>
  <isebel:purl>https://apps.wossidia.de/webapp/run/node/XMD-S001-000-006-564</isebel:purl>
  <dc:title>[6564] Papedönke / Schnur über Weg</dc:title>
  <dc:title xml:lang="nds"/>
  <isebel:contents>
    <isebel:content xml:lang="nds">Papemätenbarg. hett ne ünnerhöhlung makt.......klockenzug.......... wat röwerpassiert is, hett he afkappt... de köpp hett he all upbewohrt. (de sweinjack). öwer dat hett ok 'n endziel hebben süllt. frugensminsch.......kinner mit tügt.......nie wechlaten....... na mark ...... fatt arften ...... will se naströgen, wo se de mihrsten fallen laten ded, dor süllen se ringahn. Se makt dat richtig af..... ne besatzung is mitgahn. kram uphürt worden.</isebel:content>
  </isebel:contents>
</isebel:story>