<?xml version='1.0' encoding='UTF-8'?><isebel:story xmlns:isebel="http://www.isebel.eu/ns/isebel" xmlns:dc="http://purl.org/dc/elements/1.1/" xml:id="xmd-s001-000-005-089" xml:lang="deu">
  <dc:identifier>de.wossidia.xmd-s001-000-005-089</dc:identifier>
  <isebel:purl>https://apps.wossidia.de/webapp/run/node/XMD-S001-000-005-089</isebel:purl>
  <dc:title>[5089] Scheidengänger</dc:title>
  <dc:title xml:lang="nds"/>
  <isebel:contents>
    <isebel:content xml:lang="nds">wenn s.1) scheeden gahn hebben, "hi ho hup, hier geit de fohr ümmer grad rup." (ubi nescit) 

1) scheidengänger</isebel:content>
  </isebel:contents>
  <isebel:places>
    <isebel:place id="13301">
      <dc:title>Klein Roge</dc:title>
      <isebel:point>
        <datacite:pointLatitude xmlns:datacite="http://datacite.org/schema/kernel-4">53.78406</datacite:pointLatitude>
        <datacite:pointLongitude xmlns:datacite="http://datacite.org/schema/kernel-4">12.51002</datacite:pointLongitude>
      </isebel:point>
      <isebel:role>narration</isebel:role>
    </isebel:place>
  </isebel:places>
  <isebel:persons>
    <isebel:person id="10003806">
      <isebel:name>Kruse</isebel:name>
      <isebel:gender>Frau</isebel:gender>
      <isebel:role>narrator</isebel:role>
    </isebel:person>
  </isebel:persons>
  <isebel:events>
    <isebel:event id="990010753">
      <isebel:date>1911-01-22</isebel:date>
      <isebel:role>narration</isebel:role>
    </isebel:event>
  </isebel:events>
</isebel:story>