<?xml version='1.0' encoding='UTF-8'?><isebel:story xmlns:isebel="http://www.isebel.eu/ns/isebel" xmlns:dc="http://purl.org/dc/elements/1.1/" xml:id="xmd-s001-000-008-388" xml:lang="deu">
  <dc:identifier>de.wossidia.xmd-s001-000-008-388</dc:identifier>
  <isebel:purl>https://apps.wossidia.de/webapp/run/node/XMD-S001-000-008-388</isebel:purl>
  <dc:title>[8388] Tote: Wiederkehr</dc:title>
  <dc:title xml:lang="nds"/>
  <isebel:contents>
    <isebel:content xml:lang="nds">De Vadder is storben un Mudder ok. Dat Mäten is bi't Kätelputzen süht ehr oll Mudder mit ne witt Huw, steiht hinner ehr. Naher de Vadder ok, steiht in'n Rookfang, pust ehr de Lamp ut. Se is krank worden. Dor is Scharprichter kamen (se bringen de Koh na'n Bullen. Dee seggt: seht ji dat nich, dat'n rootjäckig Kierl up de Koh sitt. Se ledden to Huus un hebben em Eier inslagen.) Dee hett ehr radt, du möst den Mann (Geist) up de Nack nähmen un unner't Dack rümdragen, dat em de Maan nich beschient. Dat hett se dahn, dor is se gesund worden.</isebel:content>
  </isebel:contents>
</isebel:story>