<?xml version='1.0' encoding='UTF-8'?><isebel:story xmlns:isebel="http://www.isebel.eu/ns/isebel" xmlns:dc="http://purl.org/dc/elements/1.1/" xml:id="xmd-s001-000-007-278" xml:lang="deu">
  <dc:identifier>de.wossidia.xmd-s001-000-007-278</dc:identifier>
  <isebel:purl>https://apps.wossidia.de/webapp/run/node/XMD-S001-000-007-278</isebel:purl>
  <dc:title>[7278] Frevel / Sündflut: Müritz</dc:title>
  <dc:title xml:lang="nds"/>
  <isebel:contents>
    <isebel:content xml:lang="nds">Müritz is in 7 Seen wäst. Dat möt dörch de Sündflut kamen sin, dat dat een See worden is. Middewägs sall inne Müritz 'n groten Steen liggen.</isebel:content>
  </isebel:contents>
</isebel:story>