<?xml version='1.0' encoding='UTF-8'?><isebel:story xmlns:isebel="http://www.isebel.eu/ns/isebel" xmlns:dc="http://purl.org/dc/elements/1.1/" xml:id="xmd-s001-000-004-863" xml:lang="deu">
  <dc:identifier>de.wossidia.xmd-s001-000-004-863</dc:identifier>
  <isebel:purl>https://apps.wossidia.de/webapp/run/node/XMD-S001-000-004-863</isebel:purl>
  <dc:title>[4863] Aalblüster</dc:title>
  <dc:title xml:lang="nds"/>
  <isebel:contents>
    <isebel:content xml:lang="nds">Up'n Heiligen Abend hett he jo woll blüst. (Strand Niendorf).</isebel:content>
  </isebel:contents>
</isebel:story>