<?xml version='1.0' encoding='UTF-8'?><isebel:story xmlns:isebel="http://www.isebel.eu/ns/isebel" xmlns:dc="http://purl.org/dc/elements/1.1/" xml:id="xmd-s001-000-002-046" xml:lang="deu">
  <dc:identifier>de.wossidia.xmd-s001-000-002-046</dc:identifier>
  <isebel:purl>https://apps.wossidia.de/webapp/run/node/XMD-S001-000-002-046</isebel:purl>
  <dc:title>[2046] scheintot</dc:title>
  <dc:title xml:lang="nds"/>
  <isebel:contents>
    <isebel:content xml:lang="nds">Eichlers diern in Nbrd.1) is 14 dag schiendoot wäst. Se hett secht: dat würd 'n stark gewitter kamen, wenn dat rupkamen ded, denn süllen se ehr begraben. (se hebben 'n speegel vör ehr lecht; is ümmer noch wraten up kamen). gewitter is nich rupkamen. (ik hadd all lang wahnt‚ vör 20/22 jahr ungefihr is dat wäst). Se hett noch lang' läwt nah. 

1) Neubrandenburg</isebel:content>
  </isebel:contents>
</isebel:story>