<?xml version='1.0' encoding='UTF-8'?><isebel:story xmlns:isebel="http://www.isebel.eu/ns/isebel" xmlns:dc="http://purl.org/dc/elements/1.1/" xml:id="xmd-s001-000-006-122" xml:lang="deu">
  <dc:identifier>de.wossidia.xmd-s001-000-006-122</dc:identifier>
  <isebel:purl>https://apps.wossidia.de/webapp/run/node/XMD-S001-000-006-122</isebel:purl>
  <dc:title>[6122] Untergangder Stadt Vagelsang</dc:title>
  <dc:title xml:lang="nds"/>
  <isebel:contents>
    <isebel:content xml:lang="nds">As da 7 jährig Krieg wäst is, hebben se fragt na Stadt Vagelsang.
Hett lägen von dor na Vagelsang hen.</isebel:content>
  </isebel:contents>
</isebel:story>