<?xml version='1.0' encoding='UTF-8'?><isebel:story xmlns:isebel="http://www.isebel.eu/ns/isebel" xmlns:dc="http://purl.org/dc/elements/1.1/" xml:id="xmd-s001-000-002-819" xml:lang="deu">
  <dc:identifier>de.wossidia.xmd-s001-000-002-819</dc:identifier>
  <isebel:purl>https://apps.wossidia.de/webapp/run/node/XMD-S001-000-002-819</isebel:purl>
  <dc:title>[2819] Tote / Sonstiges</dc:title>
  <dc:title xml:lang="nds"/>
  <isebel:contents>
    <isebel:content xml:lang="nds">(ubi nescit). // Oll Fräuleins hebben wahnt (na Klüschendörp hen, glöw ik, is dat wäst). Dat is son Insel wäst. Dat Goot is verköfft wäst‚ sünd keen Erben wäst. Wenn de Lüd bi't Melken wäst sünd, sünd witt gekleedte Gestalten rinkamen ahn Kopp... Se hebben meent, dat dat de früheren Besitzer wäst wieren‚ (männl. un weibl.). 
Schuhmacher, Schwerin. 
8. 2. 14.</isebel:content>
  </isebel:contents>
</isebel:story>