<?xml version='1.0' encoding='UTF-8'?><isebel:story xmlns:isebel="http://www.isebel.eu/ns/isebel" xmlns:dc="http://purl.org/dc/elements/1.1/" xml:id="xmd-s001-000-002-410" xml:lang="deu">
  <dc:identifier>de.wossidia.xmd-s001-000-002-410</dc:identifier>
  <isebel:purl>https://apps.wossidia.de/webapp/run/node/XMD-S001-000-002-410</isebel:purl>
  <dc:title>[2410] 30-jähriger Krieg</dc:title>
  <dc:title xml:lang="nds"/>
  <isebel:contents>
    <isebel:content xml:lang="nds">Carwitzer See: brücke, de Sweden hebben se afbrennt, de Franzosen hebben se söcht.</isebel:content>
  </isebel:contents>
  <isebel:places>
    <isebel:place id="424">
      <dc:title>Carwitzer See</dc:title>
      <isebel:role>narration</isebel:role>
    </isebel:place>
  </isebel:places>
  <isebel:persons>
    <isebel:person id="10003468">
      <isebel:name>Köller</isebel:name>
      <isebel:gender>Herr</isebel:gender>
      <isebel:role>narrator</isebel:role>
      <isebel:profession>Eigentümer</isebel:profession>
    </isebel:person>
  </isebel:persons>
  <isebel:events>
    <isebel:event id="990012207">
      <isebel:date>1923-05-07</isebel:date>
      <isebel:role>narration</isebel:role>
    </isebel:event>
  </isebel:events>
</isebel:story>