<?xml version='1.0' encoding='UTF-8'?><isebel:story xmlns:isebel="http://www.isebel.eu/ns/isebel" xmlns:dc="http://purl.org/dc/elements/1.1/" xml:id="xmd-s001-000-008-805" xml:lang="deu">
  <dc:identifier>de.wossidia.xmd-s001-000-008-805</dc:identifier>
  <isebel:purl>https://apps.wossidia.de/webapp/run/node/XMD-S001-000-008-805</isebel:purl>
  <dc:title>[8805] Raubritter: Erwähnung</dc:title>
  <dc:title xml:lang="nds"/>
  <isebel:contents>
    <isebel:content xml:lang="nds">de Quitzows hebben in Laupin ehr niederlag hatt in Schepers Erbp.1) gehöfft. (gehört jetzt noch einem Scheper), von dor ut na'n bwall2) is 'n gang wäst. (ca 1 stunde weges.) 

1) Erbpacht 
2) burgwall</isebel:content>
  </isebel:contents>
</isebel:story>