<?xml version='1.0' encoding='UTF-8'?><isebel:story xmlns:isebel="http://www.isebel.eu/ns/isebel" xmlns:dc="http://purl.org/dc/elements/1.1/" xml:id="xmd-s001-000-003-743" xml:lang="deu">
  <dc:identifier>de.wossidia.xmd-s001-000-003-743</dc:identifier>
  <isebel:purl>https://apps.wossidia.de/webapp/run/node/XMD-S001-000-003-743</isebel:purl>
  <dc:title>[3743] Kindesmord</dc:title>
  <dc:title xml:lang="nds"/>
  <isebel:contents>
    <isebel:content xml:lang="nds">Marien Renzen hett se heiten, dee is köppt worden. De Kambser Preester is na Grabow führt un hett dor prädigt. Dee hett to ehr seggt, wenn se selig werden ded, süll se as witt Duw' kamen........nich selig, as swart Raw. Sünndags, as de Preester na Grabow führt, hett ne witt Duw sinen Wagen ümmer umkreist. Dor hett he gliek bekannt maakt inne Kirch: Marien Renzen wier selig worden.</isebel:content>
  </isebel:contents>
</isebel:story>