<?xml version='1.0' encoding='UTF-8'?><isebel:story xmlns:isebel="http://www.isebel.eu/ns/isebel" xmlns:dc="http://purl.org/dc/elements/1.1/" xml:id="xmd-s001-000-001-058" xml:lang="deu">
  <dc:identifier>de.wossidia.xmd-s001-000-001-058</dc:identifier>
  <isebel:purl>https://apps.wossidia.de/webapp/run/node/XMD-S001-000-001-058</isebel:purl>
  <dc:title>[1058] Frevelsagen</dc:title>
  <dc:title xml:lang="nds"/>
  <isebel:contents>
    <isebel:content xml:lang="nds">Ein Mann kümmt midden in ne Nacht mit pird up dei chaussee lang. dor is nu an dei Sid ein Warelock un wil dei pird ok all döst hebben, leiht hei mit dei pird dal. ut Jux segt hei: "Pird supt, Ware is Win" (Wein). 
Dor röpt ein stimm utn Born: " Denn büst du min". 
Schät büngt, segt dei Kirl un em hett ok keine wat dahn.</isebel:content>
  </isebel:contents>
</isebel:story>