<?xml version='1.0' encoding='UTF-8'?><isebel:story xmlns:isebel="http://www.isebel.eu/ns/isebel" xmlns:dc="http://purl.org/dc/elements/1.1/" xml:id="xmd-s001-000-002-388" xml:lang="deu">
  <dc:identifier>de.wossidia.xmd-s001-000-002-388</dc:identifier>
  <isebel:purl>https://apps.wossidia.de/webapp/run/node/XMD-S001-000-002-388</isebel:purl>
  <dc:title>[2388] Hartherziger Herr</dc:title>
  <dc:title xml:lang="deu"/>
  <dc:title xml:lang="deu"/>
  <dc:title xml:lang="nds"/>
  <isebel:contents>
    <isebel:content xml:lang="deu">In Damshagen ist ein Edelmann gewesen, das ist solch böser Kerl gewesen. Er hat seine Leute bei der Arbeit immer mit der Hundepeitsche angetrieben. Seinen Pferden hat er oftmals die Eisen verkehrt herum auflegen lassen, damit die Leute nicht wissen sollten, wohin er geritten wäre. Solche Sachen hat er immer gemacht. Besonders hat er immer ein Mädchen mißhandelt. Die hat beim Pflügen immer die Pferde antreiben müssen. Da haben die Knechte und die Tagelöhner dem Mädchen einmal Bescheid gesagt, wenn er sie wieder mit der Hundepeitsche schlagen würde, dann sollte sie ihm mit dem Stock über den Kopf hauen, sie würden ihr alle beistehen. Es ist auch so gekommen. Er kommt mal wieder angeritten, als sie beim Pflügen sind, und haut auch gleich wieder auf das Mädchen los. Sie macht es nun so, wie die Hofleute ihr gesagt hatten, und als er ihr nun erst recht Schläge geben will, kommen sie alle über ihn und schlagen ihn dort auf dem Felde tot. Der Edelmann hat eine Mätresse gehabt. Als sie das hört, daß die Leute den Herrn totgeschlagen haben, setzt sie sich rasch zu Pferde und jagt nach der Scheide und bespricht die Scheide, so daß keiner von den Leuten über die Scheide kommen konnte, dann wären sie ja frei gewesen. Nur das Wasser hat sie nicht besprechen können. Und so sind nun doch einige weggekommen, die durchs Wasser gegangen sind. Sieben aber haben sie zu fassen bekommen, und die haben nun alle aufgehängt werden sollen. Sie haben einen Galgen gebaut gehabt, und als sie sechs schon hingerichtet hatten, kam ein Reiter angejagt von Schwerin, der brachte den Befehl, daß nur einer von den sieben hingerichtet werden sollte. Es ist da aber schon zu spät gewesen, und die Erben haben große Strafe nach Schwerin bezahlen müssen. Eins von den Gütern des Herrn, Stellshagen, haben sie gleich verkaufen müssen, und sie sollen bis jetzt immer noch bezahlt haben. Jetzt soll erst das letzte von der Strafe abgezahlt sein.</isebel:content>
    <isebel:content xml:lang="deu">hat pflügende Frauen geschlagen. mit Hunnpietsch
Leute erschlagen ihn</isebel:content>
    <isebel:content xml:lang="nds">To Damshagen is'n Eddelmann west, dat is son bösen Kirl west. Hei hett sin Lüd bi de Arbeit ümmer mit de hunnpitsch andreeben. Sien pierd hett he männigmal dei isen verkihrt uplegen laten, dat dei lüd nich weiten süllen wo hei henräden wier, son sätz hett hei ümmer makt. Besonders hett hei ümmer ein mäten misshandelt. Dei hett bin haken ümmer pierd drieben müsst. Dunn hebben dei knechts un de dagelöhners dat mäten eins bescheid seggt, wenn hei ehr wedder mit de hunnpitsch slagen würd, denn soll sei em mit den stäkerstock (Stock, mit welchem die Erde vom Haken abgestossen wird) öwer den kopp haugen. Sei würden ehr all bistahn. Dat is ok so kamen. Hei kümm mal wedder antoriden, as sei bi´t haken sünd un haugt ok glik wedder up de diern los. Sei makt dat nu so, as de hawlüd ehr seggt hadden, un as hei ehr nu ierst recht weck langen will, kamen se all öwer em un slagen em dor up´n feld dod. De eddelmann hett sin mätress hatt. As se dat hürt, dat de lüd den herrn dod slagen hebben, sett sei sick rasch to pierd un jagt na de scheid hen un bespreckt dei scheid, dat keiner von de lüd öwer de scheid kamen künn, denn wieren sei jo fri west. Blot dat water hett sei nich bespreken künnt. Un so sünd weck doch wegkamen dei dörcht water gehn sünd. Säben äwer hebben sei fast kreegen, un dei hebben nu all hängt warden süllt. Sei hebben einen Galgen bugt hadd un as sei söss all henricht hadden, köm 'n rider antojagen von Schwerin, dei bröcht order, datt man ein von de säben henricht warden süll. Dat is dunn äwer all to spät west un dei arben hebben grote straf na Schwerin betahlen müsst. Ein von den herren sin gäuder Stelzhagen hebben sei glik verköpen müsst, un sei sölen bet jetzt ümmer noch betahlt hebben nu sall ihrst dat letzt von de straf afbetahlt sin.</isebel:content>
  </isebel:contents>
</isebel:story>