<?xml version='1.0' encoding='UTF-8'?><isebel:story xmlns:isebel="http://www.isebel.eu/ns/isebel" xmlns:dc="http://purl.org/dc/elements/1.1/" xml:id="xmd-s001-000-003-994" xml:lang="deu">
  <dc:identifier>de.wossidia.xmd-s001-000-003-994</dc:identifier>
  <isebel:purl>https://apps.wossidia.de/webapp/run/node/XMD-S001-000-003-994</isebel:purl>
  <dc:title>[3994] Wohnsitz Gälknockerberg</dc:title>
  <dc:title xml:lang="nds"/>
  <isebel:contents>
    <isebel:content xml:lang="nds">Dei Barg is früher väl gröter wäst as hüt, hei is mit de Tied afpläugt. Dor sall eins nagraft sien, un dun'n soelen sei Grapens, Pött un Spadens fun'n hem'm.</isebel:content>
  </isebel:contents>
</isebel:story>