<?xml version='1.0' encoding='UTF-8'?><isebel:story xmlns:isebel="http://www.isebel.eu/ns/isebel" xmlns:dc="http://purl.org/dc/elements/1.1/" xml:id="xmd-s001-000-004-101" xml:lang="deu">
  <dc:identifier>de.wossidia.xmd-s001-000-004-101</dc:identifier>
  <isebel:purl>https://apps.wossidia.de/webapp/run/node/XMD-S001-000-004-101</isebel:purl>
  <dc:title>[4101] Petermännchen</dc:title>
  <dc:title xml:lang="nds"/>
  <isebel:contents>
    <isebel:content xml:lang="nds">Petermännchen 
Up dee Sied na See ran is de Stuw von Petermännchen, dat Waschwater is ümmer fuul. 

Grube 
Crivitz 9.4.22</isebel:content>
  </isebel:contents>
</isebel:story>