<?xml version='1.0' encoding='UTF-8'?><isebel:story xmlns:isebel="http://www.isebel.eu/ns/isebel" xmlns:dc="http://purl.org/dc/elements/1.1/" xml:id="xmd-s001-000-000-302" xml:lang="deu">
  <dc:identifier>de.wossidia.xmd-s001-000-000-302</dc:identifier>
  <isebel:purl>https://apps.wossidia.de/webapp/run/node/XMD-S001-000-000-302</isebel:purl>
  <dc:title>[302] Fluch über den Herrenacker</dc:title>
  <dc:title xml:lang="nds"/>
  <dc:title xml:lang="deu"/>
  <isebel:contents>
    <isebel:content xml:lang="nds">Up en Goot het de Herr so vääl Lüüd verbrennt. Een is unschuldig wäst, de het seggt: So gewiß as se nu unschuldig verbrennt würd, so süll keen Kuurn wassen up dennʼ Slag. Dor waßt noch wieder nix as Buxboort, un dat is all Leihmborden.

Erzähler: Zoll, ca. 65 J., im Altersstift Picher, Kreis Hagenow; aus Bresegard, Kreis Hagenow; Aufzeichner: Wossidlo, 5. 8. 1911.</isebel:content>
    <isebel:content xml:lang="deu">Auf einem Gut hat der Herr so viele Leute verbrannt. Eine ist unschuldig gewesen, die hat gesagt: So gewiß, wie sie nun unschuldig verbrannt würde, so gewiß solle kein Korn wachsen auf dem Schlag. Da wächst auch heute weiter nichts als Bocksbart [Borstengras oder Knäuelkraut, tragopogon pratensis], und es ist alles Lehmboden.</isebel:content>
  </isebel:contents>
  <isebel:places>
    <isebel:place id="325">
      <dc:title>Bresegard</dc:title>
      <dc:title>Bresegard</dc:title>
      <isebel:point>
        <datacite:pointLatitude xmlns:datacite="http://datacite.org/schema/kernel-4">53.24681</datacite:pointLatitude>
        <datacite:pointLongitude xmlns:datacite="http://datacite.org/schema/kernel-4">11.37171</datacite:pointLongitude>
      </isebel:point>
      <isebel:role>narration</isebel:role>
    </isebel:place>
  </isebel:places>
  <isebel:persons>
    <isebel:person id="10007871">
      <isebel:name>Zoll</isebel:name>
      <isebel:role>narrator</isebel:role>
      <isebel:livingPlace id="325">
        <dc:title>Bresegard</dc:title>
        <isebel:point>
          <datacite:pointLatitude xmlns:datacite="http://datacite.org/schema/kernel-4">53.24681</datacite:pointLatitude>
          <datacite:pointLongitude xmlns:datacite="http://datacite.org/schema/kernel-4">11.37171</datacite:pointLongitude>
        </isebel:point>
      </isebel:livingPlace>
    </isebel:person>
  </isebel:persons>
  <isebel:events>
    <isebel:event id="990011218">
      <isebel:date>1911-08-05</isebel:date>
      <isebel:role>narration</isebel:role>
    </isebel:event>
  </isebel:events>
  <isebel:keywords>
    <isebel:keyword id="XMD-M030-000-000-783">Herr</isebel:keyword>
    <isebel:keyword id="XMD-M030-000-001-977">Leute</isebel:keyword>
    <isebel:keyword id="XMD-M030-000-006-926">Kornanbau</isebel:keyword>
    <isebel:keyword id="XMD-M030-000-007-289">Lehm</isebel:keyword>
    <isebel:keyword id="XMD-M030-000-010-675">unschuldig</isebel:keyword>
    <isebel:keyword id="XMD-M030-000-010-804">verbrennen</isebel:keyword>
    <isebel:keyword id="XMD-M030-000-011-092">wachsen</isebel:keyword>
    <isebel:keyword id="XMD-M030-000-031-628">Gut, das</isebel:keyword>
  </isebel:keywords>
</isebel:story>