<?xml version='1.0' encoding='UTF-8'?><isebel:story xmlns:isebel="http://www.isebel.eu/ns/isebel" xmlns:dc="http://purl.org/dc/elements/1.1/" xml:id="xmd-s001-000-010-210" xml:lang="deu">
  <dc:identifier>de.wossidia.xmd-s001-000-010-210</dc:identifier>
  <isebel:purl>https://apps.wossidia.de/webapp/run/node/XMD-S001-000-010-210</isebel:purl>
  <dc:title>[10210] Schätze: Goldene Krone</dc:title>
  <dc:title xml:lang="nds"/>
  <isebel:contents>
    <isebel:content xml:lang="nds">De Post het führt von hier na Nistrelitz. As de Kutscher gegen den'n Barg (Kl. Quassower) kümmt, het dat so schwer gahn, dat de Pierd sünd ganz schümig worden, un he het doch gor kenen up hat. Dunn het he sik ümkeken un het / 'n Presta in'n Wagen sehn. Dünn het he 'n Krüzknall dahn, un de Presta is koppäwer ut'n Wagen schaten, dat he't noch in de Speken het klappern hürt un den is't wera leicht furt gahn. -
(In den Barg sall ok ne Kron vergrawen liggen.)</isebel:content>
  </isebel:contents>
</isebel:story>