<?xml version='1.0' encoding='UTF-8'?><isebel:story xmlns:isebel="http://www.isebel.eu/ns/isebel" xmlns:dc="http://purl.org/dc/elements/1.1/" xml:id="xmd-s001-000-002-258" xml:lang="deu">
  <dc:identifier>de.wossidia.xmd-s001-000-002-258</dc:identifier>
  <isebel:purl>https://apps.wossidia.de/webapp/run/node/XMD-S001-000-002-258</isebel:purl>
  <dc:title>[2258] Totenmesse</dc:title>
  <dc:title xml:lang="deu"/>
  <dc:title xml:lang="nds"/>
  <dc:title xml:lang="eng"/>
  <isebel:contents>
    <isebel:content xml:lang="deu">… will x haben. [Der] Besen hat hochgestanden, [mit dem] Stiel auf der Erde, nicht angekommen.</isebel:content>
    <isebel:content xml:lang="nds">... will X haben. bessen hett in höchten stahn, stäl an de ier, nich ankamen.</isebel:content>
    <isebel:content xml:lang="eng">… wants to have x. [The] broom has been standing straight [with the] broomstick on the ground, not arrived.</isebel:content>
  </isebel:contents>
</isebel:story>