<?xml version='1.0' encoding='UTF-8'?><isebel:story xmlns:isebel="http://www.isebel.eu/ns/isebel" xmlns:dc="http://purl.org/dc/elements/1.1/" xml:id="xmd-s001-000-002-306" xml:lang="deu">
  <dc:identifier>de.wossidia.xmd-s001-000-002-306</dc:identifier>
  <isebel:purl>https://apps.wossidia.de/webapp/run/node/XMD-S001-000-002-306</isebel:purl>
  <dc:title>[2306] Wallenstein</dc:title>
  <dc:title xml:lang="deu"/>
  <isebel:contents>
    <isebel:content xml:lang="deu">An der St. Georgstrasse am Eingange zum St. Georg (jetzt St. Jürgen Str.) steht eine alte Linde, die den Namen (die "Wallensteins Linde" führt. Unter ihr sollen nach dem Rückzuge von Stralsund die Wallensteiner gelagert  haben und soll die Kapitulation der Stadt Rostock mit Wallenstein abgeschlossen sein. 

(siehe Zeichnung auf Original.)</isebel:content>
  </isebel:contents>
</isebel:story>