<?xml version='1.0' encoding='UTF-8'?><isebel:story xmlns:isebel="http://www.isebel.eu/ns/isebel" xmlns:dc="http://purl.org/dc/elements/1.1/" xml:id="xmd-s001-000-009-360" xml:lang="deu">
  <dc:identifier>de.wossidia.xmd-s001-000-009-360</dc:identifier>
  <isebel:purl>https://apps.wossidia.de/webapp/run/node/XMD-S001-000-009-360</isebel:purl>
  <dc:title>[9360] Raubritter</dc:title>
  <dc:title xml:lang="deu"/>
  <isebel:contents>
    <isebel:content xml:lang="deu">In den Wrechener See führte ein Bach von dem Lichtenberger See, Mühlenbach genannt, es liegt auch noch eine zerfallene Mühle an dem Bach, über diesen Bach soll früher eine Zugbrücke gewesen sein. In meiner Jugend standen noch einige eichene Pföste daran, die davon herrühren sollen. Jetzt sind sie fortgenommen. Auf der Insel in dem See soll früher ein Raubritter von Dorne gelebt haben und auf der Zugbrücke die Reisenden abgefangen haben, diese sind dann nach Wolfshagen gebracht und in den Fangelturm geworfen. Später hat man den Ritter auch fangen wollen, da ist er mit seiner einzigen Tochter in einem Kahn hinauf auf den See gefahren. In dem Boden des Kahns ist ein großes Loch gewesen, daß durch einen Zapfen verschlossen gewesen ist. Als er sich nicht mehr hat retten können, hat den Zapfen rausgestoßen und sich mit seiner Tochter ertränkt.</isebel:content>
  </isebel:contents>
</isebel:story>