<?xml version='1.0' encoding='UTF-8'?><isebel:story xmlns:isebel="http://www.isebel.eu/ns/isebel" xmlns:dc="http://purl.org/dc/elements/1.1/" xml:id="xmd-s001-000-010-348" xml:lang="deu">
  <dc:identifier>de.wossidia.xmd-s001-000-010-348</dc:identifier>
  <isebel:purl>https://apps.wossidia.de/webapp/run/node/XMD-S001-000-010-348</isebel:purl>
  <dc:title>[10348] Licht in Kirche</dc:title>
  <dc:title xml:lang="deu"/>
  <isebel:contents>
    <isebel:content xml:lang="deu">In der Schwinkendorfer Kirche konnte man in der Passionszeit 3 Lichter brennen sehen, die in Schwinkendorf Aufsehen erregten. Dies wollten die Leute nicht glauben, bis daß der Pastor und der Küster selbst hinein gingen und sich herausstellte, daß es 3 Mädels waren, die in der Hand je ein Licht hatten.</isebel:content>
  </isebel:contents>
</isebel:story>