<?xml version='1.0' encoding='UTF-8'?><isebel:story xmlns:isebel="http://www.isebel.eu/ns/isebel" xmlns:dc="http://purl.org/dc/elements/1.1/" xml:id="xmd-s001-000-004-235" xml:lang="deu">
  <dc:identifier>de.wossidia.xmd-s001-000-004-235</dc:identifier>
  <isebel:purl>https://apps.wossidia.de/webapp/run/node/XMD-S001-000-004-235</isebel:purl>
  <dc:title>[4235] Fluchen</dc:title>
  <dc:title xml:lang="deu"/>
  <isebel:contents>
    <isebel:content xml:lang="deu">Eine junge Dirne wollte nicht heiraten, sie verfluchte sich und den Tag, wenn dies doch geschehen würde. Trotzdem verlobte sie sich. Vor der Hochzeit ging sie in die Stadt, um allerlei Band zu ihrer Hochzeitskrone zu kaufen. Nachdem sie alles gekauft, sieht sie noch ein kleines Stück Band, welches sie sich als Zugabe erbittet. Der Kaufmann will ihr das Endchen Band nicht geben; erst auf längeres Bitten der Braut giebt er ihr dasselbe mit den Worten: "Geh damit, zu Gott". Die Frau Pastorin, die die Brautkrone bindet, fügt auch das Stück Band "Geh damit zu Gott" mit ein. Der Hochzeitstag kommt. Nach der Trauung wird getanzt. Auf einmal stellt sich ein Gast ein, der nicht zu den Geladenen gehört,er bittet den jungen Mann, ob er nicht auch einmal mit seiner jungen Frau tanzen dürfe, was ihm gestattet wird. Als die Beiden etliche Male herumgetanzt, sind sie verschwunden. Ein Hirte auf dem Felde sieht ein Paar im Dorngestrüpp tanzen; aber das Band "Geh damit zu Gott" will nicht abreißen. Der Tänzer fordert dann den Hirten auf, er soll das Band aus der Krone nehmen, dieser will es aber nicht thun. Darauf giebt der Tänzer dem Hirten viel Geld, und nun reißt dieser das Band (Geh damit zu Gott") aus der Krone der jungen Frau und beide sind verschwunden.</isebel:content>
  </isebel:contents>
</isebel:story>