<?xml version='1.0' encoding='UTF-8'?><isebel:story xmlns:isebel="http://www.isebel.eu/ns/isebel" xmlns:dc="http://purl.org/dc/elements/1.1/" xml:id="xmd-s001-000-003-923" xml:lang="deu">
  <dc:identifier>de.wossidia.xmd-s001-000-003-923</dc:identifier>
  <isebel:purl>https://apps.wossidia.de/webapp/run/node/XMD-S001-000-003-923</isebel:purl>
  <dc:title>[3923] Tierverwandlung Gälknocker</dc:title>
  <dc:title xml:lang="nds"/>
  <isebel:contents>
    <isebel:content xml:lang="nds">﻿Gk.* is Pierd ahn Kopp, ward to Rehbock.

* Gälknoeker</isebel:content>
  </isebel:contents>
</isebel:story>