<?xml version='1.0' encoding='UTF-8'?><isebel:story xmlns:isebel="http://www.isebel.eu/ns/isebel" xmlns:dc="http://purl.org/dc/elements/1.1/" xml:id="xmd-s001-000-004-885" xml:lang="deu">
  <dc:identifier>de.wossidia.xmd-s001-000-004-885</dc:identifier>
  <isebel:purl>https://apps.wossidia.de/webapp/run/node/XMD-S001-000-004-885</isebel:purl>
  <dc:title>[4885] Namensgebung Dorf: Warbende</dc:title>
  <dc:title xml:lang="deu"/>
  <isebel:contents>
    <isebel:content xml:lang="deu">Wovon Warbende seinen Namen hat.
In alten Zeiten besaßen die Herrn von Warburg große Ländereien und Güter. Ihre Besitzungen reichten bis Warbende = Warburgs-Ende, woraus Warbende gebildet wurde.</isebel:content>
  </isebel:contents>
</isebel:story>