<?xml version='1.0' encoding='UTF-8'?><isebel:story xmlns:isebel="http://www.isebel.eu/ns/isebel" xmlns:dc="http://purl.org/dc/elements/1.1/" xml:id="xmd-s001-000-001-061" xml:lang="deu">
  <dc:identifier>de.wossidia.xmd-s001-000-001-061</dc:identifier>
  <isebel:purl>https://apps.wossidia.de/webapp/run/node/XMD-S001-000-001-061</isebel:purl>
  <dc:title>[1061] Frevelsagen</dc:title>
  <dc:title xml:lang="deu"/>
  <isebel:contents>
    <isebel:content xml:lang="deu">Suckower grenze. pastor struensee lobt kolbow, der unrechtes getan: da spuk auf Kirchenboden.</isebel:content>
  </isebel:contents>
  <isebel:places>
    <isebel:place id="1814">
      <dc:title>Marnitz</dc:title>
      <isebel:point>
        <datacite:pointLatitude xmlns:datacite="http://datacite.org/schema/kernel-4">53.31765</datacite:pointLatitude>
        <datacite:pointLongitude xmlns:datacite="http://datacite.org/schema/kernel-4">11.92866</datacite:pointLongitude>
      </isebel:point>
      <isebel:role>narration</isebel:role>
    </isebel:place>
    <isebel:place id="2755">
      <dc:title>Suckow</dc:title>
      <isebel:point>
        <datacite:pointLatitude xmlns:datacite="http://datacite.org/schema/kernel-4">53.30932</datacite:pointLatitude>
        <datacite:pointLongitude xmlns:datacite="http://datacite.org/schema/kernel-4">11.97032</datacite:pointLongitude>
      </isebel:point>
      <isebel:role>action</isebel:role>
    </isebel:place>
  </isebel:places>
  <isebel:persons>
    <isebel:person id="10003173">
      <isebel:name>Kähler</isebel:name>
      <isebel:gender>Herr</isebel:gender>
      <isebel:role>narrator</isebel:role>
      <isebel:profession>Gärtner</isebel:profession>
      <isebel:livingPlace id="2755">
        <dc:title>Suckow</dc:title>
        <isebel:point>
          <datacite:pointLatitude xmlns:datacite="http://datacite.org/schema/kernel-4">53.30932</datacite:pointLatitude>
          <datacite:pointLongitude xmlns:datacite="http://datacite.org/schema/kernel-4">11.97032</datacite:pointLongitude>
        </isebel:point>
      </isebel:livingPlace>
    </isebel:person>
  </isebel:persons>
  <isebel:events>
    <isebel:event id="990011258">
      <isebel:date>1913-07-14</isebel:date>
      <isebel:role>narration</isebel:role>
    </isebel:event>
  </isebel:events>
  <isebel:keywords>
    <isebel:keyword id="XMD-M030-000-000-518">Spuk</isebel:keyword>
    <isebel:keyword id="XMD-M030-000-000-751">Pastor</isebel:keyword>
    <isebel:keyword id="XMD-M030-000-000-882">Kirche (Gebäude)</isebel:keyword>
    <isebel:keyword id="XMD-M030-000-001-336">Unrecht</isebel:keyword>
    <isebel:keyword id="XMD-M030-000-005-504">Grenze</isebel:keyword>
    <isebel:keyword id="XMD-M030-000-007-403">loben</isebel:keyword>
  </isebel:keywords>
</isebel:story>