<?xml version='1.0' encoding='UTF-8'?><isebel:story xmlns:isebel="http://www.isebel.eu/ns/isebel" xmlns:dc="http://purl.org/dc/elements/1.1/" xml:id="xmd-s001-000-006-096" xml:lang="deu">
  <dc:identifier>de.wossidia.xmd-s001-000-006-096</dc:identifier>
  <isebel:purl>https://apps.wossidia.de/webapp/run/node/XMD-S001-000-006-096</isebel:purl>
  <dc:title>[6096] Untergang einer Stadt im Nistädter See</dc:title>
  <dc:title xml:lang="nds"/>
  <isebel:contents>
    <isebel:content xml:lang="nds">De oll Fru Smink in Nistadt hett vertellt:
Direkt öwern See kann man nich führen, in de Midd kippt dat Boot üm.
Dor sall 'n Strudel sin, wo de Stadt ünnergahn is.</isebel:content>
  </isebel:contents>
</isebel:story>