<?xml version='1.0' encoding='UTF-8'?><isebel:story xmlns:isebel="http://www.isebel.eu/ns/isebel" xmlns:dc="http://purl.org/dc/elements/1.1/" xml:id="xmd-s001-000-009-122" xml:lang="deu">
  <dc:identifier>de.wossidia.xmd-s001-000-009-122</dc:identifier>
  <isebel:purl>https://apps.wossidia.de/webapp/run/node/XMD-S001-000-009-122</isebel:purl>
  <dc:title>[9122] Raubritter: Hufeisen verkehrt</dc:title>
  <dc:title xml:lang="nds"/>
  <isebel:contents>
    <isebel:content xml:lang="nds">Basswitz is wol in smäd wäst, süll em 'n god' isen upleggen. B. hett 5 isen dörchbraken. De gesell hett ok mihr as broot äten künnt. nimmt 'n oll isen, dats goot, secht B. De smidt sall sik 't geld halen........ De gesell secht, he wull wol hengahn. Gifft em 'n güllen. Den'n breckt he dörch un smitt he hen, dee döcht nicks, so 5 stück, den 6. steckt he in, dee wier goot. haalt 'n dutz tinnern töllers, dee bögt he krumm tosam. De gesell hett se wedder grad bögt, hier hest din geld un mak, dat du na huus kümmst. Se hebben em (B.) vagelfrie gäben, se hebben nasöcht, dee hett 't isen verkihrt upleggt. hollänner un 'n jäger un noch een hebben em dootslahn, hebben de stuw apenbraken. (laden gewahr hett he bi sik hatt.)</isebel:content>
  </isebel:contents>
  <isebel:places>
    <isebel:place id="351">
      <dc:title>Brüel</dc:title>
      <dc:title>Bruel</dc:title>
      <isebel:point>
        <datacite:pointLatitude xmlns:datacite="http://datacite.org/schema/kernel-4">53.73793</datacite:pointLatitude>
        <datacite:pointLongitude xmlns:datacite="http://datacite.org/schema/kernel-4">11.71474</datacite:pointLongitude>
      </isebel:point>
      <isebel:role>narration</isebel:role>
    </isebel:place>
  </isebel:places>
  <isebel:persons>
    <isebel:person id="10004853">
      <isebel:name>Ohms</isebel:name>
      <isebel:role>narrator</isebel:role>
      <isebel:livingPlace id="2789">
        <dc:title>Tempzin</dc:title>
        <isebel:point>
          <datacite:pointLatitude xmlns:datacite="http://datacite.org/schema/kernel-4">53.76071</datacite:pointLatitude>
          <datacite:pointLongitude xmlns:datacite="http://datacite.org/schema/kernel-4">11.68642</datacite:pointLongitude>
        </isebel:point>
      </isebel:livingPlace>
    </isebel:person>
  </isebel:persons>
  <isebel:events>
    <isebel:event id="990011189">
      <isebel:date>1912-10-03</isebel:date>
      <isebel:role>narration</isebel:role>
    </isebel:event>
  </isebel:events>
</isebel:story>