<?xml version='1.0' encoding='UTF-8'?><isebel:story xmlns:isebel="http://www.isebel.eu/ns/isebel" xmlns:dc="http://purl.org/dc/elements/1.1/" xml:id="xmd-s001-000-005-402" xml:lang="deu">
  <dc:identifier>de.wossidia.xmd-s001-000-005-402</dc:identifier>
  <isebel:purl>https://apps.wossidia.de/webapp/run/node/XMD-S001-000-005-402</isebel:purl>
  <dc:title>[5402] Wiederkehr / Pastor</dc:title>
  <dc:title xml:lang="nds"/>
  <isebel:contents>
    <isebel:content xml:lang="nds">Bi enen (nescit ubi) preester is ümmer een uppe studierstuw wäst, dee hett schräben. Dat hebben de lüd' ümmer sehn. Dor secht de nie preester se soelen 't em weeten laten, wenn he sik wedder zeigt. Se ropen em, he geit rin un fröcht den geist, wat he dor to schriben hadd. Ich schreib all deine Sünden auf. Dor secht de Paster dass sie mit Christi blut bezahlet sind. Annern morgen is de paster doot wäst.</isebel:content>
  </isebel:contents>
</isebel:story>