<?xml version='1.0' encoding='UTF-8'?><isebel:story xmlns:isebel="http://www.isebel.eu/ns/isebel" xmlns:dc="http://purl.org/dc/elements/1.1/" xml:id="xmd-s001-000-007-057" xml:lang="deu">
  <dc:identifier>de.wossidia.xmd-s001-000-007-057</dc:identifier>
  <isebel:purl>https://apps.wossidia.de/webapp/run/node/XMD-S001-000-007-057</isebel:purl>
  <dc:title>[7057] 30-jähriger Krieg</dc:title>
  <dc:title xml:lang="nds"/>
  <isebel:contents>
    <isebel:content xml:lang="nds">Grvadder1) is bi de Husoren wäst in' 30j. Krieg, dee vertellte: se hebben sik 'n Hund aftreckt un twesnäden un dat Fleesch unnern Sattel leggt un goor räden. Ton Kaken hebben's keen Tiet hatt.

1) Großvadder</isebel:content>
  </isebel:contents>
</isebel:story>