<?xml version='1.0' encoding='UTF-8'?><isebel:story xmlns:isebel="http://www.isebel.eu/ns/isebel" xmlns:dc="http://purl.org/dc/elements/1.1/" xml:id="xmd-s001-000-009-576" xml:lang="deu">
  <dc:identifier>de.wossidia.xmd-s001-000-009-576</dc:identifier>
  <isebel:purl>https://apps.wossidia.de/webapp/run/node/XMD-S001-000-009-576</isebel:purl>
  <dc:title>[9576] Geld brennen: wird bewacht</dc:title>
  <dc:title xml:lang="nds"/>
  <isebel:contents>
    <isebel:content xml:lang="nds">Mien Swiegervadder wier ut Ostörp. in dat Holt Friedrichsthal hett Geld brennt. Smädlüd' hebben dorbi arbeit't. se hebben se kloppen hüürt.</isebel:content>
  </isebel:contents>
</isebel:story>