<?xml version='1.0' encoding='UTF-8'?><isebel:story xmlns:isebel="http://www.isebel.eu/ns/isebel" xmlns:dc="http://purl.org/dc/elements/1.1/" xml:id="xmd-s001-000-004-404" xml:lang="deu">
  <dc:identifier>de.wossidia.xmd-s001-000-004-404</dc:identifier>
  <isebel:purl>https://apps.wossidia.de/webapp/run/node/XMD-S001-000-004-404</isebel:purl>
  <dc:title>[4404] Gälknoeker: Bullerballer</dc:title>
  <dc:title xml:lang="nds"/>
  <isebel:contents>
    <isebel:content xml:lang="nds">ln den Barg sall he logiert hebben. Na hett em 't Gewitter doot slahn.</isebel:content>
  </isebel:contents>
</isebel:story>