<?xml version='1.0' encoding='UTF-8'?><isebel:story xmlns:isebel="http://www.isebel.eu/ns/isebel" xmlns:dc="http://purl.org/dc/elements/1.1/" xml:id="xmd-s001-000-008-223" xml:lang="deu">
  <dc:identifier>de.wossidia.xmd-s001-000-008-223</dc:identifier>
  <isebel:purl>https://apps.wossidia.de/webapp/run/node/XMD-S001-000-008-223</isebel:purl>
  <dc:title>[8223] Lokalsage: Galgen</dc:title>
  <dc:title xml:lang="nds"/>
  <isebel:contents>
    <isebel:content xml:lang="nds">Von de Sneedräw wier en Tacken afbraken. Lawer = Ladwig schneidet sich 'n Stück aus Leiche vom Galgen. Nachts Stimme bei ihm: Murer Ladwig sitt up hogen Bänken, dee ward wenig an uns denken.</isebel:content>
  </isebel:contents>
</isebel:story>