<?xml version='1.0' encoding='UTF-8'?><isebel:story xmlns:isebel="http://www.isebel.eu/ns/isebel" xmlns:dc="http://purl.org/dc/elements/1.1/" xml:id="xmd-s001-000-003-919" xml:lang="deu">
  <dc:identifier>de.wossidia.xmd-s001-000-003-919</dc:identifier>
  <isebel:purl>https://apps.wossidia.de/webapp/run/node/XMD-S001-000-003-919</isebel:purl>
  <dc:title>[3919] Der Lucin</dc:title>
  <dc:title xml:lang="deu"/>
  <isebel:contents>
    <isebel:content xml:lang="deu">Der Lucin. 
Über den Ursprung des Wortes Lucin erzählen alte Feldberger, man habe messen wollen, wie tief wohl der große See sei, wäre aber niemals mit dem Lot auf den Grund gekommen. Plötzlich habe eine klagende Stimme aus dem Wasser gerufen: "Lat sien, lat sien!"
Hieraus sei später Lotzin und dann Luzin geworden.</isebel:content>
  </isebel:contents>
  <isebel:persons>
    <isebel:person id="10005691">
      <isebel:name>Saefkow</isebel:name>
      <isebel:gender>Frau</isebel:gender>
      <isebel:role>narrator</isebel:role>
    </isebel:person>
  </isebel:persons>
</isebel:story>