<?xml version='1.0' encoding='UTF-8'?><isebel:story xmlns:isebel="http://www.isebel.eu/ns/isebel" xmlns:dc="http://purl.org/dc/elements/1.1/" xml:id="xmd-s001-000-002-683" xml:lang="deu">
  <dc:identifier>de.wossidia.xmd-s001-000-002-683</dc:identifier>
  <isebel:purl>https://apps.wossidia.de/webapp/run/node/XMD-S001-000-002-683</isebel:purl>
  <dc:title>[2683] Opfer</dc:title>
  <dc:title xml:lang="nds"/>
  <isebel:contents>
    <isebel:content xml:lang="nds">dei Elf hett alle johr ehren Doden fordert, dor is ümmer ‘n Kind tau köfft werden, dat is dor in versöppt, un denn is dei Elf nich utträden. Nu is dat all ‘n lütt hartlich Kind west, dat hett ümmer bet‘t:
Muderstit smeckt säut,
Mudders schoot is weik,
Mudders hart is hart as ‘n stein.
dor hürt dei König von, dat dat Kind so bäden künn un seggt: un wenn dei Elf alle johr säben mal utbreckt, 'n Kind sall 's nich wedder hebben, den ist ut west.</isebel:content>
  </isebel:contents>
</isebel:story>