<?xml version='1.0' encoding='UTF-8'?><isebel:story xmlns:isebel="http://www.isebel.eu/ns/isebel" xmlns:dc="http://purl.org/dc/elements/1.1/" xml:id="xmd-s001-000-009-479" xml:lang="deu">
  <dc:identifier>de.wossidia.xmd-s001-000-009-479</dc:identifier>
  <isebel:purl>https://apps.wossidia.de/webapp/run/node/XMD-S001-000-009-479</isebel:purl>
  <dc:title>[9479] Totenmesse</dc:title>
  <dc:title xml:lang="nds"/>
  <isebel:contents>
    <isebel:content xml:lang="nds">12-1 ruffelt sik rasch an // is annern Preister... De Lüd' sünt all ut de oll Welt // een is noch nich recht lang doot.
Mittlewiels kümmt de Barbier... rasiert em... As he na Huus kümmt un sik besüht: Ganze Fleesch hebben se em von'n Knaken räten, is doot bläben... is vört Speigel hensunken.
Is will sei hengahn un sik den Mantel halen, dei öwerst is in dusend Stücken räten, un ligt up den Kirchhof up dei Graber ümher.</isebel:content>
  </isebel:contents>
</isebel:story>