<?xml version='1.0' encoding='UTF-8'?><isebel:story xmlns:isebel="http://www.isebel.eu/ns/isebel" xmlns:dc="http://purl.org/dc/elements/1.1/" xml:id="xmd-s001-000-003-264" xml:lang="deu">
  <dc:identifier>de.wossidia.xmd-s001-000-003-264</dc:identifier>
  <isebel:purl>https://apps.wossidia.de/webapp/run/node/XMD-S001-000-003-264</isebel:purl>
  <dc:title>[3264] De Tiet is hier, de Minsch noch nich</dc:title>
  <dc:title xml:lang="nds"/>
  <isebel:contents>
    <isebel:content xml:lang="nds">(ubi nescit) 
Frachtführer is öwer'e Brügg führt, hüürt ne Stimm: Tied un Stunn' is dor, öwer de Minsch noch nich. Bald naher kümmt 'n Bäckergesell antolopen, will baden. He rädt em dat ut. Se gahn na'n Krog rin, dor hett sik de Gesell in'n Seidel Bier
doot drunken.</isebel:content>
  </isebel:contents>
</isebel:story>