<?xml version='1.0' encoding='UTF-8'?><isebel:story xmlns:isebel="http://www.isebel.eu/ns/isebel" xmlns:dc="http://purl.org/dc/elements/1.1/" xml:id="xmd-s001-000-000-176" xml:lang="deu">
  <dc:identifier>de.wossidia.xmd-s001-000-000-176</dc:identifier>
  <isebel:purl>https://apps.wossidia.de/webapp/run/node/XMD-S001-000-000-176</isebel:purl>
  <dc:title>[176] Kette und Ring als Strafe</dc:title>
  <dc:title xml:lang="nds"/>
  <dc:title xml:lang="deu"/>
  <isebel:contents>
    <isebel:content xml:lang="nds">De Herr von Prüzen is ja woll soʼn Oort Reeder wäst, ⸢he⸣ het öfter ʼn Schipp versackt. De het ʼn Ring drägen müßt, en anner het for em de Straaf afsäten.

Erzähler: Schlosser Schomaker, ca. 75 J., Güstrow, Kreis Güstrow; aus Malchin, Kreis Malchin; Aufzeichner: Wossidlo, 1. 1. 1937.</isebel:content>
    <isebel:content xml:lang="deu">Der Herr von Prüzen ist ja wohl so eine Art Reeder gewesen, er hat öfters ein Schiff ver¬senkt. Der hat einen Ring tragen müssen, ein anderer hat für ihn die Strafe abgesessen.</isebel:content>
  </isebel:contents>
  <isebel:places>
    <isebel:place id="1060">
      <dc:title>Güstrow</dc:title>
      <isebel:point>
        <datacite:pointLatitude xmlns:datacite="http://datacite.org/schema/kernel-4">53.79322</datacite:pointLatitude>
        <datacite:pointLongitude xmlns:datacite="http://datacite.org/schema/kernel-4">12.17642</datacite:pointLongitude>
      </isebel:point>
      <isebel:role>narration</isebel:role>
    </isebel:place>
    <isebel:place id="2241">
      <dc:title>Prüzen</dc:title>
      <dc:title>Prützen</dc:title>
      <isebel:point>
        <datacite:pointLatitude xmlns:datacite="http://datacite.org/schema/kernel-4">53.75239</datacite:pointLatitude>
        <datacite:pointLongitude xmlns:datacite="http://datacite.org/schema/kernel-4">12.03474</datacite:pointLongitude>
      </isebel:point>
      <isebel:role>action</isebel:role>
    </isebel:place>
  </isebel:places>
  <isebel:persons>
    <isebel:person id="10006013">
      <isebel:name>Schomaker</isebel:name>
      <isebel:gender>Herr</isebel:gender>
      <isebel:role>narrator</isebel:role>
      <isebel:profession>Schlosser</isebel:profession>
      <isebel:livingPlace id="1781">
        <dc:title>Malchin</dc:title>
        <isebel:point>
          <datacite:pointLatitude xmlns:datacite="http://datacite.org/schema/kernel-4">53.73934</datacite:pointLatitude>
          <datacite:pointLongitude xmlns:datacite="http://datacite.org/schema/kernel-4">12.76280</datacite:pointLongitude>
        </isebel:point>
      </isebel:livingPlace>
    </isebel:person>
  </isebel:persons>
  <isebel:events>
    <isebel:event id="990012100">
      <isebel:date>1937-01-01</isebel:date>
      <isebel:role>narration</isebel:role>
    </isebel:event>
  </isebel:events>
  <isebel:keywords>
    <isebel:keyword id="XMD-M030-000-000-370">Reeder</isebel:keyword>
    <isebel:keyword id="XMD-M030-000-000-783">Herr</isebel:keyword>
    <isebel:keyword id="XMD-M030-000-002-261">Strafe</isebel:keyword>
    <isebel:keyword id="XMD-M030-000-008-863">Ring</isebel:keyword>
    <isebel:keyword id="XMD-M030-000-009-217">Schiff</isebel:keyword>
    <isebel:keyword id="XMD-M030-000-038-171">absitzen (Strafe)</isebel:keyword>
    <isebel:keyword id="XMD-M030-000-038-195">versenken</isebel:keyword>
  </isebel:keywords>
</isebel:story>