<?xml version='1.0' encoding='UTF-8'?><isebel:story xmlns:isebel="http://www.isebel.eu/ns/isebel" xmlns:dc="http://purl.org/dc/elements/1.1/" xml:id="xmd-s001-000-001-922" xml:lang="deu">
  <dc:identifier>de.wossidia.xmd-s001-000-001-922</dc:identifier>
  <isebel:purl>https://apps.wossidia.de/webapp/run/node/XMD-S001-000-001-922</isebel:purl>
  <dc:title>[1922] Mordkrug</dc:title>
  <dc:title xml:lang="deu"/>
  <isebel:contents>
    <isebel:content xml:lang="deu">auf kreuzweg Groß Siemen / Rederank (landst. 1) R W - B Kr. 2) soll krug gestanden haben. da soll viel passiert sein. 

1) Landstraße 
2) Rostock-Wismar + Bützow-Kröpelin</isebel:content>
  </isebel:contents>
</isebel:story>