<?xml version='1.0' encoding='UTF-8'?><isebel:story xmlns:isebel="http://www.isebel.eu/ns/isebel" xmlns:dc="http://purl.org/dc/elements/1.1/" xml:id="xmd-s001-000-005-679" xml:lang="deu">
  <dc:identifier>de.wossidia.xmd-s001-000-005-679</dc:identifier>
  <isebel:purl>https://apps.wossidia.de/webapp/run/node/XMD-S001-000-005-679</isebel:purl>
  <dc:title>[5679] Versunkenes Schloss im Dümmer See</dc:title>
  <dc:title xml:lang="nds"/>
  <isebel:contents>
    <isebel:content xml:lang="nds">In'n Dümmer See is de Sloßbarg, dor hett 'n Sloss stahn.</isebel:content>
  </isebel:contents>
</isebel:story>