<?xml version='1.0' encoding='UTF-8'?><isebel:story xmlns:isebel="http://www.isebel.eu/ns/isebel" xmlns:dc="http://purl.org/dc/elements/1.1/" xml:id="xmd-s001-000-004-219" xml:lang="deu">
  <dc:identifier>de.wossidia.xmd-s001-000-004-219</dc:identifier>
  <isebel:purl>https://apps.wossidia.de/webapp/run/node/XMD-S001-000-004-219</isebel:purl>
  <dc:title>[4219] Gälknoeker und Heu</dc:title>
  <dc:title xml:lang="nds"/>
  <isebel:contents>
    <isebel:content xml:lang="nds">... he dacht in siene Not - hett em Geld lähnt. - wedderbringen. Bi de Ridenbrüch hett he ' t henbringen süllt. Stimme: Bullerjan hott (Ridenbrüch Brücke, unter der Gälknoeker seinen Sitz hat) Barrambamm dootslahn.</isebel:content>
  </isebel:contents>
</isebel:story>