<?xml version='1.0' encoding='UTF-8'?><isebel:story xmlns:isebel="http://www.isebel.eu/ns/isebel" xmlns:dc="http://purl.org/dc/elements/1.1/" xml:id="xmd-s001-000-006-781" xml:lang="deu">
  <dc:identifier>de.wossidia.xmd-s001-000-006-781</dc:identifier>
  <isebel:purl>https://apps.wossidia.de/webapp/run/node/XMD-S001-000-006-781</isebel:purl>
  <dc:title>[6781] Glocke wird gebannt</dc:title>
  <dc:title xml:lang="nds"/>
  <isebel:contents>
    <isebel:content xml:lang="nds">Sünd Kinner, hebben lütt flickwark, willen waschen.......... leggen dat up'n hügel, sall drögen. den eenen flicken vergäten se runtonähmen.......... kann nich mitkamen.......... wo dat wäst is, dor kann ik keen beschriwung öwer gäben.</isebel:content>
  </isebel:contents>
</isebel:story>