<?xml version='1.0' encoding='UTF-8'?><isebel:story xmlns:isebel="http://www.isebel.eu/ns/isebel" xmlns:dc="http://purl.org/dc/elements/1.1/" xml:id="xmd-s001-000-009-227" xml:lang="deu">
  <dc:identifier>de.wossidia.xmd-s001-000-009-227</dc:identifier>
  <isebel:purl>https://apps.wossidia.de/webapp/run/node/XMD-S001-000-009-227</isebel:purl>
  <dc:title>[9227] Kirche: Bilder / Statuen</dc:title>
  <dc:title xml:lang="deu"/>
  <isebel:contents>
    <isebel:content xml:lang="deu">In der Kirche zu Wittenburg hingen noch zur Jugendzeit von Scharfenberg's Großeltern Helm und Höhlenthür des Papedönk. Beide haben sie noch gesehn. Die Stelle in den Büttelkower Tannen soll noch kenntlich sein.</isebel:content>
  </isebel:contents>
</isebel:story>