<?xml version='1.0' encoding='UTF-8'?><isebel:story xmlns:isebel="http://www.isebel.eu/ns/isebel" xmlns:dc="http://purl.org/dc/elements/1.1/" xml:id="xmd-s001-000-005-916" xml:lang="deu">
  <dc:identifier>de.wossidia.xmd-s001-000-005-916</dc:identifier>
  <isebel:purl>https://apps.wossidia.de/webapp/run/node/XMD-S001-000-005-916</isebel:purl>
  <dc:title>[5916] Untergang des Dorfes Ramm, das früher eine Stadt gewesen sein soll</dc:title>
  <dc:title xml:lang="nds"/>
  <isebel:contents>
    <isebel:content xml:lang="nds">Ramm is so berühmt wäst, wat da Kuurn in R.&lt;ref> Ramm&lt;/ref> kostt hett, het
dat in ganz Dütschland kostt.</isebel:content>
  </isebel:contents>
</isebel:story>