<?xml version='1.0' encoding='UTF-8'?><isebel:story xmlns:isebel="http://www.isebel.eu/ns/isebel" xmlns:dc="http://purl.org/dc/elements/1.1/" xml:id="xmd-s001-000-002-236" xml:lang="deu">
  <dc:identifier>de.wossidia.xmd-s001-000-002-236</dc:identifier>
  <isebel:purl>https://apps.wossidia.de/webapp/run/node/XMD-S001-000-002-236</isebel:purl>
  <dc:title>[2236] Spuk</dc:title>
  <dc:title xml:lang="deu"/>
  <dc:title xml:lang="nds"/>
  <isebel:contents>
    <isebel:content xml:lang="deu">Ich kann es nicht so zusammenkriegen (auf die Reihe kriegen). In Nepersdörp gehen [die Jugendliche] nach Jesendörp [zum Konfirmandenunterricht]. Auf dem Kirchhof ist ein Priester beerdigt. Ein Junge (Wenzel) ruft, als er vorbeikommt: „Komm raus, du Hund, wenn du was von mir willst.“ Der hatte am anderen Tag einen dicken Kopf gekriegt. (und von da an wusste er alles Katechismus etc.) Der Priester konnten ihm nicht helfen. Zuletzt haben sie nach dem Superinterdenten in Doberan geschickt. Kurz bevor er kam, ist er [der Junge] gestorben.</isebel:content>
    <isebel:content xml:lang="nds">Ik kann't nich so in de reihg krigen. In Nepersdörp gahn in Jesendörp1.) Up 'n Kirchhof is'n preester ingrawt. En jung (Wenzel) röppt, as he dor vörbikümmt, kum rut, du hund, wenn du mi wat wisst. Dee hett 'n annern dag ' dicken Kopp krägen --- (un von dor af an hett allens wüsst, Katechismus etc.) De preesters hebben em nich helpen künnt. Toletzt hebben se nan supperdenten in Doberan schickt. As he bina ran is, is he doot bläben. 

1) Da von beiden Dörfern nur Jesendorf ein Kirchdorf ist, gingen vermutlich die Kinder von Nepersdorf in Jesendorf zum Konfirmandenunterricht.</isebel:content>
  </isebel:contents>
</isebel:story>