<?xml version='1.0' encoding='UTF-8'?><isebel:story xmlns:isebel="http://www.isebel.eu/ns/isebel" xmlns:dc="http://purl.org/dc/elements/1.1/" xml:id="xmd-s001-000-008-417" xml:lang="deu">
  <dc:identifier>de.wossidia.xmd-s001-000-008-417</dc:identifier>
  <isebel:purl>https://apps.wossidia.de/webapp/run/node/XMD-S001-000-008-417</isebel:purl>
  <dc:title>[8417] Glocke läutet von selbst</dc:title>
  <dc:title xml:lang="nds"/>
  <isebel:contents>
    <isebel:content xml:lang="nds">In Olln Gortz (Alt-Gaarz) wier dat all siet ollen Tieden Mod, dat an den Olljohrsabend dei Glocken lührt würden. Nu kemen einmal äwer ganz frömde Lüd in't Dörp, dei äwer dei Glocken watt tau seggen harm und dei dor meinten, die oll Mod verdrög sick nich mihr mit uns Tied. Dat Glockenlührn an Olljohrsabend söll also von nu an nah blieben. Dei ollen Lüd fünn dat nicht recht. Und wat geschech? As an'n Olljohsabend dei Glock twölf slög, donn füngen dei drei Glocken up'n Turm von sülm an so schön tau gahn, dat dat ordentlich 'ne Lust wier, un kein Minsch hett sei pedd oder treckt. Dat stek ehr so in dei Glieder.</isebel:content>
  </isebel:contents>
</isebel:story>