<?xml version='1.0' encoding='UTF-8'?><isebel:story xmlns:isebel="http://www.isebel.eu/ns/isebel" xmlns:dc="http://purl.org/dc/elements/1.1/" xml:id="xmd-s001-000-006-175" xml:lang="deu">
  <dc:identifier>de.wossidia.xmd-s001-000-006-175</dc:identifier>
  <isebel:purl>https://apps.wossidia.de/webapp/run/node/XMD-S001-000-006-175</isebel:purl>
  <dc:title>[6175] Untergang einer Stadt im See</dc:title>
  <dc:title xml:lang="nds"/>
  <isebel:contents>
    <isebel:content xml:lang="nds">Midden in'n See is Insel. Pöst etc. kiken rut.</isebel:content>
  </isebel:contents>
</isebel:story>