<?xml version='1.0' encoding='UTF-8'?><isebel:story xmlns:isebel="http://www.isebel.eu/ns/isebel" xmlns:dc="http://purl.org/dc/elements/1.1/" xml:id="xmd-s001-000-007-755" xml:lang="deu">
  <dc:identifier>de.wossidia.xmd-s001-000-007-755</dc:identifier>
  <isebel:purl>https://apps.wossidia.de/webapp/run/node/XMD-S001-000-007-755</isebel:purl>
  <dc:title>[7755] Versunkene Glocke</dc:title>
  <dc:title xml:lang="nds"/>
  <isebel:contents>
    <isebel:content xml:lang="nds">gössel höddt. bet an de U.1) feldscheed' soelen se kamen sin mit de 8 pier. ........ ossen // in gottsnam // dee hett se trüchführt na Pr.2). 

1) Usadeler 
2) Prillwitz</isebel:content>
  </isebel:contents>
</isebel:story>