<?xml version='1.0' encoding='UTF-8'?><isebel:story xmlns:isebel="http://www.isebel.eu/ns/isebel" xmlns:dc="http://purl.org/dc/elements/1.1/" xml:id="xmd-s001-000-001-492" xml:lang="deu">
  <dc:identifier>de.wossidia.xmd-s001-000-001-492</dc:identifier>
  <isebel:purl>https://apps.wossidia.de/webapp/run/node/XMD-S001-000-001-492</isebel:purl>
  <dc:title>[1492] Von Hexen</dc:title>
  <dc:title xml:lang="nds"/>
  <dc:title xml:lang="deu"/>
  <isebel:contents>
    <isebel:content xml:lang="nds">Nr. 25. Von Hexen
a. Frau Peters „Hexen kann´ blot up´n blocksberg kennen.“
b. Mein mutter erinnerten noch aus ihre Kindheit, daß ein alter Onkel folgendes über Hexen sagte: „Wenn an Stillfriedag odder iersten Osterdag nah de Kirch geiht mit´n Ei inne Tasch, dat vörde Sünn utlegt is, denn sieht´n de Hexen inne Kirch ale´mit´n Immenrump up´n Kopp. Denn kann´se all kenn! Oewer man mit wedder to Hus sin, ehre de Preester „amen“ steckt hett, süfs könn´de Hexen mit em maken, wat se will´n.“
c. Frau Peters „Wenn´ alle morgen den´ Morgensägen und alle Abend denn Abendsägen hätt, könn einen Düwel un Hexen nich ankamen.“
d. Frau Peters „Wenn poor Kürn Solt int Bodderfatt smitt, denn könn´de Hexen dat nich verrapen. Weck seggen ok, dor mit´n Band immt Fattbinnen, denn wenn de Hexen dat verapen, fellen sei die Bänn´un wenn dor um´n Band mihr up is, denn geiht dat nich.“</isebel:content>
    <isebel:content xml:lang="deu">Nr. 25. Von Hexen
a. Frau Peters „Hexen kann man bloß auf dem Blocksberg erkennen.“
b. Meine Mutter erinnerte sich noch aus ihrer Kindheit, dass ein alter Onkel folgendes über Hexen
sagte:
„Wenn man am Karfreitag oder am ersten Ostertag in die Nähe der Kirche ging und ein Ei in der
Tasche trug, das vor Sonnenaufgang gelegt worden ist, dann kann man die Hexen in der Kirche
sehen und sie tragen einen Bienenkorb auf dem Kopf. So kann man sie alle erkennen! Aber
wenn man wieder zu hause ist, muss man dem Priester „amen“ sagen, sonst können die Hexen
mit einem machen, was sie wollen.
c. Frau Peters „Wenn man jeden Morgen und jeden Abend gesegnet wird, dann können einen der
Teufel und die Hexen nichts anhaben.
d. Frau Peters: „Wenn man ein paar Korn Salz in das Butterfass schmeißt, dann können die Hexen es nicht verzaubern. Manche sagen auch, dass, wenn man ein Band in den Fassboden legt und die Hexe
das Fass verzaubern will, diese gebannt wird und es nicht geht.“</isebel:content>
  </isebel:contents>
</isebel:story>