<?xml version='1.0' encoding='UTF-8'?><isebel:story xmlns:isebel="http://www.isebel.eu/ns/isebel" xmlns:dc="http://purl.org/dc/elements/1.1/" xml:id="xmd-s001-000-007-684" xml:lang="deu">
  <dc:identifier>de.wossidia.xmd-s001-000-007-684</dc:identifier>
  <isebel:purl>https://apps.wossidia.de/webapp/run/node/XMD-S001-000-007-684</isebel:purl>
  <dc:title>[7684] Visionen: Soldaten</dc:title>
  <dc:title xml:lang="nds"/>
  <isebel:contents>
    <isebel:content xml:lang="nds">Hoheburg
In de Hog Burg sall tau gewissen Tiden kummandiert un exerziert warden. Ok Musik un vel Lärm sall dor tidwis tau hüren sin.</isebel:content>
  </isebel:contents>
</isebel:story>