<?xml version='1.0' encoding='UTF-8'?><isebel:story xmlns:isebel="http://www.isebel.eu/ns/isebel" xmlns:dc="http://purl.org/dc/elements/1.1/" xml:id="xmd-s001-000-010-265" xml:lang="deu">
  <dc:identifier>de.wossidia.xmd-s001-000-010-265</dc:identifier>
  <isebel:purl>https://apps.wossidia.de/webapp/run/node/XMD-S001-000-010-265</isebel:purl>
  <dc:title>[10265] Goldene Wiege</dc:title>
  <dc:title xml:lang="nds"/>
  <isebel:contents>
    <isebel:content xml:lang="nds">In de drög Düwelskuul sall de gollen Weig in liggen, säden de Ollen, se hebben dor eens na graben un hebben se funnen, öwer as se anfaatt hebben, is se duwwelt so deep wedder rinsackt, as se vörher wäst is.</isebel:content>
  </isebel:contents>
</isebel:story>