<?xml version='1.0' encoding='UTF-8'?><isebel:story xmlns:isebel="http://www.isebel.eu/ns/isebel" xmlns:dc="http://purl.org/dc/elements/1.1/" xml:id="xmd-s001-000-003-151" xml:lang="deu">
  <dc:identifier>de.wossidia.xmd-s001-000-003-151</dc:identifier>
  <isebel:purl>https://apps.wossidia.de/webapp/run/node/XMD-S001-000-003-151</isebel:purl>
  <dc:title>[3151] Mecklenburger Fürsten</dc:title>
  <dc:title xml:lang="nds"/>
  <isebel:contents>
    <isebel:content xml:lang="nds">Großherzogin Auguste, dee sall seggt hebben, Zyrup wier ok wol goot noog för de armen Lüd'. Zyrupslieschen würd se dorüm nennt. Öwer laten S' dat nich drucken!</isebel:content>
  </isebel:contents>
</isebel:story>