<?xml version='1.0' encoding='UTF-8'?><isebel:story xmlns:isebel="http://www.isebel.eu/ns/isebel" xmlns:dc="http://purl.org/dc/elements/1.1/" xml:id="xmd-s001-000-009-673" xml:lang="deu">
  <dc:identifier>de.wossidia.xmd-s001-000-009-673</dc:identifier>
  <isebel:purl>https://apps.wossidia.de/webapp/run/node/XMD-S001-000-009-673</isebel:purl>
  <dc:title>[9673] Berg: hohl / Schätze</dc:title>
  <dc:title xml:lang="nds"/>
  <isebel:contents>
    <isebel:content xml:lang="nds">in holm is 'n groten barg, dat is 'n verwünschten barg, de preesterbarg (ss.). dor hebben se all na grawt. dor sall 'ne gweig1) in wäsen. 

1) gollen weig.</isebel:content>
  </isebel:contents>
  <isebel:places>
    <isebel:place id="3102">
      <dc:title>Wittenbeck</dc:title>
      <dc:title>Wittenbeck/Kühlung</dc:title>
      <isebel:point>
        <datacite:pointLatitude xmlns:datacite="http://datacite.org/schema/kernel-4">54.12572</datacite:pointLatitude>
        <datacite:pointLongitude xmlns:datacite="http://datacite.org/schema/kernel-4">11.78945</datacite:pointLongitude>
      </isebel:point>
      <isebel:role>narration</isebel:role>
    </isebel:place>
  </isebel:places>
  <isebel:events>
    <isebel:event id="990012057">
      <isebel:date>1911-07-19</isebel:date>
      <isebel:role>narration</isebel:role>
    </isebel:event>
  </isebel:events>
</isebel:story>