<?xml version='1.0' encoding='UTF-8'?><isebel:story xmlns:isebel="http://www.isebel.eu/ns/isebel" xmlns:dc="http://purl.org/dc/elements/1.1/" xml:id="xmd-s001-000-007-255" xml:lang="deu">
  <dc:identifier>de.wossidia.xmd-s001-000-007-255</dc:identifier>
  <isebel:purl>https://apps.wossidia.de/webapp/run/node/XMD-S001-000-007-255</isebel:purl>
  <dc:title>[7255] Durch Feuer, Kanonen und Erdbeben</dc:title>
  <dc:title xml:lang="nds"/>
  <isebel:contents>
    <isebel:content xml:lang="nds">Feldhusen.
Türschenbäk (ego: Störtebäk?), Ne, de Ölen säden Türschenbäk un Gottmicheil. Up'n Schinnersbarg in Wieschendörp hebben se Kanonen up hatt. Von dor ut hebben se na'n Sloßbarg rupschaten.</isebel:content>
  </isebel:contents>
</isebel:story>