<?xml version='1.0' encoding='UTF-8'?><isebel:story xmlns:isebel="http://www.isebel.eu/ns/isebel" xmlns:dc="http://purl.org/dc/elements/1.1/" xml:id="xmd-s001-000-002-384" xml:lang="deu">
  <dc:identifier>de.wossidia.xmd-s001-000-002-384</dc:identifier>
  <isebel:purl>https://apps.wossidia.de/webapp/run/node/XMD-S001-000-002-384</isebel:purl>
  <dc:title>[2384] Totenmesse</dc:title>
  <dc:title xml:lang="nds"/>
  <isebel:contents>
    <isebel:content xml:lang="nds">In een dörp ward Wihnachtsmorgen früh predigt. Een mann un sien fru hemm' sich beid vörnahm', nah de kirch to gahn. De fru drömt, dat hett klingt un seggt to ehrn mann, se willn upstahn un nah de Kirch gahn, dat hett all klingt. De seggt äwer, denn ist all to spät un bliwt liggen. Se lett sich äwer nich stürn un as se nu na de kirch kümmt, is alls erlücht un as se rinner kümmt un nah ehren platz geht, is ok de ganze kirch vull lüd. Äwer de Iüd sün all still un rögn sich nich, se kennts ok nich, wecker se kennt, de sün all dod, ehr verstorben dochter is ok dorbi. Dunn ward ehr so angst un will werra rut. Se kann äwer nich rut finn. As se anfängt to wunnern un weimern, stahn all de lüd up un kam' up ehr to un ehr dochter, de ehr am nechsten is, fött ehr hinn an' mantel un seggt: "dit is de sack, wo ik in stack“. Se lett denn' mantel fallen un finnt dunn ok rut. Nu hürt se in de kirch een' gruglichen larm. As se to hus kümmt, geiht se liggen, kann äwer nich schlapen un redt keen wurt. Dun wakt ehr mann up. Mit dewil lüdt dat ok würklich to de kirch. Dunn seggt de</isebel:content>
  </isebel:contents>
</isebel:story>