<?xml version='1.0' encoding='UTF-8'?><isebel:story xmlns:isebel="http://www.isebel.eu/ns/isebel" xmlns:dc="http://purl.org/dc/elements/1.1/" xml:id="xmd-s001-000-009-156" xml:lang="deu">
  <dc:identifier>de.wossidia.xmd-s001-000-009-156</dc:identifier>
  <isebel:purl>https://apps.wossidia.de/webapp/run/node/XMD-S001-000-009-156</isebel:purl>
  <dc:title>[9156] Trommler erkundet Gang</dc:title>
  <dc:title xml:lang="deu"/>
  <isebel:contents>
    <isebel:content xml:lang="deu">Tornow wird vor 1625 als Stadt bezeichnet. In der Umgebung stößt man noch auf Fundamente. Unter dem Wentowsee geht ein unterirdischer Gang, der die Klöster Zehdenick, Badingen, Burg Tornow und porta coeti (Himmelpfort) mit einander verband. 
Es wird erzählt, daß man, um die Länge und Sichtung des Ganges genau zu erfahren, vor vielen Jahren in der kleinen Stadt Zehdenick einen zum Tode verurteilten Verbrecher begnadigte unter der Bedingung, daß er mit einer Trommel in den Gang gehen sollte. Einige Zeit hörte man noch den Klang der Trommel, aber bald verstummte er ganz und der Trommler kam nicht wieder zum Vorschein.</isebel:content>
  </isebel:contents>
</isebel:story>