<?xml version='1.0' encoding='UTF-8'?><isebel:story xmlns:isebel="http://www.isebel.eu/ns/isebel" xmlns:dc="http://purl.org/dc/elements/1.1/" xml:id="xmd-s001-000-008-609" xml:lang="deu">
  <dc:identifier>de.wossidia.xmd-s001-000-008-609</dc:identifier>
  <isebel:purl>https://apps.wossidia.de/webapp/run/node/XMD-S001-000-008-609</isebel:purl>
  <dc:title>[8609] Schatz: Geld brennen</dc:title>
  <dc:title xml:lang="nds"/>
  <isebel:contents>
    <isebel:content xml:lang="nds">Wi braken den Abend, ik müsst Flass insetten. Dat muddelt all so'n bäten (Dämmerung). As ik in de Gorens gahn ded, bluckt Füer in de Hööch, rack 't all voneen. Öwern Graben röwer, is alles weg, alles düüster, bluckt wedder up... dat hadd sik answält ann Wipen.</isebel:content>
  </isebel:contents>
</isebel:story>