<?xml version='1.0' encoding='UTF-8'?><isebel:story xmlns:isebel="http://www.isebel.eu/ns/isebel" xmlns:dc="http://purl.org/dc/elements/1.1/" xml:id="xmd-s001-000-009-404" xml:lang="deu">
  <dc:identifier>de.wossidia.xmd-s001-000-009-404</dc:identifier>
  <isebel:purl>https://apps.wossidia.de/webapp/run/node/XMD-S001-000-009-404</isebel:purl>
  <dc:title>[9404] Tote: Wiederkehr</dc:title>
  <dc:title xml:lang="nds"/>
  <isebel:contents>
    <isebel:content xml:lang="nds">Bur Gültzow un sin Swager Bäudner Runse in Bobzin hewwn eins Terminssaken mit einanner hatt. Bur Gültzow hett drei Fingers hoch hollen un R. hett verloren. Dat hett hei sik so tau Kopp nahmen, dat sei em nah'n Sachsenbarg hewwen bringen müsst. As Gültzow dunn dod bläwen is, is hei nahst ümmer wedderkamen. Wenn de Knechts pläugt hewwen, is hei up'n Mal äwer'n Acker kamen un en poor Mal an de Fohr up un dal gahn. Wenn de Säg Farken krigen süll un de Dierns in'n Swiensstall seten, hett hei mit de Arm breit äwer'n Riegel lägen un taukäken. Seggt hett hei äwer ni nix. Hei is uck dörch de Stuw gahn, wenn sei bi't Äten säten hemmen. Tauletzt hewwen de Deinsten dor gornix mihr vun wüßt un blot seggt: "Dor is hei wedder." Den Buren is dat äwer tauwedder wäst, dat dat ganze Dörp doräwer snackt hett, un hei hett Paster Smidt in Wittenborg sin Last klagt. De is dunn mit'n Tauwagen kamen un hett ein Nacht oll. Gültzow wegbröcht in'n Barkbusch (Gehölz rechts der Chaussee von Bobzin nach Wittenburg) Nah hett hei sik nich wedder seihn laten.</isebel:content>
  </isebel:contents>
</isebel:story>