<?xml version='1.0' encoding='UTF-8'?><isebel:story xmlns:isebel="http://www.isebel.eu/ns/isebel" xmlns:dc="http://purl.org/dc/elements/1.1/" xml:id="xmd-s001-000-009-090" xml:lang="deu">
  <dc:identifier>de.wossidia.xmd-s001-000-009-090</dc:identifier>
  <isebel:purl>https://apps.wossidia.de/webapp/run/node/XMD-S001-000-009-090</isebel:purl>
  <dc:title>[9090] Schatz: in Geldfeuer etwas hineinwerfen</dc:title>
  <dc:title xml:lang="nds"/>
  <isebel:contents>
    <isebel:content xml:lang="nds">Hier wier 'n Timmermann Buhr, (wahnte bi'n Snider), dee säd ümmer: in sinen Kamin brennt ümmer Geld... Se hebben em dat eens anschünnen wullt, he süll eens upstahn, smiten 'n Dok rup.
Oewer he is liggen bläben, em is sin Läben leew wäst.</isebel:content>
  </isebel:contents>
</isebel:story>