<?xml version='1.0' encoding='UTF-8'?><isebel:story xmlns:isebel="http://www.isebel.eu/ns/isebel" xmlns:dc="http://purl.org/dc/elements/1.1/" xml:id="xmd-s001-000-007-493" xml:lang="deu">
  <dc:identifier>de.wossidia.xmd-s001-000-007-493</dc:identifier>
  <isebel:purl>https://apps.wossidia.de/webapp/run/node/XMD-S001-000-007-493</isebel:purl>
  <dc:title>[7493] Ankershagen Bradenkierl</dc:title>
  <dc:title xml:lang="nds"/>
  <isebel:contents>
    <isebel:content xml:lang="nds">H.Brad.&lt;ref> Henning Bradenkierl&lt;/ref> hett sik verpflicht't hatt, weck to liefern förn Düwel.</isebel:content>
  </isebel:contents>
</isebel:story>