<?xml version='1.0' encoding='UTF-8'?><isebel:story xmlns:isebel="http://www.isebel.eu/ns/isebel" xmlns:dc="http://purl.org/dc/elements/1.1/" xml:id="xmd-s001-000-006-927" xml:lang="deu">
  <dc:identifier>de.wossidia.xmd-s001-000-006-927</dc:identifier>
  <isebel:purl>https://apps.wossidia.de/webapp/run/node/XMD-S001-000-006-927</isebel:purl>
  <dc:title>[6927] Räuber Klebenow</dc:title>
  <dc:title xml:lang="deu"/>
  <isebel:contents>
    <isebel:content xml:lang="deu">In früheren Zeiten hauste in unserm lieben Mecklenburg zwischen Grevesmühlen und Wismar bei dem jetzigen Kirchdorfe Greßow der Räuberhauptmann Klebenow. Seine Höhlenwohnung befand sich in dem sogenannten Kellerberg, an dem dort sich befindlichen langgestreckten See. Von hier aus hatte er sich einen künstlichen Klingelzug nach der unweit entfernten Landstraße gelegt. Sobald sich nun langsam die schwer beladenen Lastwagen, die Ware von Lübeck nach Wismar beförderten, näherten, gab der angelegte Klingelzug ein Zeichen, und Klebenow mit seiner Bande verließ ungesäumt seinen versteckten Aufenthalt, um sich auf die Lauer zu begeben. Kamen dann die ahnungslosen Fuhrleute in die Nähe der auflauernden Räuber, wurden sie plötzlich überfallen, gefesselt und ihrer Ware beraubt. Solche Überfälle fanden häufig statt. Dies unehrliche Treiben der Räuber blieb den Bewohnern der Umgegend nicht verborgen. Sie taten sich zusammen, um gemeinsam dem Unwesen zu steuern. Leider war es ihnen nicht möglich, anfänglich den sehr verborgenen Höhlenort der Bande zu entdecken oder aufzuspüren, bis schließlich auf sonderbare Weise ihnen derselbe angedeutet wurde. Der Räuberhauptmann Klebenow hatte aus einem Dorfe jenseits des Sees heimlich ein größeres Mädchen entführt und es in seine Höhle genommen, in der es seine Mahlzeiten bereiten mußte. Obwohl dem Mädchen seitens der Räuber mancherlei Liebenswürdigkeiten erzeigt wurden, fühlte es sich doch nicht heimisch. Es bekam den starken Jammer nach dem Elternhause. Flehentlich bat es den Hauptmann um die Erlaubnis, auf kurze Zeit ihre Eltern besuchen zu dürfen. Er gewährte ihre Bitte unter der Bedingung, daß sie, die entführte Magd, nach einer bestimmten Frist wieder zu ihm zurückkehre und seinen Aufenthalt nicht verrate. Freudig willigte unter Handschlag die Magd in die gestellte Bedingung und begab sich auf den Heimweg zu ihren Eltern. Als diese nun ihrer vermißten, schon längst totgeglaubten Tochter ansichtig wurden, konnten sie sich kaum vor Freude fassen und bestürmten sie fortwährend mit der Frage nach ihrem bisherigen Verbleib. Die Tochter gab zur Antwort, daß sie diesen ihnen nicht verraten dürfe, sonst würde es ihr und der Angehörigen Leben kosten. Sie wolle jedoch bei ihrem Fortgang ihren Pfad nach der Höhle durch Steine kennzeichnen. Dies geschah denn auch, und die sich zahlreich zusammengerotteten Leute der Umgegend fanden jetzt den sehr versteckt gehaltenen Eingang zur Höhle, überrumpelten die Räuber und nahmen sie außer dem Hauptmann gefangen. Letzterer hatte seine geraubten Schätze zusammengerafft und war mit ihnen durch einen unterirdischen Gang nach dem See geflüchtet. Hier bestieg er den verborgenen Kahn und fuhr mit ihm auf die Mitte des Sees. Weil er sich auch von dieser Stelle aus von Verfolgern umgeben sah, bohrte er ein Loch in den Kahn und versank mit ihm in die Tiefe.</isebel:content>
  </isebel:contents>
</isebel:story>