<?xml version='1.0' encoding='UTF-8'?><isebel:story xmlns:isebel="http://www.isebel.eu/ns/isebel" xmlns:dc="http://purl.org/dc/elements/1.1/" xml:id="xmd-s001-000-007-140" xml:lang="deu">
  <dc:identifier>de.wossidia.xmd-s001-000-007-140</dc:identifier>
  <isebel:purl>https://apps.wossidia.de/webapp/run/node/XMD-S001-000-007-140</isebel:purl>
  <dc:title>[7140] Gang von Ort zu Ort</dc:title>
  <dc:title xml:lang="nds"/>
  <isebel:contents>
    <isebel:content xml:lang="nds">In de koppel in Kroepelin (dee senater Schütt ? hört) stünn 'n oll huus. Von dor sallen gäng' gahn na Detershagen un Parchow.</isebel:content>
  </isebel:contents>
</isebel:story>