<?xml version='1.0' encoding='UTF-8'?><isebel:story xmlns:isebel="http://www.isebel.eu/ns/isebel" xmlns:dc="http://purl.org/dc/elements/1.1/" xml:id="xmd-s001-000-001-254" xml:lang="deu">
  <dc:identifier>de.wossidia.xmd-s001-000-001-254</dc:identifier>
  <isebel:purl>https://apps.wossidia.de/webapp/run/node/XMD-S001-000-001-254</isebel:purl>
  <dc:title>[1254] ewig leben</dc:title>
  <dc:title xml:lang="nds"/>
  <isebel:contents>
    <isebel:content xml:lang="nds">In England is dat wäst, se is so lütt worden as 'n kind von 'n halw viertel johr.  Alle johr kricht se enen semmel, un wenn as ett, dat is so,  as wenn dor ne mus an gnappert hett.</isebel:content>
  </isebel:contents>
  <isebel:places>
    <isebel:place id="2988">
      <dc:title>Waren</dc:title>
      <dc:title>Waren/Müritz</dc:title>
      <isebel:point>
        <datacite:pointLatitude xmlns:datacite="http://datacite.org/schema/kernel-4">53.51434</datacite:pointLatitude>
        <datacite:pointLongitude xmlns:datacite="http://datacite.org/schema/kernel-4">12.68948</datacite:pointLongitude>
      </isebel:point>
      <isebel:role>narration</isebel:role>
    </isebel:place>
    <isebel:place id="21286">
      <dc:title>England</dc:title>
      <dc:title>Engelland</dc:title>
      <dc:title>Ingelland</dc:title>
      <isebel:role>action</isebel:role>
    </isebel:place>
  </isebel:places>
  <isebel:persons>
    <isebel:person id="10002317">
      <isebel:name>Gutzki / Gützki</isebel:name>
      <isebel:gender>Herr</isebel:gender>
      <isebel:role>narrator</isebel:role>
      <isebel:profession>Maurer</isebel:profession>
    </isebel:person>
  </isebel:persons>
  <isebel:keywords>
    <isebel:keyword id="XMD-M030-000-009-583">Semmel</isebel:keyword>
  </isebel:keywords>
</isebel:story>