<?xml version='1.0' encoding='UTF-8'?><isebel:story xmlns:isebel="http://www.isebel.eu/ns/isebel" xmlns:dc="http://purl.org/dc/elements/1.1/" xml:id="xmd-s001-000-007-505" xml:lang="deu">
  <dc:identifier>de.wossidia.xmd-s001-000-007-505</dc:identifier>
  <isebel:purl>https://apps.wossidia.de/webapp/run/node/XMD-S001-000-007-505</isebel:purl>
  <dc:title>[7505] Ankershagen Bradenkierl</dc:title>
  <dc:title xml:lang="nds"/>
  <isebel:contents>
    <isebel:content xml:lang="nds">Bratenkierl hebben se ümmer to em secht. De Kh.&lt;ref> Kohhirer&lt;/ref> hett dat verrad't. In de Stuw', 2 Treppen hooch, soelen weck säten hebben un Korten spält hebben.</isebel:content>
  </isebel:contents>
</isebel:story>