<?xml version='1.0' encoding='UTF-8'?><isebel:story xmlns:isebel="http://www.isebel.eu/ns/isebel" xmlns:dc="http://purl.org/dc/elements/1.1/" xml:id="xmd-s001-000-006-284" xml:lang="deu">
  <dc:identifier>de.wossidia.xmd-s001-000-006-284</dc:identifier>
  <isebel:purl>https://apps.wossidia.de/webapp/run/node/XMD-S001-000-006-284</isebel:purl>
  <dc:title>[6284] Franzosen</dc:title>
  <dc:title xml:lang="nds"/>
  <isebel:contents>
    <isebel:content xml:lang="nds">﻿As dei Franzosen in Meckelborg wir'n, sünd sei uck nah Braurersdörp (b/Dargun) kamen. Dorbi is ein von de geharnischten tau pier mit sin pird upp dei strat stört' un gliek dod wäst. Dunn hebben dei lühr meint, hei wir woll an keinen gauren urt kamen un nich selig wordn, dat hei upp son'ne wies verunglückt wir. As hei nu begraben wäst is, sünd ut sin gräw drei besondere blaumen, 3 witt lilgen, ohne irgend sin taudaun wussen, un in jede blaum hett ein baukstaws stahn. Doran hebben dei geliehrten herutlest: "Und als er aus dem Sattel rannt, fuhr seine Seel' in Gottes Hand!" Von dei tiet an ist dat gered un spijök äwer em nahblewen.</isebel:content>
  </isebel:contents>
</isebel:story>