<?xml version='1.0' encoding='UTF-8'?><isebel:story xmlns:isebel="http://www.isebel.eu/ns/isebel" xmlns:dc="http://purl.org/dc/elements/1.1/" xml:id="xmd-s001-000-008-372" xml:lang="deu">
  <dc:identifier>de.wossidia.xmd-s001-000-008-372</dc:identifier>
  <isebel:purl>https://apps.wossidia.de/webapp/run/node/XMD-S001-000-008-372</isebel:purl>
  <dc:title>[8372] Gang im Zusammenhang mit Burg oder Schloss</dc:title>
  <dc:title xml:lang="nds"/>
  <isebel:contents>
    <isebel:content xml:lang="nds">vom Katzwall nach Lüsew.1) Herrenhaus. 

1) Gr.Lüsewitzer</isebel:content>
  </isebel:contents>
</isebel:story>