<?xml version='1.0' encoding='UTF-8'?><isebel:story xmlns:isebel="http://www.isebel.eu/ns/isebel" xmlns:dc="http://purl.org/dc/elements/1.1/" xml:id="xmd-s001-000-004-122" xml:lang="deu">
  <dc:identifier>de.wossidia.xmd-s001-000-004-122</dc:identifier>
  <isebel:purl>https://apps.wossidia.de/webapp/run/node/XMD-S001-000-004-122</isebel:purl>
  <dc:title>[4122] Schimmelreiter</dc:title>
  <dc:title xml:lang="deu"/>
  <isebel:contents>
    <isebel:content xml:lang="deu">Herr von Detershg.1) in Dt.2) Holz (war so hart gegen Leute). 

1) Detershagen 
2) Detershagener</isebel:content>
  </isebel:contents>
</isebel:story>