<?xml version='1.0' encoding='UTF-8'?><isebel:story xmlns:isebel="http://www.isebel.eu/ns/isebel" xmlns:dc="http://purl.org/dc/elements/1.1/" xml:id="xmd-s001-000-002-811" xml:lang="deu">
  <dc:identifier>de.wossidia.xmd-s001-000-002-811</dc:identifier>
  <isebel:purl>https://apps.wossidia.de/webapp/run/node/XMD-S001-000-002-811</isebel:purl>
  <dc:title>[2811] Tote erlösen</dc:title>
  <dc:title xml:lang="nds"/>
  <isebel:contents>
    <isebel:content xml:lang="nds">In pierkoppel hat jemand gehütet. Er singt: "nun ruhen alle Wälder“. Dor röppt dat: “sing wider.....“ Non audet. Da Stimme: Müsse nun solang' wandern, bis wieder jd.1) den gesang singe. 
1) jemand</isebel:content>
  </isebel:contents>
</isebel:story>