<?xml version='1.0' encoding='UTF-8'?><isebel:story xmlns:isebel="http://www.isebel.eu/ns/isebel" xmlns:dc="http://purl.org/dc/elements/1.1/" xml:id="xmd-s001-000-005-414" xml:lang="deu">
  <dc:identifier>de.wossidia.xmd-s001-000-005-414</dc:identifier>
  <isebel:purl>https://apps.wossidia.de/webapp/run/node/XMD-S001-000-005-414</isebel:purl>
  <dc:title>[5414] Kampf mit Teufel</dc:title>
  <dc:title xml:lang="nds"/>
  <isebel:contents>
    <isebel:content xml:lang="nds">In'n Conower kraug (is früher 'n groten Kraug wäst an de landstrat) arbeiter Dankwardt spält korten - secht mücht mi wol eins mit'n düwel slahn. As he bi de bäk is, de von damm na Staebelow hengeit, kümmt'n sw. pudelhund bi em, he haut em mit sinen krückstock, dor makt he sik grot, se hebben sik daalkrägen in de bäk (de hund is to'n kierl worden mittenmal) Dankwardt hett sinen doot annähmen müßt, hett'n kopp as 'n schäpel krägen, 2 dag' naher is he storben.</isebel:content>
  </isebel:contents>
</isebel:story>