<?xml version='1.0' encoding='UTF-8'?><isebel:story xmlns:isebel="http://www.isebel.eu/ns/isebel" xmlns:dc="http://purl.org/dc/elements/1.1/" xml:id="xmd-s001-000-007-252" xml:lang="deu">
  <dc:identifier>de.wossidia.xmd-s001-000-007-252</dc:identifier>
  <isebel:purl>https://apps.wossidia.de/webapp/run/node/XMD-S001-000-007-252</isebel:purl>
  <dc:title>[7252] durch Feuer, Kanonen und Erdbeben</dc:title>
  <dc:title xml:lang="nds"/>
  <isebel:contents>
    <isebel:content xml:lang="nds">Richtbarg: dor stünn' Eeken post up in min Jugend, dor soelen dee verbrennt sin, dee Quetzin anstäken hebben.</isebel:content>
  </isebel:contents>
</isebel:story>