<?xml version='1.0' encoding='UTF-8'?><isebel:story xmlns:isebel="http://www.isebel.eu/ns/isebel" xmlns:dc="http://purl.org/dc/elements/1.1/" xml:id="xmd-s001-000-006-020" xml:lang="deu">
  <dc:identifier>de.wossidia.xmd-s001-000-006-020</dc:identifier>
  <isebel:purl>https://apps.wossidia.de/webapp/run/node/XMD-S001-000-006-020</isebel:purl>
  <dc:title>[6020] Untergegangene Stadt Rethra</dc:title>
  <dc:title xml:lang="nds"/>
  <isebel:contents>
    <isebel:content xml:lang="nds">Rethra ?
Dat dat in'n Tollens' lagen hett, heff ik ok hürt früher.</isebel:content>
  </isebel:contents>
</isebel:story>