<?xml version='1.0' encoding='UTF-8'?><isebel:story xmlns:isebel="http://www.isebel.eu/ns/isebel" xmlns:dc="http://purl.org/dc/elements/1.1/" xml:id="xmd-s001-000-008-430" xml:lang="deu">
  <dc:identifier>de.wossidia.xmd-s001-000-008-430</dc:identifier>
  <isebel:purl>https://apps.wossidia.de/webapp/run/node/XMD-S001-000-008-430</isebel:purl>
  <dc:title>[8430] Gang / Schatz</dc:title>
  <dc:title xml:lang="nds"/>
  <isebel:contents>
    <isebel:content xml:lang="nds">Schlichte - Malde. 
Dor sünd isern Dören in, dor steckt Geld in.</isebel:content>
  </isebel:contents>
</isebel:story>