<?xml version='1.0' encoding='UTF-8'?><isebel:story xmlns:isebel="http://www.isebel.eu/ns/isebel" xmlns:dc="http://purl.org/dc/elements/1.1/" xml:id="xmd-s001-000-004-651" xml:lang="deu">
  <dc:identifier>de.wossidia.xmd-s001-000-004-651</dc:identifier>
  <isebel:purl>https://apps.wossidia.de/webapp/run/node/XMD-S001-000-004-651</isebel:purl>
  <dc:title>[4651] Kirche</dc:title>
  <dc:title xml:lang="nds"/>
  <isebel:contents>
    <isebel:content xml:lang="nds">oll vertellers: 
von Nikenkühr1) 'n likentoch 3mal üm Basser kirch. dann wedder weg. 

1) Neu Nieköhr</isebel:content>
  </isebel:contents>
</isebel:story>