<?xml version='1.0' encoding='UTF-8'?><isebel:story xmlns:isebel="http://www.isebel.eu/ns/isebel" xmlns:dc="http://purl.org/dc/elements/1.1/" xml:id="xmd-s001-000-007-265" xml:lang="deu">
  <dc:identifier>de.wossidia.xmd-s001-000-007-265</dc:identifier>
  <isebel:purl>https://apps.wossidia.de/webapp/run/node/XMD-S001-000-007-265</isebel:purl>
  <dc:title>[7265] Frevel / Sündflut: Blaumenbarg</dc:title>
  <dc:title xml:lang="nds"/>
  <isebel:contents>
    <isebel:content xml:lang="nds">De Blaumenbarg (Dörp) twüschen Warlitz an Stegen is früher ok ein grot Hauptstadt west, so as Stadt Ramm, wovon du sädst. Dunn is einmal ein grot Ware kamen an dourvon is dei ganze Stadt versapen bät up dei pour Hüser. Dat is oewe woll all in'e Sündflut west, denn dour waßt na all son'n ganz grotes Holt.</isebel:content>
  </isebel:contents>
</isebel:story>