<?xml version='1.0' encoding='UTF-8'?><isebel:story xmlns:isebel="http://www.isebel.eu/ns/isebel" xmlns:dc="http://purl.org/dc/elements/1.1/" xml:id="xmd-s001-000-000-067" xml:lang="deu">
  <dc:identifier>de.wossidia.xmd-s001-000-000-067</dc:identifier>
  <isebel:purl>https://apps.wossidia.de/webapp/run/node/XMD-S001-000-000-067</isebel:purl>
  <dc:title>[67] Die gequälten Spinnerinnen</dc:title>
  <dc:title xml:lang="nds"/>
  <dc:title xml:lang="deu"/>
  <isebel:contents>
    <isebel:content xml:lang="nds">Fru Gausʼ is in ʼe Stuuv rinkamen — dor hebben vier Mann (d. h. Frauen) säten un hebben spunnen. As se rinkümmt, slapen se all un warden ehr nich gewohr. Dor het se de een Fru dennʼ Wocken wegnahmen un dor wat inmaakt. As se upwaken doon, dat de Döör togeiht, fangen se wedder an to spinnen. Dor het de een ut dennʼ Wocken, wo Fru Gausʼ wat inmaakt het, keen Goorn rutkrägen.

Erzähler: Häusler X, Tews Woos, Kreis Ludwigslust; Aufzeichner: Wossidlo, 1933;
Veröffentlicht: Wossidlo, Meckenburg. Sagen, Bd. 1, S. 75.</isebel:content>
    <isebel:content xml:lang="deu">Frau Gode ist in die Stube gekommen, da haben vier Frauen gesessen und gesponnen. Als sie reinkommt, schlafen sie alle und werden sie nicht gewahr. Da hat sie der einen Frau den Rocken weggenommen und da etwas hineingemacht. Als sie dadurch aufwachen, daß die Tür zugeht, fangen sie wieder an zu spinnen. Da hat die eine aus dem Rocken, in den Frau Gode etwas gemacht hat, kein Garn herausbekommen.</isebel:content>
  </isebel:contents>
</isebel:story>