<?xml version='1.0' encoding='UTF-8'?><isebel:story xmlns:isebel="http://www.isebel.eu/ns/isebel" xmlns:dc="http://purl.org/dc/elements/1.1/" xml:id="xmd-s001-000-004-854" xml:lang="deu">
  <dc:identifier>de.wossidia.xmd-s001-000-004-854</dc:identifier>
  <isebel:purl>https://apps.wossidia.de/webapp/run/node/XMD-S001-000-004-854</isebel:purl>
  <dc:title>[4854] Scheidengänger</dc:title>
  <dc:title xml:lang="nds"/>
  <isebel:contents>
    <isebel:content xml:lang="nds">Vadder hett vertellt, wur sett ik minen pahl hen. bei H.Lukow/ Heiligenhagen twee nawers hebben'n stück acker hatt - De een hett den annern to nah dahn un sik vertürnt, utmäten, pahl insett - de een hett em nachts wedder ruträten un up ne anner städ hensett, möt swören -------- starwt. Dee hett keen roh. wur sett —— is gahn, den pahlsetter, so säden wi. Een hett eenen ropen "wo du 'n wegnahmen hest. Dor hett he secht, nu bün ik erlöst.</isebel:content>
  </isebel:contents>
  <isebel:places>
    <isebel:place id="567">
      <dc:title>Dömitz</dc:title>
      <isebel:point>
        <datacite:pointLatitude xmlns:datacite="http://datacite.org/schema/kernel-4">53.14181</datacite:pointLatitude>
        <datacite:pointLongitude xmlns:datacite="http://datacite.org/schema/kernel-4">11.24950</datacite:pointLongitude>
      </isebel:point>
      <isebel:role>narration</isebel:role>
    </isebel:place>
  </isebel:places>
  <isebel:persons>
    <isebel:person id="10002756">
      <isebel:name>Hinz</isebel:name>
      <isebel:role>narrator</isebel:role>
    </isebel:person>
  </isebel:persons>
  <isebel:events>
    <isebel:event id="990011117">
      <isebel:date>1910-10-01</isebel:date>
      <isebel:role>narration</isebel:role>
    </isebel:event>
  </isebel:events>
</isebel:story>