<?xml version='1.0' encoding='UTF-8'?><isebel:story xmlns:isebel="http://www.isebel.eu/ns/isebel" xmlns:dc="http://purl.org/dc/elements/1.1/" xml:id="xmd-s001-000-004-965" xml:lang="deu">
  <dc:identifier>de.wossidia.xmd-s001-000-004-965</dc:identifier>
  <isebel:purl>https://apps.wossidia.de/webapp/run/node/XMD-S001-000-004-965</isebel:purl>
  <dc:title>[4965] unverweslich</dc:title>
  <dc:title xml:lang="nds"/>
  <isebel:contents>
    <isebel:content xml:lang="nds">Vorher Totenmesse. (Grossvater in Poppentin) In Wendhof wahnt Baron dee is doot wäst un hett dat vorher bestimmt, se soelen em beierdigen as he geiht un abends. He hett grot Rietstäwel anhatt, as he storben is. So hebben se em in Laken slahn un rinleggt na’t Sarg. He wier beierdigt in Gruft in Poppentin. De Daglöhner hebben de Liek rinsett un seggen donn: wi willen uns dat mal beseihn, wat in de Sarge in is. As se ankamen, fallen de Liken all in Asch, blos in eenen Sarg is een, dee is nich verwäst. Nu is dor 'n ollen Daglöhner Hopp, dee seggt: Du Lüütlikenbroder, wat hest du verbraken, dat du nich verwäst, du wierst jo wiert, dat ik de Hand nehm un slög di an't Muul. De annern seggen: Hopp dat doh he nich. Eiwat, seggt de, son Lütbroder un haugt em an't Muul. Dor gahn se all Huus. As hei abends hengeiht na'n Koortenspälen (von Ollendörp na Nigendörp) denn mööt he öwer'n Kirchhof, dor is he (de Unverwäste) bi em. He geiht na de Gaststuw rin. Se fragen em, wisst du Kortenspälen? Ne, ik möt ihrst eenen wegbringen. He seggt to den Kröger, he sall em Zwiernsfaden dohn, denn windt he fast üm üm den Dischbeen so hett he em anbrunen, den Geist. Dor drinkt he sinen Gluck ihrst ut un donn nimmt he den Twiernsfaden un geiht mit em ut de dör. (He hett vertellt, he hadd em de Jack vull swengt mit Schänstock, den'n he sik snäden hadd) He geiht na Huus. As he int Bett liggt, kümmt de anner vör't Finster un makt Radau. Dor seggt sien Fru: Vadder, wat is dor blos los! Ja, seggt he, den möt ik em ihrst to roh bringen. He geiht hen nah de Wendhöver Koppel un leggt em'n Tuunrick up'n Nacken, dor sall he dags de Köh de Bremsen mit afjagen un nachts de Mücken. De Lüd hebben dat sehn, dat dat Tuunrick ümmer von eenen Bülten na annern gahn is. (den Geist hebben se nich sehn). Dor is dat ganze Veih utbraken ut de Koppel. Dor hebben se em anzeigt bi dat Gericht. He hett Ordere krägen von't Gericht, he sall em wegbringen. Dunn hett he em wegbröcht, wohen hett he nich naseggt.</isebel:content>
  </isebel:contents>
</isebel:story>