<?xml version='1.0' encoding='UTF-8'?><isebel:story xmlns:isebel="http://www.isebel.eu/ns/isebel" xmlns:dc="http://purl.org/dc/elements/1.1/" xml:id="xmd-s001-000-001-037" xml:lang="deu">
  <dc:identifier>de.wossidia.xmd-s001-000-001-037</dc:identifier>
  <isebel:purl>https://apps.wossidia.de/webapp/run/node/XMD-S001-000-001-037</isebel:purl>
  <dc:title>[1037] Varia / Ring</dc:title>
  <dc:title xml:lang="deu"/>
  <isebel:contents>
    <isebel:content xml:lang="deu">v.d.Lühe in Redderstorf: sein großvater hat Ring getragen aber nicht ganz geschlossen. Glaube: Wenn wir einen Ring ganz schlössen, käme er wieder.</isebel:content>
  </isebel:contents>
  <isebel:places>
    <isebel:place id="2988">
      <dc:title>Waren</dc:title>
      <dc:title>Waren/Müritz</dc:title>
      <isebel:point>
        <datacite:pointLatitude xmlns:datacite="http://datacite.org/schema/kernel-4">53.51434</datacite:pointLatitude>
        <datacite:pointLongitude xmlns:datacite="http://datacite.org/schema/kernel-4">12.68948</datacite:pointLongitude>
      </isebel:point>
      <isebel:role>narration</isebel:role>
    </isebel:place>
    <isebel:place id="20606">
      <dc:title>Reddelstorf</dc:title>
      <isebel:role>action</isebel:role>
    </isebel:place>
  </isebel:places>
  <isebel:persons>
    <isebel:person id="10005028">
      <isebel:name>Petermann</isebel:name>
      <isebel:role>narrator</isebel:role>
      <isebel:livingPlace id="2368">
        <dc:title>Redderstorf</dc:title>
        <isebel:point>
          <datacite:pointLatitude xmlns:datacite="http://datacite.org/schema/kernel-4">54.10546</datacite:pointLatitude>
          <datacite:pointLongitude xmlns:datacite="http://datacite.org/schema/kernel-4">12.63250</datacite:pointLongitude>
        </isebel:point>
      </isebel:livingPlace>
    </isebel:person>
  </isebel:persons>
  <isebel:events>
    <isebel:event id="990010499">
      <isebel:date>1930-07-21</isebel:date>
      <isebel:role>narration</isebel:role>
    </isebel:event>
  </isebel:events>
  <isebel:keywords>
    <isebel:keyword id="XMD-M030-000-008-863">Ring</isebel:keyword>
  </isebel:keywords>
</isebel:story>