<?xml version='1.0' encoding='UTF-8'?><isebel:story xmlns:isebel="http://www.isebel.eu/ns/isebel" xmlns:dc="http://purl.org/dc/elements/1.1/" xml:id="xmd-s001-000-002-216" xml:lang="deu">
  <dc:identifier>de.wossidia.xmd-s001-000-002-216</dc:identifier>
  <isebel:purl>https://apps.wossidia.de/webapp/run/node/XMD-S001-000-002-216</isebel:purl>
  <dc:title>[2216] Spuk</dc:title>
  <dc:title xml:lang="deu"/>
  <dc:title xml:lang="nds"/>
  <isebel:contents>
    <isebel:content xml:lang="deu">Beim Schmied Fuust in Usadel haben sie hinten durch die Fenster geschaut: sie meinten, dass wären die Geister von Toten gewesen. ([da], wo die Eiche steht)</isebel:content>
    <isebel:content xml:lang="nds">bi smidt Fuust in Usadel hebben se hinnen in den finstern käken: se meenten dat wiren de geister von doden (wo de eek steit)</isebel:content>
  </isebel:contents>
</isebel:story>