<?xml version='1.0' encoding='UTF-8'?><isebel:story xmlns:isebel="http://www.isebel.eu/ns/isebel" xmlns:dc="http://purl.org/dc/elements/1.1/" xml:id="xmd-s001-000-010-202" xml:lang="deu">
  <dc:identifier>de.wossidia.xmd-s001-000-010-202</dc:identifier>
  <isebel:purl>https://apps.wossidia.de/webapp/run/node/XMD-S001-000-010-202</isebel:purl>
  <dc:title>[10202] Schätze: Goldenes Gerät</dc:title>
  <dc:title xml:lang="nds"/>
  <isebel:contents>
    <isebel:content xml:lang="nds">De gollen Tafel sall sik ümmer luttert hebben, hett Großvadder vertellt.</isebel:content>
  </isebel:contents>
</isebel:story>