<?xml version='1.0' encoding='UTF-8'?><isebel:story xmlns:isebel="http://www.isebel.eu/ns/isebel" xmlns:dc="http://purl.org/dc/elements/1.1/" xml:id="xmd-s001-000-006-978" xml:lang="deu">
  <dc:identifier>de.wossidia.xmd-s001-000-006-978</dc:identifier>
  <isebel:purl>https://apps.wossidia.de/webapp/run/node/XMD-S001-000-006-978</isebel:purl>
  <dc:title>[6978] Tote: unverweslich</dc:title>
  <dc:title xml:lang="nds"/>
  <isebel:contents>
    <isebel:content xml:lang="nds">In Zarrentin wir 'n Mohns. En herr hadd enen hof, de hadd sin kinner ümbröcht. He blifft doot. As de kirchhof ümlecht is, hebben se em utgrawt, hett so'n bort hatt, is nich verwäst wäst. Dor hebben se stein up lecht - hett nich hulpen - toletzt hebben se em in de muer packt.</isebel:content>
  </isebel:contents>
</isebel:story>