<?xml version='1.0' encoding='UTF-8'?><isebel:story xmlns:isebel="http://www.isebel.eu/ns/isebel" xmlns:dc="http://purl.org/dc/elements/1.1/" xml:id="xmd-s001-000-006-238" xml:lang="deu">
  <dc:identifier>de.wossidia.xmd-s001-000-006-238</dc:identifier>
  <isebel:purl>https://apps.wossidia.de/webapp/run/node/XMD-S001-000-006-238</isebel:purl>
  <dc:title>[6238] Totenhemd</dc:title>
  <dc:title xml:lang="nds"/>
  <isebel:contents>
    <isebel:content xml:lang="nds">Wiederkehr. Toten. 
as dei oll Bahr in diershagen stürw, güngen dei sinigen dull tau kiehr. dunn is hei den annern abend werra kam u. hett seggt: schriegt nich so väl äwer mi, min hemd is all messig natt. an annern abend leggen sei em anner hemd an dei stell, dat is an morgen weg un dat natt liggt dor, ganz swart. hei is nich wedder kamen.</isebel:content>
  </isebel:contents>
</isebel:story>