<?xml version='1.0' encoding='UTF-8'?><isebel:story xmlns:isebel="http://www.isebel.eu/ns/isebel" xmlns:dc="http://purl.org/dc/elements/1.1/" xml:id="xmd-s001-000-003-308" xml:lang="deu">
  <dc:identifier>de.wossidia.xmd-s001-000-003-308</dc:identifier>
  <isebel:purl>https://apps.wossidia.de/webapp/run/node/XMD-S001-000-003-308</isebel:purl>
  <dc:title>[3308] Wagen fällt hinein</dc:title>
  <dc:title xml:lang="nds"/>
  <isebel:contents>
    <isebel:content xml:lang="nds">Kutscherwisch up Ollen Buhof, dor sall Kutscher mit sien 4 Pier in versapen sien. (Is Sump.)</isebel:content>
  </isebel:contents>
</isebel:story>