<?xml version='1.0' encoding='UTF-8'?><isebel:story xmlns:isebel="http://www.isebel.eu/ns/isebel" xmlns:dc="http://purl.org/dc/elements/1.1/" xml:id="xmd-s001-000-006-973" xml:lang="deu">
  <dc:identifier>de.wossidia.xmd-s001-000-006-973</dc:identifier>
  <isebel:purl>https://apps.wossidia.de/webapp/run/node/XMD-S001-000-006-973</isebel:purl>
  <dc:title>[6973] Räuber Mehl / entrinnt Gendarm</dc:title>
  <dc:title xml:lang="nds"/>
  <isebel:contents>
    <isebel:content xml:lang="nds">rhmann1) Mähl hett in Güstrow achter de müer haust, wo nu gastwirt Steusloff wahnt, (vor 40 Jahren ca.), (von Laag' von de Habökerstrat baben links af). Dor hett he sin höhl hatt. In Wismar is he up'n Mark kamen. sin lüd' sünd all as slachters utkleedt wäst. Se hebben em uppe Spor hatt. Dor hett he 'n fellisen von'n Schooster leihnt, (hett dat wol ornlich betaalt) un dat up'n puckel nahmen. So is he afreist na Güstrow daal. En gensdarm is em begegent un hett em fragt, ob he Mähl sehn hett. Ja, hett he antwuurtt, dee wier so dörchgahn. so is he wegkamen. 

1) räuberhauptmann</isebel:content>
  </isebel:contents>
</isebel:story>