<?xml version='1.0' encoding='UTF-8'?><isebel:story xmlns:isebel="http://www.isebel.eu/ns/isebel" xmlns:dc="http://purl.org/dc/elements/1.1/" xml:id="xmd-s001-000-010-101" xml:lang="deu">
  <dc:identifier>de.wossidia.xmd-s001-000-010-101</dc:identifier>
  <isebel:purl>https://apps.wossidia.de/webapp/run/node/XMD-S001-000-010-101</isebel:purl>
  <dc:title>[10101] Schätze: Schatzort</dc:title>
  <dc:title/>
  <isebel:contents>
    <isebel:content>In Schlicht in dat Water (Steg darüber) sall väl Geld stahn.</isebel:content>
  </isebel:contents>
</isebel:story>