<?xml version='1.0' encoding='UTF-8'?><isebel:story xmlns:isebel="http://www.isebel.eu/ns/isebel" xmlns:dc="http://purl.org/dc/elements/1.1/" xml:id="xmd-s001-000-003-851" xml:lang="deu">
  <dc:identifier>de.wossidia.xmd-s001-000-003-851</dc:identifier>
  <isebel:purl>https://apps.wossidia.de/webapp/run/node/XMD-S001-000-003-851</isebel:purl>
  <dc:title>[3851] Wiederkehr / erste Frau</dc:title>
  <dc:title xml:lang="nds"/>
  <isebel:contents>
    <isebel:content xml:lang="nds">in Gr. Walmstorf is'n Scheper de Fru dootbleben in'n Wochenbett. Se is wedderkamen un hett dat Kind drög leggt. Toletzt hett de Scheper den Paster fragt, dee hett em seggt, he süll se na ehr Begehr fragen ------- se hadd kein rein Hemd ankrägen ( Dodankledersch: affirmat ) ---- Hebben dat Hemd 'tins Fäuten dat Bedd henleggt, Naam rutsnäden, dor is se nich wedderkamen.</isebel:content>
  </isebel:contents>
  <isebel:places>
    <isebel:place id="923">
      <dc:title>Grevesmühlen</dc:title>
      <isebel:point>
        <datacite:pointLatitude xmlns:datacite="http://datacite.org/schema/kernel-4">53.86487</datacite:pointLatitude>
        <datacite:pointLongitude xmlns:datacite="http://datacite.org/schema/kernel-4">11.18473</datacite:pointLongitude>
      </isebel:point>
      <isebel:role>narration</isebel:role>
    </isebel:place>
  </isebel:places>
  <isebel:events>
    <isebel:event id="990008298">
      <isebel:date>1928-06-23</isebel:date>
      <isebel:role>narration</isebel:role>
    </isebel:event>
  </isebel:events>
</isebel:story>