<?xml version='1.0' encoding='UTF-8'?><isebel:story xmlns:isebel="http://www.isebel.eu/ns/isebel" xmlns:dc="http://purl.org/dc/elements/1.1/" xml:id="xmd-s001-000-009-530" xml:lang="deu">
  <dc:identifier>de.wossidia.xmd-s001-000-009-530</dc:identifier>
  <isebel:purl>https://apps.wossidia.de/webapp/run/node/XMD-S001-000-009-530</isebel:purl>
  <dc:title>[9530] Gang: Varia</dc:title>
  <dc:title xml:lang="nds"/>
  <isebel:contents>
    <isebel:content xml:lang="nds">Italieners ketten 'n gang makt in Rostock, up'n nigenmarkt hebben se rutwullt, in de blootstrat sünt se rutkamen, drägers hebben se doot makt.</isebel:content>
  </isebel:contents>
</isebel:story>