<?xml version='1.0' encoding='UTF-8'?><isebel:story xmlns:isebel="http://www.isebel.eu/ns/isebel" xmlns:dc="http://purl.org/dc/elements/1.1/" xml:id="xmd-s001-000-005-082" xml:lang="deu">
  <dc:identifier>de.wossidia.xmd-s001-000-005-082</dc:identifier>
  <isebel:purl>https://apps.wossidia.de/webapp/run/node/XMD-S001-000-005-082</isebel:purl>
  <dc:title>[5082] Riese wirft Stein</dc:title>
  <dc:title xml:lang="nds"/>
  <isebel:contents>
    <isebel:content xml:lang="nds">En Ries hett up 'n Teiglerbarg in Bäk stahn. Ein up 'n Kronsbarg, Karenz, dee hebben sik mit Stein smäten. X [?] Eld.</isebel:content>
  </isebel:contents>
</isebel:story>