<?xml version='1.0' encoding='UTF-8'?><isebel:story xmlns:isebel="http://www.isebel.eu/ns/isebel" xmlns:dc="http://purl.org/dc/elements/1.1/" xml:id="xmd-s001-000-006-841" xml:lang="deu">
  <dc:identifier>de.wossidia.xmd-s001-000-006-841</dc:identifier>
  <isebel:purl>https://apps.wossidia.de/webapp/run/node/XMD-S001-000-006-841</isebel:purl>
  <dc:title>[6841] Glocke</dc:title>
  <dc:title xml:lang="nds"/>
  <isebel:contents>
    <isebel:content xml:lang="nds">De kirch in St.1) hett stahn, wo’t kapell stahn hett. dat fallment is noch dor. Stolp hett tohüürt to Steinbeck. na Stolp sünt de klocken henkamen. In Brenz is ’n groot füer wäst. wenn de Brenzer kirch mit afbrennt wier, denn wier Brenz hoff worden. Nu is worden Steinbeck hoff un de Steinbecker buern kamen all na Brenz. 

1) Steinbeck</isebel:content>
  </isebel:contents>
</isebel:story>