<?xml version='1.0' encoding='UTF-8'?><isebel:story xmlns:isebel="http://www.isebel.eu/ns/isebel" xmlns:dc="http://purl.org/dc/elements/1.1/" xml:id="xmd-s001-000-009-352" xml:lang="deu">
  <dc:identifier>de.wossidia.xmd-s001-000-009-352</dc:identifier>
  <isebel:purl>https://apps.wossidia.de/webapp/run/node/XMD-S001-000-009-352</isebel:purl>
  <dc:title>[9352] Raubritter: plündern Kaufleute. Reisende etc. aus</dc:title>
  <dc:title xml:lang="nds"/>
  <isebel:contents>
    <isebel:content xml:lang="nds">Von' Bützower sloss sall 'n gang ünnern see dörch gahn na Rühn. Dor hebben de raubritters in haust. bi de laden sünd se ümmer rutkamen. In de Rühner laden is 'ne kuul, (dichter bi Rühn as bi Bützow; er zeigt mir die Stelle von Zernin aus; twischen de beiden seen.) dor soelen de raubritters de kooplüd öwerfollen hebben. Dor sall ümmer ne witt dam räden hebben to gewisse tiet in dee kuul, dee sall de führerin wäst sien von de räubers.</isebel:content>
  </isebel:contents>
</isebel:story>