<?xml version='1.0' encoding='UTF-8'?><isebel:story xmlns:isebel="http://www.isebel.eu/ns/isebel" xmlns:dc="http://purl.org/dc/elements/1.1/" xml:id="xmd-s001-000-004-556" xml:lang="deu">
  <dc:identifier>de.wossidia.xmd-s001-000-004-556</dc:identifier>
  <isebel:purl>https://apps.wossidia.de/webapp/run/node/XMD-S001-000-004-556</isebel:purl>
  <dc:title>[4556] Gälknoeker: Streiche</dc:title>
  <dc:title xml:lang="nds"/>
  <isebel:contents>
    <isebel:content xml:lang="nds">﻿Luter Dummheiten h.* he m.*.

* hett
* makt</isebel:content>
  </isebel:contents>
</isebel:story>