<?xml version='1.0' encoding='UTF-8'?><isebel:story xmlns:isebel="http://www.isebel.eu/ns/isebel" xmlns:dc="http://purl.org/dc/elements/1.1/" xml:id="xmd-s001-000-006-778" xml:lang="deu">
  <dc:identifier>de.wossidia.xmd-s001-000-006-778</dc:identifier>
  <isebel:purl>https://apps.wossidia.de/webapp/run/node/XMD-S001-000-006-778</isebel:purl>
  <dc:title>[6778] Glocke wird gebannt</dc:title>
  <dc:title xml:lang="nds"/>
  <isebel:contents>
    <isebel:content xml:lang="nds">ubi nescit 
3 stein // jung lappens up // as de tiet üm is, singt dat.</isebel:content>
  </isebel:contents>
</isebel:story>