<?xml version='1.0' encoding='UTF-8'?><isebel:story xmlns:isebel="http://www.isebel.eu/ns/isebel" xmlns:dc="http://purl.org/dc/elements/1.1/" xml:id="xmd-s001-000-003-751" xml:lang="deu">
  <dc:identifier>de.wossidia.xmd-s001-000-003-751</dc:identifier>
  <isebel:purl>https://apps.wossidia.de/webapp/run/node/XMD-S001-000-003-751</isebel:purl>
  <dc:title>[3751] Wasser Spuk</dc:title>
  <dc:title xml:lang="nds"/>
  <isebel:contents>
    <isebel:content xml:lang="nds">Ik glöw, dat is to Wäsenbarg wäst. Se hebben to is' Fisch, een hett giern Brammwien müggt. Dee hett sik eenen answabbelt hatt, blifft dor, as de annern na Huus gahn. He hüert, wi wi, pietschenknallen un hüert dat ropen: "Wo willw't denn na henbringen?" - "Na'n Fiefpenningstoch."
Dor sünd se jo hüüt ihrst wäst! Morgens fröcht de Meister em: "Na, hest da utduunt." - "Oh, ik bün nich duun wäst." "Je, wo fischen wi denn hüüt?" Oh, dohn 'S mi den Gefallen un laten Se mi inn Fiefpenningstoch uptrecken." "Oh, dor sünt wi jo west. Na ja." ------- dor hebben se gefährlich väl Blei fangen. Dat is een Marakel wäst, as wenn se 'ne groot Hod' Veh dräben hebben.</isebel:content>
  </isebel:contents>
</isebel:story>