<?xml version='1.0' encoding='UTF-8'?><isebel:story xmlns:isebel="http://www.isebel.eu/ns/isebel" xmlns:dc="http://purl.org/dc/elements/1.1/" xml:id="xmd-s001-000-000-791" xml:lang="deu">
  <dc:identifier>de.wossidia.xmd-s001-000-000-791</dc:identifier>
  <isebel:purl>https://apps.wossidia.de/webapp/run/node/XMD-S001-000-000-791</isebel:purl>
  <dc:title>[791] Bestrafte Grausamkeit</dc:title>
  <dc:title xml:lang="deu"/>
  <isebel:contents>
    <isebel:content xml:lang="deu">In Diekhof… Mädchen an eisernen Ofen… durch Gehölz.</isebel:content>
  </isebel:contents>
  <isebel:places>
    <isebel:place id="2812">
      <dc:title>Teterow</dc:title>
      <isebel:point>
        <datacite:pointLatitude xmlns:datacite="http://datacite.org/schema/kernel-4">53.77350</datacite:pointLatitude>
        <datacite:pointLongitude xmlns:datacite="http://datacite.org/schema/kernel-4">12.57558</datacite:pointLongitude>
      </isebel:point>
      <isebel:role>narration</isebel:role>
    </isebel:place>
  </isebel:places>
  <isebel:persons>
    <isebel:person id="10005337">
      <isebel:name>Hertha Reeps</isebel:name>
      <isebel:gender>Frau</isebel:gender>
      <isebel:role>narrator</isebel:role>
    </isebel:person>
  </isebel:persons>
  <isebel:events>
    <isebel:event id="990000185">
      <isebel:date>1933-01-01</isebel:date>
      <isebel:role>narration</isebel:role>
    </isebel:event>
  </isebel:events>
  <isebel:keywords>
    <isebel:keyword id="XMD-M030-000-000-076">Gehölz</isebel:keyword>
    <isebel:keyword id="XMD-M030-000-001-628">eisern</isebel:keyword>
    <isebel:keyword id="XMD-M030-000-001-685">Ofen</isebel:keyword>
    <isebel:keyword id="XMD-M030-000-001-764">Magd</isebel:keyword>
  </isebel:keywords>
</isebel:story>