<?xml version='1.0' encoding='UTF-8'?><isebel:story xmlns:isebel="http://www.isebel.eu/ns/isebel" xmlns:dc="http://purl.org/dc/elements/1.1/" xml:id="xmd-s001-000-006-076" xml:lang="deu">
  <dc:identifier>de.wossidia.xmd-s001-000-006-076</dc:identifier>
  <isebel:purl>https://apps.wossidia.de/webapp/run/node/XMD-S001-000-006-076</isebel:purl>
  <dc:title>[6076] Untergang einer Stadt im Malchiner See</dc:title>
  <dc:title xml:lang="nds"/>
  <isebel:contents>
    <isebel:content xml:lang="nds">In'n Malchiner See sall 'ne Stadt liggen. Münkendörp meen ik, sall se heeten. Sall ok 'n groten Damper unnergahn sin.

(Original nicht auffindbar!)</isebel:content>
  </isebel:contents>
</isebel:story>