<?xml version='1.0' encoding='UTF-8'?><isebel:story xmlns:isebel="http://www.isebel.eu/ns/isebel" xmlns:dc="http://purl.org/dc/elements/1.1/" xml:id="xmd-s001-000-006-954" xml:lang="deu">
  <dc:identifier>de.wossidia.xmd-s001-000-006-954</dc:identifier>
  <isebel:purl>https://apps.wossidia.de/webapp/run/node/XMD-S001-000-006-954</isebel:purl>
  <dc:title>[6954] Räuber Rinsbarg</dc:title>
  <dc:title xml:lang="nds"/>
  <isebel:contents>
    <isebel:content xml:lang="nds">Räuber Rinsbarg. In de Klotzburger1) Gegend het in ollen Tiden Räuber Rinsbarg Veh un Minschen toset't. He het mit'n Düwel Uemgang hat. In'n Slossbarg het he wahnt. As he dat äwer to dull makt het, is he von eenen, de sik dorup verstünn, in den Slossbarg bannt worden. Vör Rinsbarg sin Höhl in'n Slossbarg is ne isern Döör west. As Rinsbarg ens dörch de Döör güng, is de Bannspruch seggt worden. Nu künn he nich wedder
ruter un sitt noch jitzt in den Barg. 

1) Kratzeburger</isebel:content>
  </isebel:contents>
</isebel:story>