<?xml version='1.0' encoding='UTF-8'?><isebel:story xmlns:isebel="http://www.isebel.eu/ns/isebel" xmlns:dc="http://purl.org/dc/elements/1.1/" xml:id="xmd-s001-000-003-761" xml:lang="deu">
  <dc:identifier>de.wossidia.xmd-s001-000-003-761</dc:identifier>
  <isebel:purl>https://apps.wossidia.de/webapp/run/node/XMD-S001-000-003-761</isebel:purl>
  <dc:title>[3761] Fischer</dc:title>
  <dc:title xml:lang="nds"/>
  <isebel:contents>
    <isebel:content xml:lang="nds">Mergelkuul in Zühr. 
Min Vadder un anner hebben dor fischt Grön.Dunn./St.Fr.* -nacht, füngen blos Poggen un Äwditzen.

* Grönen Dunnerstag/Stillen Fridag</isebel:content>
  </isebel:contents>
</isebel:story>