<?xml version='1.0' encoding='UTF-8'?><isebel:story xmlns:isebel="http://www.isebel.eu/ns/isebel" xmlns:dc="http://purl.org/dc/elements/1.1/" xml:id="xmd-s001-000-004-125" xml:lang="deu">
  <dc:identifier>de.wossidia.xmd-s001-000-004-125</dc:identifier>
  <isebel:purl>https://apps.wossidia.de/webapp/run/node/XMD-S001-000-004-125</isebel:purl>
  <dc:title>[4125] Schimmelreiter</dc:title>
  <dc:title xml:lang="nds"/>
  <isebel:contents>
    <isebel:content xml:lang="nds">20-25 soelen räden hebben up'n preesterbarg - dat soelen all witt schimmels wäst hebben, sünt rutkamen ut den barg un wedder rinräden (ego Joh.?) (am Johannistag?) 
Ja, gewissen dag is 't wäst, weckern weet ick nich mihr.</isebel:content>
  </isebel:contents>
</isebel:story>