<?xml version='1.0' encoding='UTF-8'?><isebel:story xmlns:isebel="http://www.isebel.eu/ns/isebel" xmlns:dc="http://purl.org/dc/elements/1.1/" xml:id="xmd-s001-000-000-529" xml:lang="deu">
  <dc:identifier>de.wossidia.xmd-s001-000-000-529</dc:identifier>
  <isebel:purl>https://apps.wossidia.de/webapp/run/node/XMD-S001-000-000-529</isebel:purl>
  <dc:title>[529] Richtberg bei Basedow</dc:title>
  <dc:title/>
  <isebel:contents>
    <isebel:content>Dr. Angerstein kennt bei Basedow von früher her noch einen alten Richtberg, auf dem noch ordentliche steinerne Sitze, wie Lehnstühle, standen. Der Berg war aber so dicht mit Gestrüpp bewachsen, dass man sich nur mit ganz schlechtem Zeug dort hindurcharbeiten konnte.</isebel:content>
  </isebel:contents>
</isebel:story>