<?xml version='1.0' encoding='UTF-8'?><isebel:story xmlns:isebel="http://www.isebel.eu/ns/isebel" xmlns:dc="http://purl.org/dc/elements/1.1/" xml:id="xmd-s001-000-004-621" xml:lang="deu">
  <dc:identifier>de.wossidia.xmd-s001-000-004-621</dc:identifier>
  <isebel:purl>https://apps.wossidia.de/webapp/run/node/XMD-S001-000-004-621</isebel:purl>
  <dc:title>[4621] Scheidengänger</dc:title>
  <dc:title xml:lang="nds"/>
  <isebel:contents>
    <isebel:content xml:lang="nds">Juuchthans sall de Breisgorensch1) möller sien, dee sall unrecht sworen hebben.

1) Bresegard</isebel:content>
  </isebel:contents>
  <isebel:places>
    <isebel:place id="190">
      <dc:title>Belsch</dc:title>
      <isebel:point>
        <datacite:pointLatitude xmlns:datacite="http://datacite.org/schema/kernel-4">53.32709</datacite:pointLatitude>
        <datacite:pointLongitude xmlns:datacite="http://datacite.org/schema/kernel-4">11.20505</datacite:pointLongitude>
      </isebel:point>
      <isebel:role>narration</isebel:role>
    </isebel:place>
  </isebel:places>
  <isebel:persons>
    <isebel:person id="10006955">
      <isebel:name>Tiede sen.</isebel:name>
      <isebel:role>narrator</isebel:role>
    </isebel:person>
  </isebel:persons>
  <isebel:events>
    <isebel:event id="990010849">
      <isebel:date>1919-08-03</isebel:date>
      <isebel:role>narration</isebel:role>
    </isebel:event>
  </isebel:events>
  <isebel:keywords>
    <isebel:keyword id="XMD-M030-000-001-205">Juchhans / Juchthans</isebel:keyword>
  </isebel:keywords>
</isebel:story>