<?xml version='1.0' encoding='UTF-8'?><isebel:story xmlns:isebel="http://www.isebel.eu/ns/isebel" xmlns:dc="http://purl.org/dc/elements/1.1/" xml:id="xmd-s001-000-009-308" xml:lang="deu">
  <dc:identifier>de.wossidia.xmd-s001-000-009-308</dc:identifier>
  <isebel:purl>https://apps.wossidia.de/webapp/run/node/XMD-S001-000-009-308</isebel:purl>
  <dc:title>[9308] Raubritter: kämpfen um Landgewinn</dc:title>
  <dc:title xml:lang="nds"/>
  <isebel:contents>
    <isebel:content xml:lang="nds">Ritters hebben sik sträden früher, dat sünd Scheidenrider wäst. Se hebben utmaken wullt, wer düller riden künnt hett, Tieplitz, un Upahl, un Prüzen hebben so knickig (zackige, erklärt die Frau) Scheiden. De hebben 2 Schimmels räden, de een Schimmel is den annern oewer worden, un hett em to Liw' gahn, un so rindrungen. so hett de een mihr Acker krägen.</isebel:content>
  </isebel:contents>
  <isebel:places>
    <isebel:place id="2777">
      <dc:title>Tarnow</dc:title>
      <isebel:point>
        <datacite:pointLatitude xmlns:datacite="http://datacite.org/schema/kernel-4">53.77877</datacite:pointLatitude>
        <datacite:pointLongitude xmlns:datacite="http://datacite.org/schema/kernel-4">12.01753</datacite:pointLongitude>
      </isebel:point>
      <isebel:role>narration</isebel:role>
    </isebel:place>
  </isebel:places>
  <isebel:persons>
    <isebel:person id="10000419">
      <isebel:name>Behn</isebel:name>
      <isebel:gender>Herr</isebel:gender>
      <isebel:role>narrator</isebel:role>
      <isebel:profession>Autovermieter</isebel:profession>
    </isebel:person>
  </isebel:persons>
  <isebel:events>
    <isebel:event id="990011339">
      <isebel:date>1935-08-31</isebel:date>
      <isebel:role>narration</isebel:role>
    </isebel:event>
  </isebel:events>
</isebel:story>