<?xml version='1.0' encoding='UTF-8'?><isebel:story xmlns:isebel="http://www.isebel.eu/ns/isebel" xmlns:dc="http://purl.org/dc/elements/1.1/" xml:id="xmd-s001-000-006-948" xml:lang="deu">
  <dc:identifier>de.wossidia.xmd-s001-000-006-948</dc:identifier>
  <isebel:purl>https://apps.wossidia.de/webapp/run/node/XMD-S001-000-006-948</isebel:purl>
  <dc:title>[6948] hausen / Räuber Winterfeldt</dc:title>
  <dc:title xml:lang="nds"/>
  <isebel:contents>
    <isebel:content xml:lang="nds">up'n borgwald in Testörp hett 'n rhm.1) haust (Winterfeldt hett he heeten). voss klarrt noch verbrennten leihm un muerstücke rut. sall segt hebben as Schaland anbugt is: schad' dat land, (dor hette he sik ansiedeln wullt. (juvenis u. Frau: dor is gweg2) in ). 

1) räuberhauptmann 
2) gollen weg'</isebel:content>
  </isebel:contents>
</isebel:story>