<?xml version='1.0' encoding='UTF-8'?><isebel:story xmlns:isebel="http://www.isebel.eu/ns/isebel" xmlns:dc="http://purl.org/dc/elements/1.1/" xml:id="xmd-s001-000-009-080" xml:lang="deu">
  <dc:identifier>de.wossidia.xmd-s001-000-009-080</dc:identifier>
  <isebel:purl>https://apps.wossidia.de/webapp/run/node/XMD-S001-000-009-080</isebel:purl>
  <dc:title>[9080] Schatz: in Geldfeuer etwas hineinwerfen</dc:title>
  <dc:title xml:lang="nds"/>
  <isebel:contents>
    <isebel:content xml:lang="nds">Up'n Gottsbarg is 'n Schätz vergraben. Joh. M.&lt;ref> Johanni Middag&lt;/ref> is 'n Duurn an de Muur. Hinner den Durn süll 'n Füer brennen. Oll Fru in Nihof hett
mi vertellt: ehr Grv.&lt;ref> Großvadder&lt;/ref> hadd dor gahn, Piep anstickt ... Gold in,
Piep vull Gold. Dee hett 'n annern Mann dat vertellt, dee is anner Johr dor ok hengahn, hett 'n Taschendok rinsmäten. Dat Taschendok is vull Gold wäst, as de Stunn üm wäst is.</isebel:content>
  </isebel:contents>
</isebel:story>