<?xml version='1.0' encoding='UTF-8'?><isebel:story xmlns:isebel="http://www.isebel.eu/ns/isebel" xmlns:dc="http://purl.org/dc/elements/1.1/" xml:id="xmd-s001-000-006-570" xml:lang="deu">
  <dc:identifier>de.wossidia.xmd-s001-000-006-570</dc:identifier>
  <isebel:purl>https://apps.wossidia.de/webapp/run/node/XMD-S001-000-006-570</isebel:purl>
  <dc:title>[6570] Schruckfoot / raubt Mädchen - entkommt</dc:title>
  <dc:title xml:lang="nds"/>
  <isebel:contents>
    <isebel:content xml:lang="nds">Hans Eenbeen hett ne gewisse streck hatt to lopen. dor up disse streck hett he lopen künnt, keen pierd hett so rönnen künnt. Dat mäten hett he rowt hatt, dee is von'n wienbarg in Stargard wäst, wo de buern wahnen. De buer krigt dat to weeten. Dor secht man (?) em: de kricht he wedder, oewer he sall de fixsten pier nehmen. wenn Eenbeen em krigen dohn ded', denn is he verloren. De nimmt de düllsten rönners un führt hen. Dat mäten hett ne gewisse stunn hatt, wo se buten wäst is. Dor is Eenbeen rut ut sin hütt kamen, (ego: Hütte ? ..... ja, dor baben up den barg hett he jo haust). Oewer se hebben dat Ziel erreicht. Denn sall sin allmacht vorbi wäst sin, as de buer em öwer worden is.</isebel:content>
  </isebel:contents>
</isebel:story>