<?xml version='1.0' encoding='UTF-8'?><isebel:story xmlns:isebel="http://www.isebel.eu/ns/isebel" xmlns:dc="http://purl.org/dc/elements/1.1/" xml:id="xmd-s001-000-005-959" xml:lang="deu">
  <dc:identifier>de.wossidia.xmd-s001-000-005-959</dc:identifier>
  <isebel:purl>https://apps.wossidia.de/webapp/run/node/XMD-S001-000-005-959</isebel:purl>
  <dc:title>[5959] Glocken kommen zu bestimmter Zeit heraus</dc:title>
  <dc:title xml:lang="nds"/>
  <isebel:contents>
    <isebel:content xml:lang="nds">dee sünt ut'n Sweriner see kamen... hett min Swvadder1) vertellt. 

1) Schwiegervadder

(Original nicht auffindbar)</isebel:content>
  </isebel:contents>
</isebel:story>