<?xml version='1.0' encoding='UTF-8'?><isebel:story xmlns:isebel="http://www.isebel.eu/ns/isebel" xmlns:dc="http://purl.org/dc/elements/1.1/" xml:id="xmd-s001-000-000-915" xml:lang="deu">
  <dc:identifier>de.wossidia.xmd-s001-000-000-915</dc:identifier>
  <isebel:purl>https://apps.wossidia.de/webapp/run/node/XMD-S001-000-000-915</isebel:purl>
  <dc:title>[915] Frevel Gewitter</dc:title>
  <dc:title xml:lang="nds"/>
  <isebel:contents>
    <isebel:content xml:lang="nds">2 vadders hebben 'n soehn hatt. De een hett 'n isern keller bugen laten, wenn gewitter wäst is, hett he sinen soehn inn keller spunnt. De anner hett em inn fell' gahn laten. De ierst is erschlagen von'n blitz inn keller.</isebel:content>
  </isebel:contents>
</isebel:story>