<?xml version='1.0' encoding='UTF-8'?><isebel:story xmlns:isebel="http://www.isebel.eu/ns/isebel" xmlns:dc="http://purl.org/dc/elements/1.1/" xml:id="xmd-s001-000-005-490" xml:lang="deu">
  <dc:identifier>de.wossidia.xmd-s001-000-005-490</dc:identifier>
  <isebel:purl>https://apps.wossidia.de/webapp/run/node/XMD-S001-000-005-490</isebel:purl>
  <dc:title>[5490] Kampf der Toten</dc:title>
  <dc:title xml:lang="nds"/>
  <isebel:contents>
    <isebel:content xml:lang="nds">In de kirch in O.G.1) sünt ring' an, pier anbunnen..... de herren hebben sik vertüürnt, sünt ihrst de besten frünnen wäst, na de argsten feinde worden. De Nig.2) (?) (non certo scit) kümmt ruptoriden in Wustrow, dee kickt ut'n finster un röppt em to, ob he as Freund kümmt oder as feind. Ne, as feind. Na, denn wier he verloren, secht de W.3) 	un schütt den Nig. doot. Gewisse sünndag' sall de Nig. herr angesprengt kamen inn galopp un binnen sien pierd an an de kirch, geit na de kirch rin. sehn kann em keener. 

1) Ollen Goorz 
2) Nigendörper 
3) Wustrower</isebel:content>
  </isebel:contents>
</isebel:story>