<?xml version='1.0' encoding='UTF-8'?><isebel:story xmlns:isebel="http://www.isebel.eu/ns/isebel" xmlns:dc="http://purl.org/dc/elements/1.1/" xml:id="xmd-s001-000-005-265" xml:lang="deu">
  <dc:identifier>de.wossidia.xmd-s001-000-005-265</dc:identifier>
  <isebel:purl>https://apps.wossidia.de/webapp/run/node/XMD-S001-000-005-265</isebel:purl>
  <dc:title>[5265] Glocke läutet von selbst</dc:title>
  <dc:title xml:lang="nds"/>
  <isebel:contents>
    <isebel:content xml:lang="nds">in Zapkendörp sünd 3 Klocken wäst un 7 Klockenperrers. Dee hebben koorten spält. As de klock 12 is, soelen se lüdden, öwer se verspälen de tiet. As se henkamen, sünd dor all weck bi un lüdden, een zägenbuck un een mit 'n pierfoot un een mit kreihgenbeen. dor hebben se makt, dat se na huus kamen sünd. (koortenspill is jo düwelsspill).</isebel:content>
  </isebel:contents>
</isebel:story>