<?xml version='1.0' encoding='UTF-8'?><isebel:story xmlns:isebel="http://www.isebel.eu/ns/isebel" xmlns:dc="http://purl.org/dc/elements/1.1/" xml:id="xmd-s001-000-008-333" xml:lang="deu">
  <dc:identifier>de.wossidia.xmd-s001-000-008-333</dc:identifier>
  <isebel:purl>https://apps.wossidia.de/webapp/run/node/XMD-S001-000-008-333</isebel:purl>
  <dc:title>[8333] Unterirdischer Gang Varia in Damekow</dc:title>
  <dc:title/>
  <isebel:contents>
    <isebel:content>In Damekow is 'n leskeller, von dor sall Gang gahn, (plura nescit).</isebel:content>
  </isebel:contents>
</isebel:story>