<?xml version='1.0' encoding='UTF-8'?><isebel:story xmlns:isebel="http://www.isebel.eu/ns/isebel" xmlns:dc="http://purl.org/dc/elements/1.1/" xml:id="xmd-s001-000-000-802" xml:lang="deu">
  <dc:identifier>de.wossidia.xmd-s001-000-000-802</dc:identifier>
  <isebel:purl>https://apps.wossidia.de/webapp/run/node/XMD-S001-000-000-802</isebel:purl>
  <dc:title>[802] Der Herr wird vom Teufel geholt</dc:title>
  <dc:title xml:lang="deu"/>
  <isebel:contents>
    <isebel:content xml:lang="deu">Kuhhüter… Großherzog von Streliz… mit Henning Bradenkierls Knochen haben die Kinder Äpfel und Beeren von einem Baum geschmissen. Zuletzt haben sie sie vor dem Altar eingegraben. Da sind sie nicht wieder aus der Erde herausgekommen.</isebel:content>
  </isebel:contents>
</isebel:story>