<?xml version='1.0' encoding='UTF-8'?><isebel:story xmlns:isebel="http://www.isebel.eu/ns/isebel" xmlns:dc="http://purl.org/dc/elements/1.1/" xml:id="xmd-s001-000-000-781" xml:lang="deu">
  <dc:identifier>de.wossidia.xmd-s001-000-000-781</dc:identifier>
  <isebel:purl>https://apps.wossidia.de/webapp/run/node/XMD-S001-000-000-781</isebel:purl>
  <dc:title>[781] Bestrafte Grausamkeit</dc:title>
  <dc:title xml:lang="deu"/>
  <isebel:contents>
    <isebel:content xml:lang="deu">Gräfin von Remplin. Wenn Dienstmädchen nicht ordentlich gesponnen haben, hat sie Garn um den Finger gewickelt bekommen, der angesteckt wurde.</isebel:content>
  </isebel:contents>
</isebel:story>