<?xml version='1.0' encoding='UTF-8'?><isebel:story xmlns:isebel="http://www.isebel.eu/ns/isebel" xmlns:dc="http://purl.org/dc/elements/1.1/" xml:id="xmd-s001-000-006-733" xml:lang="deu">
  <dc:identifier>de.wossidia.xmd-s001-000-006-733</dc:identifier>
  <isebel:purl>https://apps.wossidia.de/webapp/run/node/XMD-S001-000-006-733</isebel:purl>
  <dc:title>[6733] Glocke wird gebannt</dc:title>
  <dc:title xml:lang="nds"/>
  <isebel:contents>
    <isebel:content xml:lang="nds">ann Waukersee in Parchen ann judenkirchhof soelen kloeken rutkamen sien, een gaushirer hett wat uplecht, sall buten bläben sien, wo henkamen, kann 'k nich seggen.</isebel:content>
  </isebel:contents>
</isebel:story>