<?xml version='1.0' encoding='UTF-8'?><isebel:story xmlns:isebel="http://www.isebel.eu/ns/isebel" xmlns:dc="http://purl.org/dc/elements/1.1/" xml:id="xmd-s001-000-004-619" xml:lang="deu">
  <dc:identifier>de.wossidia.xmd-s001-000-004-619</dc:identifier>
  <isebel:purl>https://apps.wossidia.de/webapp/run/node/XMD-S001-000-004-619</isebel:purl>
  <dc:title>[4619] Scheidengänger</dc:title>
  <dc:title xml:lang="deu"/>
  <isebel:contents>
    <isebel:content xml:lang="deu">scheidenstein. wo soll ich ihn hinlegen, schirensliper, leg ihn hin, wo du ihn weggenommen hast---------100 johr all luert.</isebel:content>
  </isebel:contents>
</isebel:story>