<?xml version='1.0' encoding='UTF-8'?><isebel:story xmlns:isebel="http://www.isebel.eu/ns/isebel" xmlns:dc="http://purl.org/dc/elements/1.1/" xml:id="xmd-s001-000-004-199" xml:lang="deu">
  <dc:identifier>de.wossidia.xmd-s001-000-004-199</dc:identifier>
  <isebel:purl>https://apps.wossidia.de/webapp/run/node/XMD-S001-000-004-199</isebel:purl>
  <dc:title>[4199] Gälknoeker: Bullerbuck</dc:title>
  <dc:title xml:lang="nds"/>
  <isebel:contents>
    <isebel:content xml:lang="nds">Ut Benekenhg.* kümmt 'ne Fru un will sik Kopmanswor halen. As se bi Barg vörbikümmt, kümmt G.* rut ut'n Barg. Wo se henwill. Se wir 'ne arm Fra un hadd väl Kinner, wull sik 'n bäten Woor halen, se müsst den Weg oft maken, se hadd keen Geld. Na, denn wull he ehr 'n Fatt Geld dohn, öwerst to dee un dee Tiet müsst se 't wbringen*. Wenn se dat wbringen ded, sall se ropen 3 mal:  "Bullerbuck, den kam ik."
Se kümmt, hett niks von afnahmen, hett so'n Angst hatt. Wenn se wat verköfft hett, hett se 't swinning bileggt. Se röppt jo "Bullerbuck."
Dor kümmt 'ne Stimm ut den Barg: "Ballerbuck (ist jo Gewitter) hett B.* dootslahn." (Mien Vadder wier Bäudner Ehlers in Benekenhg.). So wier he ut de Welt kamen.

* Behnkenhagen
* Gälknoeker
* wedderbringen
* Burrerbuck</isebel:content>
  </isebel:contents>
</isebel:story>