<?xml version='1.0' encoding='UTF-8'?><isebel:story xmlns:isebel="http://www.isebel.eu/ns/isebel" xmlns:dc="http://purl.org/dc/elements/1.1/" xml:id="xmd-s001-000-001-308" xml:lang="deu">
  <dc:identifier>de.wossidia.xmd-s001-000-001-308</dc:identifier>
  <isebel:purl>https://apps.wossidia.de/webapp/run/node/XMD-S001-000-001-308</isebel:purl>
  <dc:title>[1308] Der dicke fette Pfannkuchen</dc:title>
  <dc:title xml:lang="deu"/>
  <isebel:contents>
    <isebel:content xml:lang="deu">Die Geschichte vom Pfannkuchen

Eine Frau hatte drei faule Mädchen, die wollten einen 
Pfannkuchen haben, und da der Pfannkuchen umgekehrt werden
mußte, wollte keine hin. Da rief der Pfannkuchen immer, kehrt 
ihr mich nicht um dann laufe ich weg. Zuletzt ging die eine 
hin und wollte ihn umkehren, da lief er zur Thüre hinaus. Da
begegnete ihm ein Hase der fragte ihn, Pfannkuchen warum hast
du es so hild. O, ich bin im laufen, eine Frau hatte drei
faule Mädchen, dann laufe ich dir Häschen wiparsch auch noch
vorbei. Da begegnete ihm ein Fuchs der fragte ihn, Pfannku-
chen warum hast du es so hild. O, ich bin im laufen, eine Frau
die hat hatte drei faule Mädchen. Häschen wiparsch, dann lauf ich
dir Fuchs dickarsch auch noch vorbei, da begegnete ihm ein 
Schreiber der fragte ihn, Pfannkuchen wo hast du es so hild
von, O, ich bin im laufen, eine Frau hatte drei faule Mäd-
chen, Häschen wiparsch, Fuchs dickarsch dann lauf ich dir
Schreiber faulschnaut auch noch vorbei, da begegnete ihm ein
Wolf der fragte ihn Pfannkuchen wo hast du es so hild von,
O ich bin im laufen eine Frau hatte drei faule Mädchen,
Häschen wiparsch, Fuchs dickarsch, Schreiber faulschnaut
dann lauf ich dir, O, Wolf *) nurdarsch auch noch vorbei. Da
begegnete ihm eine Sau die fragte ihn, Pfannkuchen wo hast
du es so hild von, o, ich bin im laufen eine Frau hatte
drei faule Mädchen, Häschen wiparsch, Fuchs dickarsch,
Schreiber faulschnaut, Wolf lamlender dann lauf ich dir
Sau nurdarsch auch noch vorbei, und die Sau drehte sich
um und fraß ihn auf.

*) lamlender</isebel:content>
  </isebel:contents>
  <isebel:places>
    <isebel:place id="1844">
      <dc:title>Mestlin</dc:title>
      <isebel:point>
        <datacite:pointLatitude xmlns:datacite="http://datacite.org/schema/kernel-4">53.58072</datacite:pointLatitude>
        <datacite:pointLongitude xmlns:datacite="http://datacite.org/schema/kernel-4">11.92669</datacite:pointLongitude>
      </isebel:point>
      <isebel:role>narration</isebel:role>
    </isebel:place>
  </isebel:places>
  <isebel:events>
    <isebel:event id="990000052">
      <isebel:date>1895-01-01</isebel:date>
      <isebel:role>narration</isebel:role>
    </isebel:event>
  </isebel:events>
  <isebel:keywords>
    <isebel:keyword xml:lang="deu" id="XMD-M030-000-000-395">Schneider</isebel:keyword>
    <isebel:keyword id="XMD-M030-000-000-765">Schwein</isebel:keyword>
    <isebel:keyword id="XMD-M030-000-000-766">Sau</isebel:keyword>
    <isebel:keyword id="XMD-M030-000-000-877">Hase</isebel:keyword>
    <isebel:keyword id="XMD-M030-000-000-956">Pfannkuchen</isebel:keyword>
    <isebel:keyword id="XMD-M030-000-001-599">Fuchs</isebel:keyword>
    <isebel:keyword id="XMD-M030-000-001-801">Frau, faul</isebel:keyword>
    <isebel:keyword id="XMD-M030-000-002-195">Wolf</isebel:keyword>
    <isebel:keyword id="XMD-M030-000-004-608">faul</isebel:keyword>
    <isebel:keyword id="XMD-M030-000-047-449">Mädchen</isebel:keyword>
  </isebel:keywords>
</isebel:story>