<?xml version='1.0' encoding='UTF-8'?><isebel:story xmlns:isebel="http://www.isebel.eu/ns/isebel" xmlns:dc="http://purl.org/dc/elements/1.1/" xml:id="xmd-s001-000-002-804" xml:lang="deu">
  <dc:identifier>de.wossidia.xmd-s001-000-002-804</dc:identifier>
  <isebel:purl>https://apps.wossidia.de/webapp/run/node/XMD-S001-000-002-804</isebel:purl>
  <dc:title>[2804] Opfer</dc:title>
  <dc:title xml:lang="deu"/>
  <isebel:contents>
    <isebel:content xml:lang="deu">In Güstrow giebt es noch eine Brücke, die rote oder die Selbstmörderbrücke! Wenn einer mit Leid oder Sorge die Brücke betritt, dem wird sein Leid so groß und schwer, als ob ein Hund auf seinem Rücken "Huckepack" reitet und er muß freiwillig in den Tod gehen und kann sich nicht dagegen wehren.</isebel:content>
  </isebel:contents>
</isebel:story>