<?xml version='1.0' encoding='UTF-8'?><isebel:story xmlns:isebel="http://www.isebel.eu/ns/isebel" xmlns:dc="http://purl.org/dc/elements/1.1/" xml:id="xmd-s001-000-002-762" xml:lang="deu">
  <dc:identifier>de.wossidia.xmd-s001-000-002-762</dc:identifier>
  <isebel:purl>https://apps.wossidia.de/webapp/run/node/XMD-S001-000-002-762</isebel:purl>
  <dc:title>[2762] Edelmann / hartherziger Herr</dc:title>
  <dc:title xml:lang="deu"/>
  <dc:title xml:lang="nds"/>
  <isebel:contents>
    <isebel:content xml:lang="deu">Da ist Musik im Krug gewesen und die Leute haben sich geprügelt, da hat Johann Karl dazwischengehauen. Als er sich genug geprügelt hat, ist ein Ziegenbock angekommen, da hat er sich raufgesetzt und ist nicht wiedergekommen. Vor der Kirche liegt er begraben, dass er den Frauen unter die Röcke kucken kann, wenn die Leute zur Kirche kommen.</isebel:content>
    <isebel:content xml:lang="nds">Dor is Musik in Kroog wäst un de Lüd hebben sik prügelt, dor hett Johann Koorl mank haugt. As he noog prügelt hett, is'n Zägenbuck ankamen, dor hett he sik upsett un is nich wedder kamen. Vör de Kirch liggt he begraben, dat he de Frugens ünner de Röck‘ kiken künn, wenn de Lüd kemen to Kirch.</isebel:content>
  </isebel:contents>
</isebel:story>