<?xml version='1.0' encoding='UTF-8'?><isebel:story xmlns:isebel="http://www.isebel.eu/ns/isebel" xmlns:dc="http://purl.org/dc/elements/1.1/" xml:id="xmd-s001-000-005-927" xml:lang="deu">
  <dc:identifier>de.wossidia.xmd-s001-000-005-927</dc:identifier>
  <isebel:purl>https://apps.wossidia.de/webapp/run/node/XMD-S001-000-005-927</isebel:purl>
  <dc:title>[5927] Versunkene Glocke / Ort</dc:title>
  <dc:title xml:lang="nds"/>
  <isebel:contents>
    <isebel:content xml:lang="nds">Hohnerbarg. inn 30 j.1) Kr.2) hebben se Klocken wegnahmen ut Garwitz. bi den Hb.3) sünd de Kl.4) verswunnen in de Eld'.

1) jährigen
2) Krieg
3) Hohnerbarg
4) Klocken</isebel:content>
  </isebel:contents>
</isebel:story>