<?xml version='1.0' encoding='UTF-8'?><isebel:story xmlns:isebel="http://www.isebel.eu/ns/isebel" xmlns:dc="http://purl.org/dc/elements/1.1/" xml:id="xmd-s001-000-007-398" xml:lang="deu">
  <dc:identifier>de.wossidia.xmd-s001-000-007-398</dc:identifier>
  <isebel:purl>https://apps.wossidia.de/webapp/run/node/XMD-S001-000-007-398</isebel:purl>
  <dc:title>[7398] Weggesackt</dc:title>
  <dc:title xml:lang="nds"/>
  <isebel:contents>
    <isebel:content xml:lang="nds">Vielank.
Is een Städ', de Dannen heeten Rennsbarg, son Kuul, Kaurdsen heet de Kuul un dat Land. r.&lt;ref> rechts&lt;/ref> bi de Dannen (na Benz ran) sall
'ne Versackung wäst sin. Kalensbarg, dor sall dat Dörp lägen hebben.</isebel:content>
  </isebel:contents>
</isebel:story>