<?xml version='1.0' encoding='UTF-8'?><isebel:story xmlns:isebel="http://www.isebel.eu/ns/isebel" xmlns:dc="http://purl.org/dc/elements/1.1/" xml:id="xmd-s001-000-005-973" xml:lang="deu">
  <dc:identifier>de.wossidia.xmd-s001-000-005-973</dc:identifier>
  <isebel:purl>https://apps.wossidia.de/webapp/run/node/XMD-S001-000-005-973</isebel:purl>
  <dc:title>[5973] Glocken kommen zu bestimmter Zeit heraus</dc:title>
  <dc:title xml:lang="nds"/>
  <isebel:contents>
    <isebel:content xml:lang="nds">hebben poor lütt dierns gös höddt hier in Hogenfell'. waschen sik poppentüg ..... kümmt 'n grot klock ut'n Vietgester see joh.1 middag......decken zeug auf. se blifft bestahn..... hebben knechts se stahn laten. 

1)  Johanni</isebel:content>
  </isebel:contents>
</isebel:story>