<?xml version='1.0' encoding='UTF-8'?><isebel:story xmlns:isebel="http://www.isebel.eu/ns/isebel" xmlns:dc="http://purl.org/dc/elements/1.1/" xml:id="xmd-s001-000-006-955" xml:lang="deu">
  <dc:identifier>de.wossidia.xmd-s001-000-006-955</dc:identifier>
  <isebel:purl>https://apps.wossidia.de/webapp/run/node/XMD-S001-000-006-955</isebel:purl>
  <dc:title>[6955] Räuber Auland</dc:title>
  <dc:title xml:lang="deu"/>
  <isebel:contents>
    <isebel:content xml:lang="deu">Bei den Torfschuppen an der Dudendorf-Kucksdorfer Grenze liege noch eine alte Burg des Räuberhauptmanns "Auland", nach dem auch der dort befindliche Aulandsgraben heiße.</isebel:content>
  </isebel:contents>
</isebel:story>