<?xml version='1.0' encoding='UTF-8'?><isebel:story xmlns:isebel="http://www.isebel.eu/ns/isebel" xmlns:dc="http://purl.org/dc/elements/1.1/" xml:id="xmd-s001-000-008-077" xml:lang="deu">
  <dc:identifier>de.wossidia.xmd-s001-000-008-077</dc:identifier>
  <isebel:purl>https://apps.wossidia.de/webapp/run/node/XMD-S001-000-008-077</isebel:purl>
  <dc:title>[8077] Unterirdischer Gang in Zusammenhang mit Kirche in Ratzeburg</dc:title>
  <dc:title xml:lang="nds"/>
  <isebel:contents>
    <isebel:content xml:lang="nds">Unt.&lt;ref> Unterirdischer&lt;/ref&lt; Gang von de Hauptwach an'n Markt na 'n Dom un nach St. Georgsberg, und von'n Dom na de Bäk.</isebel:content>
  </isebel:contents>
</isebel:story>