<?xml version='1.0' encoding='UTF-8'?><isebel:story xmlns:isebel="http://www.isebel.eu/ns/isebel" xmlns:dc="http://purl.org/dc/elements/1.1/" xml:id="xmd-s001-000-004-942" xml:lang="deu">
  <dc:identifier>de.wossidia.xmd-s001-000-004-942</dc:identifier>
  <isebel:purl>https://apps.wossidia.de/webapp/run/node/XMD-S001-000-004-942</isebel:purl>
  <dc:title>[4942] Wiederkehr / erste Frau</dc:title>
  <dc:title xml:lang="deu"/>
  <isebel:contents>
    <isebel:content xml:lang="deu">Bauer von Teddelin (?) fuhr mit seiner Frau ins Heu......sie aufs volle Fuder.... umgeworfen, getötet. Jeden Mittag, wenn er ass, kam sie und sah ihm über den Tisch. Armer Mann.... dann klagt er.... nimmt Erbbibel und Erbschlüssel, setzte sie auf eine Ecke des Tisches und sich an die andere. Die Frau kam wieder setzte sich aber diesmal hinter den Ofen und seufzte recht hoch auf und erzählte, wo sie einen Topf mit Geld vergraben habe, darin sei kein unrechter Schilling, ihre Kinder sollten ihn ausgraben. Nun verschwand sie und kam nicht wieder.</isebel:content>
  </isebel:contents>
</isebel:story>