<?xml version='1.0' encoding='UTF-8'?><isebel:story xmlns:isebel="http://www.isebel.eu/ns/isebel" xmlns:dc="http://purl.org/dc/elements/1.1/" xml:id="xmd-s001-000-001-121" xml:lang="deu">
  <dc:identifier>de.wossidia.xmd-s001-000-001-121</dc:identifier>
  <isebel:purl>https://apps.wossidia.de/webapp/run/node/XMD-S001-000-001-121</isebel:purl>
  <dc:title>[1121] Frevelsagen</dc:title>
  <dc:title xml:lang="nds"/>
  <isebel:contents>
    <isebel:content xml:lang="nds">Wenn ik up'n fell 'n kierl  mit swarte hoor gahn sehg denn löp ik weg, denn dacht ik, dat wier de ewig jud'.</isebel:content>
  </isebel:contents>
  <isebel:places>
    <isebel:place id="558">
      <dc:title>Bad Doberan</dc:title>
      <dc:title>Doberan</dc:title>
      <isebel:point>
        <datacite:pointLatitude xmlns:datacite="http://datacite.org/schema/kernel-4">54.10655</datacite:pointLatitude>
        <datacite:pointLongitude xmlns:datacite="http://datacite.org/schema/kernel-4">11.89861</datacite:pointLongitude>
      </isebel:point>
      <isebel:role>narration</isebel:role>
    </isebel:place>
  </isebel:places>
  <isebel:persons>
    <isebel:person id="10007050">
      <isebel:name>Trost</isebel:name>
      <isebel:gender>Frau</isebel:gender>
      <isebel:role>narrator</isebel:role>
      <isebel:livingPlace id="336">
        <dc:title>Brodhagen</dc:title>
        <isebel:point>
          <datacite:pointLatitude xmlns:datacite="http://datacite.org/schema/kernel-4">54.10571</datacite:pointLatitude>
          <datacite:pointLongitude xmlns:datacite="http://datacite.org/schema/kernel-4">11.85389</datacite:pointLongitude>
        </isebel:point>
      </isebel:livingPlace>
    </isebel:person>
  </isebel:persons>
  <isebel:events>
    <isebel:event id="990010903">
      <isebel:date>1925-09-05</isebel:date>
      <isebel:role>narration</isebel:role>
    </isebel:event>
  </isebel:events>
</isebel:story>