<?xml version='1.0' encoding='UTF-8'?><isebel:story xmlns:isebel="http://www.isebel.eu/ns/isebel" xmlns:dc="http://purl.org/dc/elements/1.1/" xml:id="xmd-s001-000-009-465" xml:lang="deu">
  <dc:identifier>de.wossidia.xmd-s001-000-009-465</dc:identifier>
  <isebel:purl>https://apps.wossidia.de/webapp/run/node/XMD-S001-000-009-465</isebel:purl>
  <dc:title>[9465] Totenmesse</dc:title>
  <dc:title xml:lang="nds"/>
  <isebel:contents>
    <isebel:content xml:lang="nds">Is maleens wäst // Klocken... Fru.... Bitten all in de Kirch... Nawersch: "Gah to Huus!" // Wind sleiht de Dör to. // Mantel inklemmt.</isebel:content>
  </isebel:contents>
</isebel:story>