<?xml version='1.0' encoding='UTF-8'?><isebel:story xmlns:isebel="http://www.isebel.eu/ns/isebel" xmlns:dc="http://purl.org/dc/elements/1.1/" xml:id="xmd-s001-000-002-145" xml:lang="deu">
  <dc:identifier>de.wossidia.xmd-s001-000-002-145</dc:identifier>
  <isebel:purl>https://apps.wossidia.de/webapp/run/node/XMD-S001-000-002-145</isebel:purl>
  <dc:title>[2145] Blutflecke</dc:title>
  <dc:title xml:lang="nds"/>
  <isebel:contents>
    <isebel:content xml:lang="nds">Vör 'n poor johren is doch 'n mäten in Woren bi de isenbahn doot führt; dor sädchen se noch lange tiet naher, dat bloot keem ümmer wedder ut'n sand rut.
Frau sohrü - Waren (s. Orig.):
(ja, das kümmt wedder, da steit nich).</isebel:content>
  </isebel:contents>
</isebel:story>