<?xml version='1.0' encoding='UTF-8'?><isebel:story xmlns:isebel="http://www.isebel.eu/ns/isebel" xmlns:dc="http://purl.org/dc/elements/1.1/" xml:id="xmd-s001-000-009-891" xml:lang="deu">
  <dc:identifier>de.wossidia.xmd-s001-000-009-891</dc:identifier>
  <isebel:purl>https://apps.wossidia.de/webapp/run/node/XMD-S001-000-009-891</isebel:purl>
  <dc:title>[9891] Schloss / Erwähnung</dc:title>
  <dc:title xml:lang="deu"/>
  <isebel:contents>
    <isebel:content xml:lang="deu">Tagel.1) Brümmer - Waren: Joh.m.2) hat er auf dem mitteldamm (gepflasterte Strasse auf dem T.3) Hof, art kreuzweg, wo es rechts nach Viehhaus abgeht) schloss gesehen. Hat immer gesagt: ik will mal wedder hen un nasehn. 

1) Tagelöhner 
2) Johanni mittag 
3) Tressower</isebel:content>
  </isebel:contents>
</isebel:story>