<?xml version='1.0' encoding='UTF-8'?><isebel:story xmlns:isebel="http://www.isebel.eu/ns/isebel" xmlns:dc="http://purl.org/dc/elements/1.1/" xml:id="xmd-s001-000-007-039" xml:lang="deu">
  <dc:identifier>de.wossidia.xmd-s001-000-007-039</dc:identifier>
  <isebel:purl>https://apps.wossidia.de/webapp/run/node/XMD-S001-000-007-039</isebel:purl>
  <dc:title>[7039] Wallenstein</dc:title>
  <dc:title xml:lang="nds"/>
  <isebel:contents>
    <isebel:content xml:lang="nds">Wallenstein vör Stralsund legen. en oll säg' hebben se noch hatt. uthungert wiren se noch nich, schriet noch 'n swien. schütt bäker vör de mund weg. to Hanshagen henlagert. in stein Lehnstohl rinhaugen laten, dor het he in seten.</isebel:content>
  </isebel:contents>
</isebel:story>