<?xml version='1.0' encoding='UTF-8'?><isebel:story xmlns:isebel="http://www.isebel.eu/ns/isebel" xmlns:dc="http://purl.org/dc/elements/1.1/" xml:id="xmd-s001-000-003-927" xml:lang="deu">
  <dc:identifier>de.wossidia.xmd-s001-000-003-927</dc:identifier>
  <isebel:purl>https://apps.wossidia.de/webapp/run/node/XMD-S001-000-003-927</isebel:purl>
  <dc:title>[3927] Gälknocker Wesensart</dc:title>
  <dc:title xml:lang="nds"/>
  <isebel:contents>
    <isebel:content xml:lang="nds">(Ego: eenen bi sik ?) 
Ne, he is ümmer alleen wäst.</isebel:content>
  </isebel:contents>
  <isebel:places>
    <isebel:place id="12669">
      <dc:title>Behnkenhagen</dc:title>
      <isebel:point>
        <datacite:pointLatitude xmlns:datacite="http://datacite.org/schema/kernel-4">54.17795</datacite:pointLatitude>
        <datacite:pointLongitude xmlns:datacite="http://datacite.org/schema/kernel-4">12.30778</datacite:pointLongitude>
      </isebel:point>
      <isebel:role>narration</isebel:role>
    </isebel:place>
  </isebel:places>
  <isebel:persons>
    <isebel:person id="10006646">
      <isebel:name>Steffen</isebel:name>
      <isebel:gender>Frau</isebel:gender>
      <isebel:role>narrator</isebel:role>
    </isebel:person>
  </isebel:persons>
  <isebel:events>
    <isebel:event id="990010848">
      <isebel:date>1923-05-28</isebel:date>
      <isebel:role>narration</isebel:role>
    </isebel:event>
  </isebel:events>
</isebel:story>