<?xml version='1.0' encoding='UTF-8'?><isebel:story xmlns:isebel="http://www.isebel.eu/ns/isebel" xmlns:dc="http://purl.org/dc/elements/1.1/" xml:id="xmd-s001-000-001-989" xml:lang="deu">
  <dc:identifier>de.wossidia.xmd-s001-000-001-989</dc:identifier>
  <isebel:purl>https://apps.wossidia.de/webapp/run/node/XMD-S001-000-001-989</isebel:purl>
  <dc:title>[1989] nicht grugen</dc:title>
  <dc:title xml:lang="deu"/>
  <dc:title xml:lang="nds"/>
  <isebel:contents>
    <isebel:content xml:lang="deu">(Ubi nescit) Ist einmal ein Priester gewesen, der hatte einen Kandidaten. Der Kandidat ging jeden Abend zum Leichenhaus, um dort den Abendsegen zu beten. Da sagte der Priesterknecht mal zu dem Mädchen, er würde den Kandidaten erschrecken wollen. Er schmeißt sich ein Laken über, geht hin… Kandidat geht zu dem Gespenst und sagt: „Bist du ein guter Geist, so melde dich, bist du ein schlechter Geist, so möchte ich, dass du zur Erde reinsinkst und zu Stein wirst.“ Da sackt die Gestalt weg. Der Kandidat betet seinen Abendsegen zu Ende und geht nach Hause. Kurze Zeit später dankte der Priester ab, ist ein neuer Priester gekommen. Das Leichenhaus war baufällig. Dort finden sie einen Stein in menschlicher Gestalt. Da sagt der neue Priester: „Die soll auf meiner Diele stehen.“ (Er sollte nicht wieder im Leichenhaus begraben werden.) Nun hatte der Priester ein Mädchen, welches jeden Abend den Abendsegen in der Küche las, wenn sie mit der Arbeit fertig war. Sie hört Geklapper, als sie am Lesen war. Sie stößt die Tür auf, da sieht sie: Wenn sie liest, klatscht der Stein in die Hände als würde er lachen und spotten. Sie sagt dies dem Priester. Der sagt: „Wie ist das möglich.“ Ja er würde sich davon selbst überzeugen. Er sieht das und sagt zu dem Mädchen, sie solle das Lesen eine Zeit sein lassen. Er gibt ein großes Gastmahl und lädt alle Priester aus der Umgebung ein, sie sollen all ihre Kinder etc. mitbringen. Als sie nun da sind, erzählt er dies [das Vorkommnis] und fragt, ob jemand da sei, der den Stein ausfragen möchte. Da meldete sich ein junger Student, der sagte, er würde das übernehmen. Er hätte ja nichts zu versorgen. Der fragt den Stein. Daraufhin fing der Stein an zu sprechen und erzählte, dass er der Knecht wäre und sagt, er wünsche sich bloß, dass er wieder an seine Ruhestätte gebracht würde. Da haben sie ihn wieder unter dem Leichenhaus begraben.</isebel:content>
    <isebel:content xml:lang="nds">(ubi nescit) Is 'n preester wäst, dee hett kannidat hat. dee kannidat geit alle abend na't Liekhuus bädt dor 'n abendsägen. Dor secht preesterknecht eens to ’t mäten: den kandate wull he grugen maken he nimmt sik 'n laken öwer, geit hen..... kannidat geit ran up dat gespenst un secht:" bist du ein guter geist so melde dich, bist du ein schlechter geist, so möchte ich, dass du zur erde reinsinkst und zu stein würdet". Dor sackt de gestalt weg. De kanndat Bädt sinen abendsägen to enn un geit na huus. Nadräglich hett de preester afdankt is'n nigen preester kamen.——— dat liekhuus ward bufällig dor finnen se steen in minschliche gestalt. Dor secht de nie preester: dee sall ub min däl stahn (he sall nich wedder ingrawt werden in't liekhuus) Nu hett de preester 'n mäten dee lesst alle abend den abendsägen in de koek wenn se mit de arbeit farig is. Dee hürt det klappern, wenn se läst. se stött de dör apen, dor süht se: wenn se läst klappt de steen in de hänn as wenn he lacht un spott't. Se secht den pr.1) dit, de secht wo is dat möglich. Ja, he süll sik dat sülm öwertügen. He</isebel:content>
  </isebel:contents>
</isebel:story>