<?xml version='1.0' encoding='UTF-8'?><isebel:story xmlns:isebel="http://www.isebel.eu/ns/isebel" xmlns:dc="http://purl.org/dc/elements/1.1/" xml:id="xmd-s001-000-007-578" xml:lang="deu">
  <dc:identifier>de.wossidia.xmd-s001-000-007-578</dc:identifier>
  <isebel:purl>https://apps.wossidia.de/webapp/run/node/XMD-S001-000-007-578</isebel:purl>
  <dc:title>[7578] Ewig leben</dc:title>
  <dc:title xml:lang="nds"/>
  <isebel:contents>
    <isebel:content xml:lang="nds">Grossmudder hett vertellt: 
Ik meen 'ne Jüdin, (wo se heiten hett, heff ik vergäten) // dee hett ewig läben wullt, toletzt is se wäst as 'n Schatten.</isebel:content>
  </isebel:contents>
</isebel:story>