<?xml version='1.0' encoding='UTF-8'?><isebel:story xmlns:isebel="http://www.isebel.eu/ns/isebel" xmlns:dc="http://purl.org/dc/elements/1.1/" xml:id="xmd-s001-000-000-237" xml:lang="deu">
  <dc:identifier>de.wossidia.xmd-s001-000-000-237</dc:identifier>
  <isebel:purl>https://apps.wossidia.de/webapp/run/node/XMD-S001-000-000-237</isebel:purl>
  <dc:title>[237] Bestrafte Grausamkeit</dc:title>
  <dc:title xml:lang="nds"/>
  <dc:title xml:lang="deu"/>
  <isebel:contents>
    <isebel:content xml:lang="nds">⸢En⸣ Eddelmann het twee oll Lüüd hatt, de het he nich loswarden künnt. ⸢He⸣ het se in ʼe Sehüün slaten. Dor hebben se de Rotten un Müüs vertehrt. Na Johren kann he sik nich bargen in sien Huus. Donn buugt ⸢he⸣ sik.ʼn Tempel in Rehn (ego: am Rhein?), de is rundüm mit Water belaten wäst. Dor het he sik baben ʼne Wahnung in buugt. In dennʼ Tempel hebben se em vertehrt. En Bergmann het mi dat vertellt, de is Soldat wäst. ⸢He⸣ het dennʼ Tempel noch sehn. De Hauptmann het seggt: „Das ist der Mäuseturm“. 

Erzähler: Frau Chr. Wulff, Ribnitz, Kreis Ribnitz-Damgarten; Aufzeichner: Wossidlo, 1912.</isebel:content>
    <isebel:content xml:lang="deu">Ein Edelmann hat zwei alte Leute gehabt, die hat er nicht loswerden können. Er hat sie in eine Scheune eingeschlossen. Dort haben sie die Ratten und Mäuse aufgefressen. Nach Jahren kann er sich in seinem Hause nicht retten. Da baut er sich einen Tempel in Rehn (ich: am Rhein?), der ist von Wasser umgeben gewesen. Darin hat er sich oben eine Woh¬nung gebaut. In dem Tempel haben sie ihn verzehrt. Ein Bergmann hat mir das erzählt, der ist Soldat gewesen. Er hat den Tempel noch gesehen. Der Hauptmann hat gesagt: „Das ist der Mäuseturm“.</isebel:content>
  </isebel:contents>
  <isebel:persons>
    <isebel:person id="10007753">
      <isebel:name>Wulff</isebel:name>
      <isebel:role>narrator</isebel:role>
    </isebel:person>
  </isebel:persons>
  <isebel:keywords>
    <isebel:keyword id="XMD-M030-000-000-255">Scheune</isebel:keyword>
    <isebel:keyword id="XMD-M030-000-001-788">Ratte</isebel:keyword>
    <isebel:keyword xml:lang="nds" id="XMD-M030-000-013-639">Eddelmann</isebel:keyword>
    <isebel:keyword id="XMD-M030-000-040-333">einschließen</isebel:keyword>
  </isebel:keywords>
</isebel:story>