<?xml version='1.0' encoding='UTF-8'?><isebel:story xmlns:isebel="http://www.isebel.eu/ns/isebel" xmlns:dc="http://purl.org/dc/elements/1.1/" xml:id="xmd-s001-000-010-294" xml:lang="deu">
  <dc:identifier>de.wossidia.xmd-s001-000-010-294</dc:identifier>
  <isebel:purl>https://apps.wossidia.de/webapp/run/node/XMD-S001-000-010-294</isebel:purl>
  <dc:title>[10294] Goldene Wiege in Burg</dc:title>
  <dc:title xml:lang="nds"/>
  <isebel:contents>
    <isebel:content xml:lang="nds">Inn Rug'barg in Adamshof bei Stvenh.&lt;ref> Stabenhagen&lt;/ref> sall ne gollen Weg' sin.
Se säden, Joh. M.&lt;ref> Johanni Middag&lt;/ref> wier dor Licht.</isebel:content>
  </isebel:contents>
</isebel:story>