<?xml version='1.0' encoding='UTF-8'?><isebel:story xmlns:isebel="http://www.isebel.eu/ns/isebel" xmlns:dc="http://purl.org/dc/elements/1.1/" xml:id="xmd-s001-000-008-925" xml:lang="deu">
  <dc:identifier>de.wossidia.xmd-s001-000-008-925</dc:identifier>
  <isebel:purl>https://apps.wossidia.de/webapp/run/node/XMD-S001-000-008-925</isebel:purl>
  <dc:title>[8925] Schatz: Geld brennen</dc:title>
  <dc:title xml:lang="nds"/>
  <isebel:contents>
    <isebel:content xml:lang="nds">L.&lt;ref> Lütten&lt;/ref> Trebbow Torfbrok / Kloetnow // Trebbower See, so säden de Ollen, Bäk Hälsing na de Horst. / Pritzereck. To dunmals hebben se jo nachts Pier höddt. De Pier freten denn Ruhr an den See.
Öwer dor na de Pr.&lt;ref> Prietzer&lt;/ref> Eck willen se nachts nich hen, dor wier't nich richtig, säden se, leewer güngen se up'n Kirchhof liggen, Schultenbrok.</isebel:content>
  </isebel:contents>
</isebel:story>