<?xml version='1.0' encoding='UTF-8'?><isebel:story xmlns:isebel="http://www.isebel.eu/ns/isebel" xmlns:dc="http://purl.org/dc/elements/1.1/" xml:id="xmd-s001-000-005-659" xml:lang="deu">
  <dc:identifier>de.wossidia.xmd-s001-000-005-659</dc:identifier>
  <isebel:purl>https://apps.wossidia.de/webapp/run/node/XMD-S001-000-005-659</isebel:purl>
  <dc:title>[5659] Versunkenes Schloss</dc:title>
  <dc:title xml:lang="nds"/>
  <isebel:contents>
    <isebel:content xml:lang="nds">In' Papenholt to Gr. Wüstenfelde Joh.* Nacht sall 'n Sloß rutkamen ut enen Barg. Ick heff dor 'n Huus bugt, dor säden de Lüd, nu gröfft he dat Sloß rut. G.* Weig sall dor ok in sien.

* Johanni
* gollen</isebel:content>
  </isebel:contents>
</isebel:story>