<?xml version='1.0' encoding='UTF-8'?><isebel:story xmlns:isebel="http://www.isebel.eu/ns/isebel" xmlns:dc="http://purl.org/dc/elements/1.1/" xml:id="xmd-s001-000-010-213" xml:lang="deu">
  <dc:identifier>de.wossidia.xmd-s001-000-010-213</dc:identifier>
  <isebel:purl>https://apps.wossidia.de/webapp/run/node/XMD-S001-000-010-213</isebel:purl>
  <dc:title>[10213] Schätze: Sarg / Grab</dc:title>
  <dc:title xml:lang="nds"/>
  <isebel:contents>
    <isebel:content xml:lang="nds">To Warbeen&lt;ref> Warbende&lt;/ref> sall 'n Ries wokert hebben. Graff sall dor sien.
Sall 'n Steen liggen, de Riesenhand in sien.</isebel:content>
  </isebel:contents>
</isebel:story>