<?xml version='1.0' encoding='UTF-8'?><isebel:story xmlns:isebel="http://www.isebel.eu/ns/isebel" xmlns:dc="http://purl.org/dc/elements/1.1/" xml:id="xmd-s001-000-009-101" xml:lang="deu">
  <dc:identifier>de.wossidia.xmd-s001-000-009-101</dc:identifier>
  <isebel:purl>https://apps.wossidia.de/webapp/run/node/XMD-S001-000-009-101</isebel:purl>
  <dc:title>[9101] Raubritter: Hufeisen verkehrt</dc:title>
  <dc:title xml:lang="nds"/>
  <isebel:contents>
    <isebel:content xml:lang="nds">Damshagen is 'n Raubritter wäst, wenn he ruträden is, is dat wäst as wier he rinräden.</isebel:content>
  </isebel:contents>
  <isebel:places>
    <isebel:place id="923">
      <dc:title>Grevesmühlen</dc:title>
      <isebel:point>
        <datacite:pointLatitude xmlns:datacite="http://datacite.org/schema/kernel-4">53.86487</datacite:pointLatitude>
        <datacite:pointLongitude xmlns:datacite="http://datacite.org/schema/kernel-4">11.18473</datacite:pointLongitude>
      </isebel:point>
      <isebel:role>narration</isebel:role>
    </isebel:place>
  </isebel:places>
  <isebel:persons>
    <isebel:person id="10006568">
      <isebel:name>Soltow</isebel:name>
      <isebel:role>narrator</isebel:role>
    </isebel:person>
  </isebel:persons>
  <isebel:events>
    <isebel:event id="990008298">
      <isebel:date>1928-06-23</isebel:date>
      <isebel:role>narration</isebel:role>
    </isebel:event>
  </isebel:events>
</isebel:story>