<?xml version='1.0' encoding='UTF-8'?><isebel:story xmlns:isebel="http://www.isebel.eu/ns/isebel" xmlns:dc="http://purl.org/dc/elements/1.1/" xml:id="xmd-s001-000-006-966" xml:lang="deu">
  <dc:identifier>de.wossidia.xmd-s001-000-006-966</dc:identifier>
  <isebel:purl>https://apps.wossidia.de/webapp/run/node/XMD-S001-000-006-966</isebel:purl>
  <dc:title>[6966] Räuber Röpke</dc:title>
  <dc:title xml:lang="nds"/>
  <isebel:contents>
    <isebel:content xml:lang="nds">Räupk heff ik läst inn bok, oll läsbook. (inn stahlbarg)</isebel:content>
  </isebel:contents>
</isebel:story>