<?xml version='1.0' encoding='UTF-8'?><isebel:story xmlns:isebel="http://www.isebel.eu/ns/isebel" xmlns:dc="http://purl.org/dc/elements/1.1/" xml:id="xmd-s001-000-001-304" xml:lang="deu">
  <dc:identifier>de.wossidia.xmd-s001-000-001-304</dc:identifier>
  <isebel:purl>https://apps.wossidia.de/webapp/run/node/XMD-S001-000-001-304</isebel:purl>
  <dc:title>[1304] Christus verflucht Pferd ein Nimmersatt zu sein</dc:title>
  <dc:title xml:lang="nds"/>
  <isebel:contents>
    <isebel:content xml:lang="nds">As Christus reist het, het de dat Pird segt, dat 
süll em em weg drägen, aewer dat har segt, he müßt noch
fräten. Don het Christus segt, denn sülle ümmer dorbi bliwen.
Dorvon is das Pferd en Nimmersatt.</isebel:content>
  </isebel:contents>
  <isebel:places>
    <isebel:place id="2902">
      <dc:title>Vellahn</dc:title>
      <isebel:point>
        <datacite:pointLatitude xmlns:datacite="http://datacite.org/schema/kernel-4">53.40097</datacite:pointLatitude>
        <datacite:pointLongitude xmlns:datacite="http://datacite.org/schema/kernel-4">10.96754</datacite:pointLongitude>
      </isebel:point>
      <isebel:role>narration</isebel:role>
    </isebel:place>
  </isebel:places>
  <isebel:persons>
    <isebel:person id="10010085">
      <isebel:name>Lunow (Briefträger)</isebel:name>
      <isebel:role>narrator</isebel:role>
    </isebel:person>
  </isebel:persons>
  <isebel:events>
    <isebel:event id="990000047">
      <isebel:date>1897-01-01</isebel:date>
      <isebel:role>narration</isebel:role>
    </isebel:event>
  </isebel:events>
  <isebel:keywords>
    <isebel:keyword id="XMD-M030-000-000-536">Rätsel</isebel:keyword>
    <isebel:keyword id="XMD-M030-000-000-763">Pferd</isebel:keyword>
    <isebel:keyword id="XMD-M030-000-000-870">Faulpelz</isebel:keyword>
    <isebel:keyword id="XMD-M030-000-001-061">Christus</isebel:keyword>
    <isebel:keyword id="XMD-M030-000-001-745">Frau und Mann</isebel:keyword>
    <isebel:keyword id="XMD-M030-000-004-802">fleißig</isebel:keyword>
    <isebel:keyword id="XMD-M030-000-048-493">A 80447</isebel:keyword>
    <isebel:keyword id="XMD-M030-000-048-494">A 80448</isebel:keyword>
  </isebel:keywords>
</isebel:story>