<?xml version='1.0' encoding='UTF-8'?><isebel:story xmlns:isebel="http://www.isebel.eu/ns/isebel" xmlns:dc="http://purl.org/dc/elements/1.1/" xml:id="xmd-s001-000-006-879" xml:lang="deu">
  <dc:identifier>de.wossidia.xmd-s001-000-006-879</dc:identifier>
  <isebel:purl>https://apps.wossidia.de/webapp/run/node/XMD-S001-000-006-879</isebel:purl>
  <dc:title>[6879] Tote: unverweslich</dc:title>
  <dc:title xml:lang="nds"/>
  <isebel:contents>
    <isebel:content xml:lang="nds">Schöneichen bi Boizenburg, bi enen ritter Kaalbuutz is 'n scheper in deenst, dat stubenmäten is sin brut wäst. De her will ok mit de diern karessieren. De scheper is verswunnen eenes dags, na 4 Wochen ward he öwer inne bäk funnen. de herr schwört: wenn he den s.1) erschlagen hadd, mücht gott geben, daß ich nie verwese. 
As de kirch repariert is, hebben se de gräwer upnahmen, dor is nich verwäst wäst. (en professor ut Berlin hett dat unnersöcht, nich balsamiert. steht noch inne kapell, is vör 20 pf.2) to sehn. (uns' kutscher hett' vertellt, un 'n leutnant ok.)

1) scheper
2) Pfennig.</isebel:content>
  </isebel:contents>
</isebel:story>