<?xml version='1.0' encoding='UTF-8'?><isebel:story xmlns:isebel="http://www.isebel.eu/ns/isebel" xmlns:dc="http://purl.org/dc/elements/1.1/" xml:id="xmd-s001-000-007-632" xml:lang="deu">
  <dc:identifier>de.wossidia.xmd-s001-000-007-632</dc:identifier>
  <isebel:purl>https://apps.wossidia.de/webapp/run/node/XMD-S001-000-007-632</isebel:purl>
  <dc:title>[7632] Gang im Zusammenhang mit Burgwall</dc:title>
  <dc:title xml:lang="nds"/>
  <isebel:contents>
    <isebel:content xml:lang="nds">Nieköhr. 
Be ollen säden: dor wir 'n gang lang, wo twee in gahn künnen, na Lühborg hen.</isebel:content>
  </isebel:contents>
</isebel:story>