<?xml version='1.0' encoding='UTF-8'?><isebel:story xmlns:isebel="http://www.isebel.eu/ns/isebel" xmlns:dc="http://purl.org/dc/elements/1.1/" xml:id="xmd-s001-000-009-614" xml:lang="deu">
  <dc:identifier>de.wossidia.xmd-s001-000-009-614</dc:identifier>
  <isebel:purl>https://apps.wossidia.de/webapp/run/node/XMD-S001-000-009-614</isebel:purl>
  <dc:title>[9614] Tote: Wiederkehr / Totenhemd</dc:title>
  <dc:title xml:lang="nds"/>
  <isebel:contents>
    <isebel:content xml:lang="nds">Dirn nich grugen // will kirchenbok hahlen. süht enen mit'n hemd an de dör // stah du man. As se rut gahn will, nimmt se em 't hemd af. Drüdden abend kümmt de.... wull sin hemd wedder hebben. Se na'n preester, de süht na // is nam in in't hemd, kann keener läsen, por presters tosamkrigen // Sie hin "ja dor liggt, nimmt di man” // ne, se süll em dat sülm antrecken // presters mit // as se de hand up'n kopp loggt, is se midden ut'n anner gahn.</isebel:content>
  </isebel:contents>
</isebel:story>