<?xml version='1.0' encoding='UTF-8'?><isebel:story xmlns:isebel="http://www.isebel.eu/ns/isebel" xmlns:dc="http://purl.org/dc/elements/1.1/" xml:id="xmd-s001-000-008-195" xml:lang="deu">
  <dc:identifier>de.wossidia.xmd-s001-000-008-195</dc:identifier>
  <isebel:purl>https://apps.wossidia.de/webapp/run/node/XMD-S001-000-008-195</isebel:purl>
  <dc:title>[8195] Lokalspott: Rostock</dc:title>
  <dc:title xml:lang="nds"/>
  <isebel:contents>
    <isebel:content xml:lang="nds">wenn'n Rostocker sik in'ne Vörrehg hett sehn laten, hebben se ropen: smit 'n Diwel in'n Strom lat'n driben is 'n Rostocker. Wat deiht dee in'ne Veerrehg kann he nich inne Achterreig bliben.</isebel:content>
  </isebel:contents>
</isebel:story>