<?xml version='1.0' encoding='UTF-8'?><isebel:story xmlns:isebel="http://www.isebel.eu/ns/isebel" xmlns:dc="http://purl.org/dc/elements/1.1/" xml:id="xmd-s001-000-004-730" xml:lang="deu">
  <dc:identifier>de.wossidia.xmd-s001-000-004-730</dc:identifier>
  <isebel:purl>https://apps.wossidia.de/webapp/run/node/XMD-S001-000-004-730</isebel:purl>
  <dc:title>[4730] Hartherziger Herr</dc:title>
  <dc:title xml:lang="deu"/>
  <dc:title xml:lang="nds"/>
  <isebel:contents>
    <isebel:content xml:lang="deu">Hörnig soll ein bitterböser Kerl gewesen sein. (sua sponte) sie haben ihn [mit] [einer] Flasche gepeitscht und hingebracht oben den Stinthorst [nach Johann Stint?] in [der] Schweinswirel [generell Wirel: von Wiesentälern umschlossenes Gebiet]. Er hat immer zu gerufen (sua sponte) Vater hat den Stinthorst in Pacht… wir waren oft da als Jungs, wenn heute das wäre, (er denkt bei dau an du) wenn man einem antwortet, dann dreht er einem den Kopf um, dass das Gesicht im Nacken (Rücken) zum Stehen kommt.</isebel:content>
    <isebel:content xml:lang="nds">Hörning sall 'n bitterbösen Kierl wäst sien. ( ss ) Se hebben em in Buttel pietscht un henbröcht baben de Stinthorst in Swienswirel. He röppt ümmer Dau ( ss ) Vadder hadd de Stinthorst in Pacht -- wi -- wiren dor oft as Jungens, wenn heu't würd, (er denkt bei Dau an Du) wenn man een antwuurtt, denn dreiht he eenen den Kopp üm, dat dat Gesicht in Nacken (Rücken ) to stan kümmt.</isebel:content>
  </isebel:contents>
</isebel:story>