<?xml version='1.0' encoding='UTF-8'?><isebel:story xmlns:isebel="http://www.isebel.eu/ns/isebel" xmlns:dc="http://purl.org/dc/elements/1.1/" xml:id="xmd-s001-000-008-774" xml:lang="deu">
  <dc:identifier>de.wossidia.xmd-s001-000-008-774</dc:identifier>
  <isebel:purl>https://apps.wossidia.de/webapp/run/node/XMD-S001-000-008-774</isebel:purl>
  <dc:title>[8774] Raubritter: Erwähnung</dc:title>
  <dc:title xml:lang="nds"/>
  <isebel:contents>
    <isebel:content xml:lang="nds">kauhweid "brok", dat hürt de arbeiters (nicht de bäudners). dor is ne hoge host, sünd böken up wäst, de licht an de Boiss (also bwall 1)) dor süll 'n gollen weig' in sien. Dor is de Landstrat öwer Gudow na Bäuken gahn, dor hebben de raubritters haust, bi Hof Boiss is de dodenburg. schaffhorst is half Schadeland, half Zarrentiner bäudnerien. Dor hebben se de Lieken vergrawt hebben de raubritters up'n dodenbarg..... up'n schaffhorst, dor hebben se de afkappniert. 

1) burgwall</isebel:content>
  </isebel:contents>
</isebel:story>