<?xml version='1.0' encoding='UTF-8'?><isebel:story xmlns:isebel="http://www.isebel.eu/ns/isebel" xmlns:dc="http://purl.org/dc/elements/1.1/" xml:id="xmd-s001-000-007-923" xml:lang="deu">
  <dc:identifier>de.wossidia.xmd-s001-000-007-923</dc:identifier>
  <isebel:purl>https://apps.wossidia.de/webapp/run/node/XMD-S001-000-007-923</isebel:purl>
  <dc:title>[7923] Untergang: Schloss</dc:title>
  <dc:title xml:lang="deu"/>
  <isebel:contents>
    <isebel:content xml:lang="deu">Güstrow - Swart See.
Swart See, zwischen Gleviner Burg, ca. 5 Min. entfernt, und Kluess, is 'n Sloß versunken. Ritter ist so grausam gewesen, Herrgott hat ihn gestraft. // [Der See] is grundlos.</isebel:content>
  </isebel:contents>
</isebel:story>