<?xml version='1.0' encoding='UTF-8'?><isebel:story xmlns:isebel="http://www.isebel.eu/ns/isebel" xmlns:dc="http://purl.org/dc/elements/1.1/" xml:id="xmd-s001-000-006-416" xml:lang="deu">
  <dc:identifier>de.wossidia.xmd-s001-000-006-416</dc:identifier>
  <isebel:purl>https://apps.wossidia.de/webapp/run/node/XMD-S001-000-006-416</isebel:purl>
  <dc:title>[6416] Tater</dc:title>
  <dc:title xml:lang="deu"/>
  <isebel:contents>
    <isebel:content xml:lang="deu">Taters sollen in hohlweg bei Horst / Tessin gehaust haben (räuber glocke klingelt).</isebel:content>
  </isebel:contents>
</isebel:story>