<?xml version='1.0' encoding='UTF-8'?><isebel:story xmlns:isebel="http://www.isebel.eu/ns/isebel" xmlns:dc="http://purl.org/dc/elements/1.1/" xml:id="xmd-s001-000-007-040" xml:lang="deu">
  <dc:identifier>de.wossidia.xmd-s001-000-007-040</dc:identifier>
  <isebel:purl>https://apps.wossidia.de/webapp/run/node/XMD-S001-000-007-040</isebel:purl>
  <dc:title>[7040] 30-jähriger Krieg</dc:title>
  <dc:title xml:lang="deu"/>
  <isebel:contents>
    <isebel:content xml:lang="deu">Der 30-jährige Krieg in der mecklenburgischen Volkssage erzählt Sagen über die Zerstörung von Dresenow und Zechlin, die von einem krähenden Hahn verraten waren, Untergangssagen über Glienken und Stüvendorf bei Vietlübbe (Glockensagen) Glockenbau in Kirch-Grambow bei Rehna, (Schatzsagen) Barkow bei Plau, Wackstow bei Röbel. In Hohen-Luckow bei Schwaan wird Hirtenjunge Oberst. Wallenstein und Petermännchen. Gadebusch unsterblicher Trommelschläger Eroberung Wesenbergs durch Tilly (Zimmermannsberg nach verräterischem Zimmermann genannt.) Neubrandenburg. Aus Trauer über die Plünderung beginnen Glocken zu läuten. V. (vermutlich Vitense)</isebel:content>
  </isebel:contents>
</isebel:story>