<?xml version='1.0' encoding='UTF-8'?><isebel:story xmlns:isebel="http://www.isebel.eu/ns/isebel" xmlns:dc="http://purl.org/dc/elements/1.1/" xml:id="xmd-s001-000-004-964" xml:lang="deu">
  <dc:identifier>de.wossidia.xmd-s001-000-004-964</dc:identifier>
  <isebel:purl>https://apps.wossidia.de/webapp/run/node/XMD-S001-000-004-964</isebel:purl>
  <dc:title>[4964] Seele als Maus</dc:title>
  <dc:title xml:lang="nds"/>
  <isebel:contents>
    <isebel:content xml:lang="nds">Fru as pogg rutkrapen ut'n hals hett weihdag hatt, naher wedder rinkrapen.</isebel:content>
  </isebel:contents>
</isebel:story>