<?xml version='1.0' encoding='UTF-8'?><isebel:story xmlns:isebel="http://www.isebel.eu/ns/isebel" xmlns:dc="http://purl.org/dc/elements/1.1/" xml:id="xmd-s001-000-000-418" xml:lang="deu">
  <dc:identifier>de.wossidia.xmd-s001-000-000-418</dc:identifier>
  <isebel:purl>https://apps.wossidia.de/webapp/run/node/XMD-S001-000-000-418</isebel:purl>
  <dc:title>[418] Bestrafte Grausamkeit</dc:title>
  <dc:title xml:lang="nds"/>
  <isebel:contents>
    <isebel:content xml:lang="nds">Bi Kyritz hen is dat wäst, sall verknakt sin un versteenert, Scheper hett ʼn doot von nahmen, wenn dat nich wohr wir, süll de nich verwäsen.

(Erzähler: Stehlmann, Mirowdorf, Kreis Neustrelitz. Aufzeichner: Wossidlo, 9. 4. 1912)</isebel:content>
  </isebel:contents>
</isebel:story>