<?xml version='1.0' encoding='UTF-8'?><isebel:story xmlns:isebel="http://www.isebel.eu/ns/isebel" xmlns:dc="http://purl.org/dc/elements/1.1/" xml:id="xmd-s001-000-007-836" xml:lang="deu">
  <dc:identifier>de.wossidia.xmd-s001-000-007-836</dc:identifier>
  <isebel:purl>https://apps.wossidia.de/webapp/run/node/XMD-S001-000-007-836</isebel:purl>
  <dc:title>[7836] Diebslicht</dc:title>
  <dc:title xml:lang="nds"/>
  <isebel:contents>
    <isebel:content xml:lang="nds">Räuber rüm towt. mäten hett swanger wäst. jäger kümmt to, süht 'n licht, dringt to ....... de r.1) nimmt 't metz, de jäger schütt em doot. De fru is ohne sprak wäst, is verstummt. He geit mit ehr na 't negste dörp. dor hebben se ehr kennt. 

1) räuber</isebel:content>
  </isebel:contents>
</isebel:story>