<?xml version='1.0' encoding='UTF-8'?><isebel:story xmlns:isebel="http://www.isebel.eu/ns/isebel" xmlns:dc="http://purl.org/dc/elements/1.1/" xml:id="xmd-s001-000-000-213" xml:lang="deu">
  <dc:identifier>de.wossidia.xmd-s001-000-000-213</dc:identifier>
  <isebel:purl>https://apps.wossidia.de/webapp/run/node/XMD-S001-000-000-213</isebel:purl>
  <dc:title>[213] Kette und Ring als Strafe</dc:title>
  <dc:title xml:lang="nds"/>
  <dc:title xml:lang="deu"/>
  <isebel:contents>
    <isebel:content xml:lang="nds">(non decit, quis) dennʼ gifft (alle johr möt he eens hen) dat ʼn willkamen (= Prügel).

(Erzähler: Rentner Bauer, Kröpelin, Kreis Bad Doberan; aus Baebelin, Kreis Wismar. Aufzeichner: Wossidlo, 18. 7. 1911)</isebel:content>
    <isebel:content xml:lang="deu">Dann gibt (alle Jahr muss er einmal hin) das ein Willkommen (=Prügel)</isebel:content>
  </isebel:contents>
  <isebel:places>
    <isebel:place id="1557">
      <dc:title>Kröpelin</dc:title>
      <dc:title>Kroepelin</dc:title>
      <isebel:point>
        <datacite:pointLatitude xmlns:datacite="http://datacite.org/schema/kernel-4">54.07100</datacite:pointLatitude>
        <datacite:pointLongitude xmlns:datacite="http://datacite.org/schema/kernel-4">11.79528</datacite:pointLongitude>
      </isebel:point>
      <isebel:role>narration</isebel:role>
    </isebel:place>
  </isebel:places>
  <isebel:persons>
    <isebel:person id="10000322">
      <isebel:name>Bauer</isebel:name>
      <isebel:gender>Frau</isebel:gender>
      <isebel:role>narrator</isebel:role>
    </isebel:person>
  </isebel:persons>
  <isebel:events>
    <isebel:event id="990011243">
      <isebel:date>1911-07-18</isebel:date>
      <isebel:role>narration</isebel:role>
    </isebel:event>
  </isebel:events>
  <isebel:keywords>
    <isebel:keyword id="XMD-M030-000-001-302">Prügel</isebel:keyword>
  </isebel:keywords>
</isebel:story>