<?xml version='1.0' encoding='UTF-8'?><isebel:story xmlns:isebel="http://www.isebel.eu/ns/isebel" xmlns:dc="http://purl.org/dc/elements/1.1/" xml:id="xmd-s001-000-006-064" xml:lang="deu">
  <dc:identifier>de.wossidia.xmd-s001-000-006-064</dc:identifier>
  <isebel:purl>https://apps.wossidia.de/webapp/run/node/XMD-S001-000-006-064</isebel:purl>
  <dc:title>[6064] Untergang einer Stadt im Carwitzer See</dc:title>
  <dc:title xml:lang="nds"/>
  <isebel:contents>
    <isebel:content xml:lang="nds">﻿In'n Carwitzer See hett 'ne Stadt lägen, Zereta.  (Ne, Vadder, nich Reta, Zereta hett se heeten)  (so certo: er buchstabiert mir vor).</isebel:content>
  </isebel:contents>
</isebel:story>