<?xml version='1.0' encoding='UTF-8'?><isebel:story xmlns:isebel="http://www.isebel.eu/ns/isebel" xmlns:dc="http://purl.org/dc/elements/1.1/" xml:id="xmd-s001-000-008-947" xml:lang="deu">
  <dc:identifier>de.wossidia.xmd-s001-000-008-947</dc:identifier>
  <isebel:purl>https://apps.wossidia.de/webapp/run/node/XMD-S001-000-008-947</isebel:purl>
  <dc:title>[8947] Geld brennen: etwas hineinwerfen</dc:title>
  <dc:title xml:lang="nds"/>
  <isebel:contents>
    <isebel:content xml:lang="nds">Dor brennt Geld, wenn man 'n Abendmahlsrock oder wat man süss anhatt bi't Abendmal, rinsmiten, denn sall man dat krigen.
Den Globen hadden de Ollen.</isebel:content>
  </isebel:contents>
</isebel:story>