<?xml version='1.0' encoding='UTF-8'?><isebel:story xmlns:isebel="http://www.isebel.eu/ns/isebel" xmlns:dc="http://purl.org/dc/elements/1.1/" xml:id="xmd-s001-000-008-677" xml:lang="deu">
  <dc:identifier>de.wossidia.xmd-s001-000-008-677</dc:identifier>
  <isebel:purl>https://apps.wossidia.de/webapp/run/node/XMD-S001-000-008-677</isebel:purl>
  <dc:title>[8677] Schatz: Geld brennen</dc:title>
  <dc:title xml:lang="nds"/>
  <isebel:contents>
    <isebel:content xml:lang="nds">As in oll Goorz dat Herrenhuus bugt würd un Fundamente utgraben, heff ik (un mihrere anner) Geld brennen sehn un dor is würklich 'n koppern Kätel utgraben, dat letztviertel na ’n See dal uppe r.&lt;ref> rechte&lt;/ref> Sied (wenn man rup will). Wi wiren uppe l.&lt;ref> linke&lt;/ref> Siet bi't Muern. 
Ja, Metall brennt.</isebel:content>
  </isebel:contents>
</isebel:story>