<?xml version='1.0' encoding='UTF-8'?><isebel:story xmlns:isebel="http://www.isebel.eu/ns/isebel" xmlns:dc="http://purl.org/dc/elements/1.1/" xml:id="xmd-s001-000-004-792" xml:lang="deu">
  <dc:identifier>de.wossidia.xmd-s001-000-004-792</dc:identifier>
  <isebel:purl>https://apps.wossidia.de/webapp/run/node/XMD-S001-000-004-792</isebel:purl>
  <dc:title>[4792] Scheidengänger</dc:title>
  <dc:title xml:lang="nds"/>
  <isebel:contents>
    <isebel:content xml:lang="nds">bin nachhalsbarg hett'n Scheidengänger gahn, hett to Vogelsang hüürt. En Schönfeld hett'n eid up aflecht, dat hüürt na Mamerow. Se maken em witt sand in de schoh. As he 'n eid sworen hett, möt he de schoh uttrecken, dor is de sand rot wäst. Naher wir dat oll verteilend: ümmer dor güng scheidengänger. hi, ho, hup--------rup.</isebel:content>
  </isebel:contents>
  <isebel:places>
    <isebel:place id="2277">
      <dc:title>Raden</dc:title>
      <isebel:point>
        <datacite:pointLatitude xmlns:datacite="http://datacite.org/schema/kernel-4">53.75989</datacite:pointLatitude>
        <datacite:pointLongitude xmlns:datacite="http://datacite.org/schema/kernel-4">12.43336</datacite:pointLongitude>
      </isebel:point>
      <isebel:role>narration</isebel:role>
    </isebel:place>
    <isebel:place id="1799">
      <dc:title>Mamerow</dc:title>
      <isebel:point>
        <datacite:pointLatitude xmlns:datacite="http://datacite.org/schema/kernel-4">53.73267</datacite:pointLatitude>
        <datacite:pointLongitude xmlns:datacite="http://datacite.org/schema/kernel-4">12.43420</datacite:pointLongitude>
      </isebel:point>
      <isebel:role>action</isebel:role>
    </isebel:place>
    <isebel:place id="20150">
      <dc:title>Vogelsang</dc:title>
      <isebel:role>action</isebel:role>
    </isebel:place>
  </isebel:places>
  <isebel:persons>
    <isebel:person id="10005566">
      <isebel:name>Röpke</isebel:name>
      <isebel:role>narrator</isebel:role>
    </isebel:person>
  </isebel:persons>
  <isebel:events>
    <isebel:event id="990010949">
      <isebel:date>1915-08-29</isebel:date>
      <isebel:role>narration</isebel:role>
    </isebel:event>
  </isebel:events>
</isebel:story>