<?xml version='1.0' encoding='UTF-8'?><isebel:story xmlns:isebel="http://www.isebel.eu/ns/isebel" xmlns:dc="http://purl.org/dc/elements/1.1/" xml:id="xmd-s001-000-009-988" xml:lang="deu">
  <dc:identifier>de.wossidia.xmd-s001-000-009-988</dc:identifier>
  <isebel:purl>https://apps.wossidia.de/webapp/run/node/XMD-S001-000-009-988</isebel:purl>
  <dc:title>[9988] Schatzgräber werden gehindert: reden</dc:title>
  <dc:title xml:lang="deu"/>
  <isebel:contents>
    <isebel:content xml:lang="deu">Retzow
Junkerburg, da haben sie nach Schätzen gegraben, allein es sind erschienen Kobolde, Tiere etc., sodaß Leute gesprochen haben, da ist es fört gewesen.</isebel:content>
  </isebel:contents>
</isebel:story>