<?xml version='1.0' encoding='UTF-8'?><isebel:story xmlns:isebel="http://www.isebel.eu/ns/isebel" xmlns:dc="http://purl.org/dc/elements/1.1/" xml:id="xmd-s001-000-009-997" xml:lang="deu">
  <dc:identifier>de.wossidia.xmd-s001-000-009-997</dc:identifier>
  <isebel:purl>https://apps.wossidia.de/webapp/run/node/XMD-S001-000-009-997</isebel:purl>
  <dc:title>[9997] Schatzgräber - Strafe</dc:title>
  <dc:title xml:lang="nds"/>
  <isebel:contents>
    <isebel:content xml:lang="nds">In Ollenhagen sünd weck ut wäst up't Geld grawen: De Möller un de Hollänner un Koeter Martens. Se krigen ok 'n Kästen rut, laden dan'n up'n Wagen un führen na Huus un laten em nachts stahn uppe Däl // Morgens willen se den Kästen apen maken un deelen sik dat Geld. Dor sitt dor 'n swarten Pudel up // up de Kist un lett se nich bi. De anner nacht führen se dat wedder hen un graben 't wedder in. De Hollänner is gliek // de Möller ok gliek dorup doot bläben, Martens hett sik naher. Hals afsnäden. Dat weet ik noch // dat das sik 'n Hals afsnäden hett.</isebel:content>
  </isebel:contents>
</isebel:story>