<?xml version='1.0' encoding='UTF-8'?><isebel:story xmlns:isebel="http://www.isebel.eu/ns/isebel" xmlns:dc="http://purl.org/dc/elements/1.1/" xml:id="xmd-s001-000-001-480" xml:lang="deu">
  <dc:identifier>de.wossidia.xmd-s001-000-001-480</dc:identifier>
  <isebel:purl>https://apps.wossidia.de/webapp/run/node/XMD-S001-000-001-480</isebel:purl>
  <dc:title>[1480] Hexen: Wann</dc:title>
  <dc:title xml:lang="nds"/>
  <dc:title xml:lang="deu"/>
  <isebel:contents>
    <isebel:content xml:lang="nds">Johanninacht sulln de 
hexen riden
denn makken se krüzen

Lange Volkenshagen 04.10.1925</isebel:content>
    <isebel:content xml:lang="deu">In der Johannisnacht sollen die
Hexen reiten
dann machen [die Leute] Kreuze [an die Tür]

Lange Volkenshagen 04.10.1925</isebel:content>
  </isebel:contents>
  <isebel:places>
    <isebel:place id="2942">
      <dc:title>Volkenshagen</dc:title>
      <isebel:point>
        <datacite:pointLatitude xmlns:datacite="http://datacite.org/schema/kernel-4">54.14933</datacite:pointLatitude>
        <datacite:pointLongitude xmlns:datacite="http://datacite.org/schema/kernel-4">12.26279</datacite:pointLongitude>
      </isebel:point>
      <isebel:role>narration</isebel:role>
    </isebel:place>
  </isebel:places>
  <isebel:persons>
    <isebel:person id="10009465">
      <isebel:name>Lange</isebel:name>
      <isebel:gender>Herr</isebel:gender>
      <isebel:role>narrator</isebel:role>
    </isebel:person>
  </isebel:persons>
  <isebel:events>
    <isebel:event id="990010781">
      <isebel:date>1925-10-04</isebel:date>
      <isebel:role>narration</isebel:role>
    </isebel:event>
  </isebel:events>
  <isebel:keywords>
    <isebel:keyword id="XMD-M030-000-001-735">reiten</isebel:keyword>
    <isebel:keyword id="XMD-M030-000-002-634">Hexe</isebel:keyword>
    <isebel:keyword xml:lang="nds" id="XMD-M030-000-007-054">krüzen</isebel:keyword>
    <isebel:keyword id="XMD-M030-000-038-242">Johanninacht</isebel:keyword>
  </isebel:keywords>
</isebel:story>