<?xml version='1.0' encoding='UTF-8'?><isebel:story xmlns:isebel="http://www.isebel.eu/ns/isebel" xmlns:dc="http://purl.org/dc/elements/1.1/" xml:id="xmd-s001-000-002-335" xml:lang="deu">
  <dc:identifier>de.wossidia.xmd-s001-000-002-335</dc:identifier>
  <isebel:purl>https://apps.wossidia.de/webapp/run/node/XMD-S001-000-002-335</isebel:purl>
  <dc:title>[2335] 30-jähriger Krieg</dc:title>
  <dc:title xml:lang="nds"/>
  <isebel:contents>
    <isebel:content xml:lang="nds">In Loers is'n mann nabläben (in Diems ne fru, de hett baben in de schün säten) Dee hett den feind wol sehn (s. Original). Hebben Kriegshunn' hatt (hüüt jo ok wedder) he hett blaglinnen kittel hensmäten, den hebben de hunn' kort un kleen räten. Dor hett de feind dacht, dor doch woll keen. So is he läben bläben. Dee hebben sik beid 'n bäten Kurn tohopfägt un dat seigt, bet sik mihr ansammelt hebben.</isebel:content>
  </isebel:contents>
</isebel:story>