<?xml version='1.0' encoding='UTF-8'?><isebel:story xmlns:isebel="http://www.isebel.eu/ns/isebel" xmlns:dc="http://purl.org/dc/elements/1.1/" xml:id="xmd-s001-000-006-898" xml:lang="deu">
  <dc:identifier>de.wossidia.xmd-s001-000-006-898</dc:identifier>
  <isebel:purl>https://apps.wossidia.de/webapp/run/node/XMD-S001-000-006-898</isebel:purl>
  <dc:title>[6898] Seeräuber</dc:title>
  <dc:title xml:lang="nds"/>
  <isebel:contents>
    <isebel:content xml:lang="nds">de ganze eddelstand (Roggow etc.) sünt seeräubers wäst, dee hebben sik hier na ansiedelt, hebben de herrschaft krägen vör Mäkelborg. se hebben se jo hüüt noch.</isebel:content>
  </isebel:contents>
</isebel:story>