<?xml version='1.0' encoding='UTF-8'?><isebel:story xmlns:isebel="http://www.isebel.eu/ns/isebel" xmlns:dc="http://purl.org/dc/elements/1.1/" xml:id="xmd-s001-000-003-790" xml:lang="deu">
  <dc:identifier>de.wossidia.xmd-s001-000-003-790</dc:identifier>
  <isebel:purl>https://apps.wossidia.de/webapp/run/node/XMD-S001-000-003-790</isebel:purl>
  <dc:title>[3790] Kirche</dc:title>
  <dc:title xml:lang="deu"/>
  <isebel:contents>
    <isebel:content xml:lang="deu">Das bleiche Mädchen von Bützow. 
Vor vielen Jahren ging ein junges Mädchen abends gegen 9 Uhr von Bützow nach Neuendorf zurück, die ihre Eltern in Bützow besucht hatte. Da es nun sehr finster war begleitete ihr Vater sie noch eine lange Strecke, bis sie nicht mehr weit vom Dorfe waren, dann nahm er Abschied. Aber kurz vor Neuendorf tauchten plötzlich zwei Männer auf. Der Eine war schwarz gekleidet, der Andere ganz weiß. Das Mädchen erschrak furchtbar, grüßte sie und wollte schnell vorübergehen. Die Männer hielten sie aber an und forderten von ihr, sie sollte sich in der nächsten Nacht pünktlich 12 Uhr in die Kirche zu Bützow begeben. Dort sollte sie zum Altar gehen und einen bestimmten Gesangvers hersagen. Auf dem Altar würden ein Beutel mit Gold und einer mit Silber sein, dies sollte ihr Lohn sein. Am nächsten Tage ging das Mädchen wieder zu seinen Eltern und erzählte ihnen sein Erlebnis. Der betrübte Vater wußte nun keinen anderen Rat, als mit ihr zum Pastor zu gehen und diesem die Sache zu erzählen. Der Pastor riet dem Mädchen, auf jeden Fall das Verlangte auszuführen. Er selber wolle bis zur Kirchentür mit ihr gehen, weiter dürfe er nicht. Das Mädchen fasste sich nun ein Herz und ging zur bestimmten Zeit in die Kirche. Dort sagte sie den Gesangvers und fand auch die beiden Beutel mit Geld, worauf sie die Kirche verließ. Aber von der furchtbaren Angst war sie totenbleich geworden.</isebel:content>
  </isebel:contents>
</isebel:story>