<?xml version='1.0' encoding='UTF-8'?><isebel:story xmlns:isebel="http://www.isebel.eu/ns/isebel" xmlns:dc="http://purl.org/dc/elements/1.1/" xml:id="xmd-s001-000-008-054" xml:lang="deu">
  <dc:identifier>de.wossidia.xmd-s001-000-008-054</dc:identifier>
  <isebel:purl>https://apps.wossidia.de/webapp/run/node/XMD-S001-000-008-054</isebel:purl>
  <dc:title>[8054] Unterirdischer Gang in Zusammenhang mit Kirche in Wittenburg</dc:title>
  <dc:title xml:lang="nds"/>
  <isebel:contents>
    <isebel:content xml:lang="nds">Wittenburg. 
Gang sall gahn von'n Altor in de Kirch na'n Amt. Dat klingt so holl, wenn man dor rupführt na'n Amt.</isebel:content>
  </isebel:contents>
</isebel:story>