<?xml version='1.0' encoding='UTF-8'?><isebel:story xmlns:isebel="http://www.isebel.eu/ns/isebel" xmlns:dc="http://purl.org/dc/elements/1.1/" xml:id="xmd-s001-000-008-069" xml:lang="deu">
  <dc:identifier>de.wossidia.xmd-s001-000-008-069</dc:identifier>
  <isebel:purl>https://apps.wossidia.de/webapp/run/node/XMD-S001-000-008-069</isebel:purl>
  <dc:title>[8069] Unterirdischer Gang in Zusammenhang mit Kirche in Woldegk</dc:title>
  <dc:title xml:lang="nds"/>
  <isebel:contents>
    <isebel:content xml:lang="nds">In Woldegk unner de Ierd güng 'n Gang na een Dörp (nescit welches) von de Kirch ut. Dor sünt wi dörchlopen, wi Kinner.</isebel:content>
  </isebel:contents>
</isebel:story>