<?xml version='1.0' encoding='UTF-8'?><isebel:story xmlns:isebel="http://www.isebel.eu/ns/isebel" xmlns:dc="http://purl.org/dc/elements/1.1/" xml:id="xmd-s001-000-000-212" xml:lang="deu">
  <dc:identifier>de.wossidia.xmd-s001-000-000-212</dc:identifier>
  <isebel:purl>https://apps.wossidia.de/webapp/run/node/XMD-S001-000-000-212</isebel:purl>
  <dc:title>[212] Kette und Ring als Strafe</dc:title>
  <dc:title xml:lang="nds"/>
  <dc:title xml:lang="deu"/>
  <isebel:contents>
    <isebel:content xml:lang="nds">ʼn iesern Ring hett een üm ʼn Hals dragen. (quis nescit.)

(Erzähler: Foth, Neubrandenburg, Kreis Neubrandenburg; aus Küssow, Kreis Neubrandenburg. Aufzeichner: Wossidlo, 15. 8. 1928)</isebel:content>
    <isebel:content xml:lang="deu">Einer hat einen eisernen Ring um den Hals getragen.</isebel:content>
  </isebel:contents>
  <isebel:places>
    <isebel:place id="1940">
      <dc:title>Neubrandenburg</dc:title>
      <isebel:point>
        <datacite:pointLatitude xmlns:datacite="http://datacite.org/schema/kernel-4">53.55740</datacite:pointLatitude>
        <datacite:pointLongitude xmlns:datacite="http://datacite.org/schema/kernel-4">13.26031</datacite:pointLongitude>
      </isebel:point>
      <isebel:role>narration</isebel:role>
    </isebel:place>
  </isebel:places>
  <isebel:persons>
    <isebel:person id="10001821">
      <isebel:name>Foth</isebel:name>
      <isebel:role>narrator</isebel:role>
      <isebel:livingPlace id="1597">
        <dc:title>Küssow</dc:title>
        <isebel:point>
          <datacite:pointLatitude xmlns:datacite="http://datacite.org/schema/kernel-4">53.55768</datacite:pointLatitude>
          <datacite:pointLongitude xmlns:datacite="http://datacite.org/schema/kernel-4">13.32587</datacite:pointLongitude>
        </isebel:point>
      </isebel:livingPlace>
    </isebel:person>
  </isebel:persons>
  <isebel:events>
    <isebel:event id="990010914">
      <isebel:date>1928-08-15</isebel:date>
      <isebel:role>narration</isebel:role>
    </isebel:event>
  </isebel:events>
  <isebel:keywords>
    <isebel:keyword id="XMD-M030-000-000-125">Hals</isebel:keyword>
    <isebel:keyword id="XMD-M030-000-001-628">eisern</isebel:keyword>
    <isebel:keyword id="XMD-M030-000-008-863">Ring</isebel:keyword>
  </isebel:keywords>
</isebel:story>