<?xml version='1.0' encoding='UTF-8'?><isebel:story xmlns:isebel="http://www.isebel.eu/ns/isebel" xmlns:dc="http://purl.org/dc/elements/1.1/" xml:id="xmd-s001-000-002-861" xml:lang="deu">
  <dc:identifier>de.wossidia.xmd-s001-000-002-861</dc:identifier>
  <isebel:purl>https://apps.wossidia.de/webapp/run/node/XMD-S001-000-002-861</isebel:purl>
  <dc:title>[2861] Toter hält fest</dc:title>
  <dc:title xml:lang="nds"/>
  <isebel:contents>
    <isebel:content xml:lang="nds">Ik kann 't man nich ganz nafinnen: 
En Hofdaglöhner is doot bläben.... sien Fru hett noch Geld hatt, dat hett se in 'n Sarg unner sinen Kopp leggt.... De Sarg is na de Kirch bröcht un hett dor apen stahn. Besitzer von dat Goot hett em dat Geld unnern Kopp wegnähmen wullt. Dor hett de Dod' em up de beiden Arm gräpen he hett nich wedder losk.l) künnt. Toletzt hebben se em de beiden Arm afsagt: dee hett da anner (de Dod) mit int Graff nahmen. 

l) loskamen.</isebel:content>
  </isebel:contents>
</isebel:story>