<?xml version='1.0' encoding='UTF-8'?><isebel:story xmlns:isebel="http://www.isebel.eu/ns/isebel" xmlns:dc="http://purl.org/dc/elements/1.1/" xml:id="xmd-s001-000-009-109" xml:lang="deu">
  <dc:identifier>de.wossidia.xmd-s001-000-009-109</dc:identifier>
  <isebel:purl>https://apps.wossidia.de/webapp/run/node/XMD-S001-000-009-109</isebel:purl>
  <dc:title>[9109] Raubritter: Hufeisen verkehrt</dc:title>
  <dc:title xml:lang="nds"/>
  <isebel:contents>
    <isebel:content xml:lang="nds">up 'n heller hett ’n richtigen rhm.1) up wahnt. pier sünd verkihrt beslahn wäst. is all höltung wäst bi'n hof rüm. An de Chaussee is 'n huus wäst "Passup” (is nu inn dörp). hebben draht hatt öwer 'n weg // afkappniert. 

1) räuberhauptmann</isebel:content>
  </isebel:contents>
</isebel:story>