<?xml version='1.0' encoding='UTF-8'?><isebel:story xmlns:isebel="http://www.isebel.eu/ns/isebel" xmlns:dc="http://purl.org/dc/elements/1.1/" xml:id="xmd-s001-000-001-934" xml:lang="deu">
  <dc:identifier>de.wossidia.xmd-s001-000-001-934</dc:identifier>
  <isebel:purl>https://apps.wossidia.de/webapp/run/node/XMD-S001-000-001-934</isebel:purl>
  <dc:title>[1934] Traumverschweiger</dc:title>
  <dc:title xml:lang="nds"/>
  <isebel:contents>
    <isebel:content xml:lang="nds">Is 'n ollen mann, geit in' wald, broot is dat, so hart, böt di 'n füer an, steckt dat up 'n stock, ropen ut de luft: alter, röste kein brot, verzähle kein draum, dann wird dich gott hilfen aus aller not. de oll steckt sik dat int water. as morgens upstahn, büdel, schrift gegen em lägen.</isebel:content>
  </isebel:contents>
</isebel:story>