<?xml version='1.0' encoding='UTF-8'?><isebel:story xmlns:isebel="http://www.isebel.eu/ns/isebel" xmlns:dc="http://purl.org/dc/elements/1.1/" xml:id="xmd-s001-000-004-564" xml:lang="deu">
  <dc:identifier>de.wossidia.xmd-s001-000-004-564</dc:identifier>
  <isebel:purl>https://apps.wossidia.de/webapp/run/node/XMD-S001-000-004-564</isebel:purl>
  <dc:title>[4564] Gälknoeker: Streiche</dc:title>
  <dc:title xml:lang="nds"/>
  <isebel:contents>
    <isebel:content xml:lang="nds">Hett Lüd anhollen, dee h.* sik slahn mit G.* em enen inhaugt. Sünd Lüd achter em k.* mit Knüppels, denn is he weglopen. Männigmal h.* he ok wat up 't Ledder k.* 

* hebben 
* Gälknoeker 
* kamen 
* hett 
* kragen</isebel:content>
  </isebel:contents>
</isebel:story>