<?xml version='1.0' encoding='UTF-8'?><isebel:story xmlns:isebel="http://www.isebel.eu/ns/isebel" xmlns:dc="http://purl.org/dc/elements/1.1/" xml:id="xmd-s001-000-005-331" xml:lang="deu">
  <dc:identifier>de.wossidia.xmd-s001-000-005-331</dc:identifier>
  <isebel:purl>https://apps.wossidia.de/webapp/run/node/XMD-S001-000-005-331</isebel:purl>
  <dc:title>[5331] Versunkene Glocke läutet</dc:title>
  <dc:title xml:lang="nds"/>
  <isebel:contents>
    <isebel:content xml:lang="nds">An dei Schwerin-Güstrower Chaussee bi Brüel liggt dei Klockensee. Dorvon vertell'n dei Lüd, dat vör lange Tieden ein Fuhrmann in dei Sylvesternacht ein Klock to führen harr. As dei Pierd nich mihr trecken kün'n, is dei Fuhrmann an to fluchen fungen. Dor is dei Klock in den'n See versackt. Sied dei Tied sall in jeder Sylvesternacht twischen Klock 12 un 1 de Klock in den'n See lürren.</isebel:content>
  </isebel:contents>
</isebel:story>