<?xml version='1.0' encoding='UTF-8'?><isebel:story xmlns:isebel="http://www.isebel.eu/ns/isebel" xmlns:dc="http://purl.org/dc/elements/1.1/" xml:id="xmd-s001-000-005-736" xml:lang="deu">
  <dc:identifier>de.wossidia.xmd-s001-000-005-736</dc:identifier>
  <isebel:purl>https://apps.wossidia.de/webapp/run/node/XMD-S001-000-005-736</isebel:purl>
  <dc:title>[5736] Viting - raubt Mädchen - 7 Söhne - verraten</dc:title>
  <dc:title xml:lang="nds"/>
  <isebel:contents>
    <isebel:content xml:lang="nds">Dei Vieting hett jo in'n Sünnenbarg haust. Denn hebben sei em nich finden künnt, obgliek sei em väl nahstäken hebben. Hei hett 'ne höhl in'n barg hatt mit 'n isern platt dorup, dei hett hei ümmer mit muß (Moos) bedeckt. Eins hett hei 'ne lütt Diern von teihn Johr mitnahmen. Dei hett bi em bliben müßt väl Johr. Hei hett ok kinner mit ehr hatt, dei hett hei aewer gliek dodmakt, un ehr den kopp afsnäden. Dei köpp hett hei sick up'n band trocken un in sien höhl anhängt. 
Eins hett sei em bäden, hei süll ehr doch mal rut laten, sei wull girn mal eins na de Stadt. Hei hett ehr ok toletzt gahn laten. Sei hett em äwer einen eid swören mößt, datt sei to keinen minschen seggen wull, wo sei wäst wierd. Sei geiht jo to stadt un köfft in. 
﻿Bi jeden koopmann köffte se wat. Toletzt köfft sei sick 'n fatt arwten. Un as sei na dörcht dur geiht, stellt sei sick hen un seggt ganz lud: "Durpost, ick klag di, dei Vieting, dei plagt mi. Wer mi helpen will, dei folg mi”. Dat hüren jo lüd, un bald ward ganz Parchen alarmiert. Den Vieting hadden sei jo all lang giern fat hatt. 
As sei nu wieder geiht, streut sei dei Arwten achter sick an. Un as sei bi de höhl anlangt is un eben rinner is, sünd sei ok all dor. Sei röppt noch: Vieting achter ut! Äwer dor paßten ok all weck up un sei kregen em jo nu to hollen. Hei grep noch einen Degen un wull ehr dörchstäken, sei hadden em äwer all fast, datt hei ehr nicks mihr dauhn künn.—</isebel:content>
  </isebel:contents>
  <isebel:persons>
    <isebel:person id="10006894">
      <isebel:name>Tessmann</isebel:name>
      <isebel:role>narrator</isebel:role>
      <isebel:livingPlace id="20955">
        <dc:title>Boddin</dc:title>
      </isebel:livingPlace>
    </isebel:person>
    <isebel:person id="10005695">
      <isebel:name>W. Sager</isebel:name>
      <isebel:role>contributor</isebel:role>
      <isebel:profession>Lehrer</isebel:profession>
    </isebel:person>
  </isebel:persons>
  <isebel:events>
    <isebel:event id="990008833">
      <isebel:date>1907-01-01</isebel:date>
      <isebel:role>narration</isebel:role>
    </isebel:event>
  </isebel:events>
</isebel:story>