<?xml version='1.0' encoding='UTF-8'?><isebel:story xmlns:isebel="http://www.isebel.eu/ns/isebel" xmlns:dc="http://purl.org/dc/elements/1.1/" xml:id="xmd-s001-000-000-274" xml:lang="deu">
  <dc:identifier>de.wossidia.xmd-s001-000-000-274</dc:identifier>
  <isebel:purl>https://apps.wossidia.de/webapp/run/node/XMD-S001-000-000-274</isebel:purl>
  <dc:title>[274] Vom Teufel geholt</dc:title>
  <dc:title xml:lang="deu"/>
  <isebel:contents>
    <isebel:content xml:lang="deu">Henning ladet den Herzog zur Versöhnung ein. ⸢Er⸣ baut ⸢ein⸣ Verließ, ⸢dann hat er ihn⸣ in ⸢den⸣ Kamin geworfen ⸢und gesagt:⸣ „Hund, wisst ok noch bieten!“

Erzähler: Strüver, Waren, Kreis Waren; Aufzeichner: Wossidlo, 24. 6. 1920.</isebel:content>
  </isebel:contents>
</isebel:story>