<?xml version='1.0' encoding='UTF-8'?><isebel:story xmlns:isebel="http://www.isebel.eu/ns/isebel" xmlns:dc="http://purl.org/dc/elements/1.1/" xml:id="xmd-s001-000-000-114" xml:lang="deu">
  <dc:identifier>de.wossidia.xmd-s001-000-000-114</dc:identifier>
  <isebel:purl>https://apps.wossidia.de/webapp/run/node/XMD-S001-000-000-114</isebel:purl>
  <dc:title>[114] Hexe behext einem Bauern die Schweine</dc:title>
  <dc:title xml:lang="deu"/>
  <dc:title xml:lang="eng"/>
  <isebel:contents>
    <isebel:content xml:lang="deu">In Dadow hat eine Hexe einen Bauern die Schweine behext. Er holte sich ein Gegenmittel bei einer Frau in Grabow u. legte es in den Stall. Am andern Tag wollte sein Sohn die Schweine füttern. Da kam ihm in der Stalltür eine Frau entgegen mit einem Korb u. sagte: „Ich habe e nun wieder weggeholt, was ich hier vorher gelassen habe.“ Und dann ist sie auf einmal verschwunden gewesen.
Krempien I 31</isebel:content>
    <isebel:content xml:lang="eng">In Dadow a witch bedeviled the pigs of a farmer. He got a remedy from a woman in Grabow and put it in the sty. The other day her son wanted to feed the pigs. There a woman with a basket approached him by the door and said, "I just collected what I had left here before." And then suddenly she had disappeared. 
Krempien I 31</isebel:content>
  </isebel:contents>
  <isebel:places>
    <isebel:place id="464">
      <dc:title>Dadow</dc:title>
      <isebel:point>
        <datacite:pointLatitude xmlns:datacite="http://datacite.org/schema/kernel-4">53.22126</datacite:pointLatitude>
        <datacite:pointLongitude xmlns:datacite="http://datacite.org/schema/kernel-4">11.48838</datacite:pointLongitude>
      </isebel:point>
      <isebel:role>action</isebel:role>
    </isebel:place>
    <isebel:place id="20092">
      <dc:title>Grabow</dc:title>
      <isebel:role>action</isebel:role>
    </isebel:place>
  </isebel:places>
  <isebel:persons>
    <isebel:person id="10003663">
      <isebel:name>Karl Martin Krempien</isebel:name>
      <isebel:gender>Herr</isebel:gender>
      <isebel:role>contributor</isebel:role>
      <isebel:role>scholar</isebel:role>
      <isebel:profession>Studienassessor</isebel:profession>
    </isebel:person>
  </isebel:persons>
  <isebel:keywords>
    <isebel:keyword id="XMD-M030-000-000-257">Stall</isebel:keyword>
    <isebel:keyword id="XMD-M030-000-000-403">Bauer</isebel:keyword>
    <isebel:keyword id="XMD-M030-000-000-765">Schwein</isebel:keyword>
    <isebel:keyword id="XMD-M030-000-000-778">Sohn</isebel:keyword>
    <isebel:keyword id="XMD-M030-000-002-009">Korb</isebel:keyword>
  </isebel:keywords>
</isebel:story>