<?xml version='1.0' encoding='UTF-8'?><isebel:story xmlns:isebel="http://www.isebel.eu/ns/isebel" xmlns:dc="http://purl.org/dc/elements/1.1/" xml:id="xmd-s001-000-001-305" xml:lang="deu">
  <dc:identifier>de.wossidia.xmd-s001-000-001-305</dc:identifier>
  <isebel:purl>https://apps.wossidia.de/webapp/run/node/XMD-S001-000-001-305</isebel:purl>
  <dc:title>[1305] Märchen vom Eierkuchen</dc:title>
  <dc:title xml:lang="nds"/>
  <isebel:contents>
    <isebel:content xml:lang="nds">Märchen vom Eierkuchen

Drei faule Mädchen wollen sich einen Eierkuchen backen.
Nachdem sie ihn in die Pfanne gethan, spinnen sie in der Stube.
Eierkuchen ruft: Komt rut un kiert mi üm, süß lop ick weg. Eine
sagt zur anderen: Gah du nu rut, aber keine bequemt sich, den 
Eierkuchen umzudrehen. Da hebt er sich aus der Pfanne und läuft
von dannen. Zuerst begegnet ihm der Hase; der fragt: Wo wist
du hen? Eierkuchen: Bün dre grot Mädel entlopen. Dann begegnet
ihm der Fuchs; er fragt: Wo, wist du hen? Eierkuchen: Bün dre 
oll got Mädel entlopen, Has' Wippnoas, war'k di oll Foß Dick- 
noas ok noch entlopen. Darnach begegnet ihm eine Sau; sie fragt
ebenfalls: Wo wist du hen? Eierkuchen: Bün dre oll got Mädel
entlopen, Hos' Wippnoas, Voß Dicknoas, war'k di oll gris' Sög
Grotfleut ok noch entlopen. Die Sau spricht: Ick kann up dit
Uhr nich hühren, flüser't mi mal in't anner Uhr! Als der Ku-
chen nun vorne um den Kopf der Sau herumlaufen will, packt sie
ihn und beißt ihn durch. Die andere Hälfte ist in die Erde
gefahren.</isebel:content>
  </isebel:contents>
  <isebel:places>
    <isebel:place id="2673">
      <dc:title>Starsow</dc:title>
      <isebel:point>
        <datacite:pointLatitude xmlns:datacite="http://datacite.org/schema/kernel-4">53.26294</datacite:pointLatitude>
        <datacite:pointLongitude xmlns:datacite="http://datacite.org/schema/kernel-4">12.78616</datacite:pointLongitude>
      </isebel:point>
      <isebel:role>narration</isebel:role>
    </isebel:place>
  </isebel:places>
  <isebel:events>
    <isebel:event id="990000138">
      <isebel:date>1890-01-01</isebel:date>
      <isebel:role>narration</isebel:role>
    </isebel:event>
  </isebel:events>
  <isebel:keywords>
    <isebel:keyword id="XMD-M030-000-000-420">Volksmärchen</isebel:keyword>
    <isebel:keyword id="XMD-M030-000-000-698">Tiermärchen</isebel:keyword>
    <isebel:keyword id="XMD-M030-000-000-765">Schwein</isebel:keyword>
    <isebel:keyword id="XMD-M030-000-000-877">Hase</isebel:keyword>
    <isebel:keyword id="XMD-M030-000-000-956">Pfannkuchen</isebel:keyword>
    <isebel:keyword id="XMD-M030-000-001-599">Fuchs</isebel:keyword>
    <isebel:keyword id="XMD-M030-000-004-608">faul</isebel:keyword>
    <isebel:keyword id="XMD-M030-000-022-972">Galopp</isebel:keyword>
    <isebel:keyword id="XMD-M030-000-037-434">weglaufen</isebel:keyword>
    <isebel:keyword id="XMD-M030-000-043-747">Tanzlied</isebel:keyword>
    <isebel:keyword id="XMD-M030-000-047-449">Mädchen</isebel:keyword>
    <isebel:keyword id="XMD-M030-000-048-333">Eierkuchen</isebel:keyword>
    <isebel:keyword id="XMD-M030-000-048-440">A 80356</isebel:keyword>
  </isebel:keywords>
</isebel:story>