<?xml version='1.0' encoding='UTF-8'?><isebel:story xmlns:isebel="http://www.isebel.eu/ns/isebel" xmlns:dc="http://purl.org/dc/elements/1.1/" xml:id="xmd-s001-000-000-242" xml:lang="deu">
  <dc:identifier>de.wossidia.xmd-s001-000-000-242</dc:identifier>
  <isebel:purl>https://apps.wossidia.de/webapp/run/node/XMD-S001-000-000-242</isebel:purl>
  <dc:title>[242] Bestrafte Grausamkeit</dc:title>
  <dc:title xml:lang="deu"/>
  <isebel:contents>
    <isebel:content xml:lang="deu">Bei dem Dorfe Barkow liegt in unmittelbarer Nähe des Hofes ein kleiner See, die Kemlade genannt. Bei niedrigem Wasserstande werden an der einen Seite desselben eine Menge Pfähle sichtbar. Hier in Barkow lebte vor vielen Jahren ein Herr Kramon, dem das Dorf gehörte. Er machte viele Schenkungen an Kirchen und Klöster, baute auch in Barkow, das bis dahin keine Kirche hatte, eine Kapelle, die in den vierziger Jahren restauriert worden ist, war aber in Wirklichkeit ein böser Mann, der seine Leute darben und hungern ließ. Als sie einst auf seinem Hofe um Brot schrien, ließ er sie in eine Scheune sperren und steckte diese an. Bei dem Ächzen und Stöhnen der Armen rief er höhnend: „Hört, wie meine Kornratten schreien!“ Die armen Leute verbrannten elend; Kramonʼs Hof aber wurde von einer Unzahl Ratten heimgesucht, denen zu entfliehen er sich ein Haus in der Kemlade baute; allein auch dorthin schwammen die Ratten ihm nach, so daß er seinen Grund und Boden verlassen mußte. Die Pfähle sind Reste der von ihm im See erbauten Wohnstätte.

Bartsch Nr. 398 (C. Lange, Seminarist in Neukloster)</isebel:content>
  </isebel:contents>
</isebel:story>