<?xml version='1.0' encoding='UTF-8'?><isebel:story xmlns:isebel="http://www.isebel.eu/ns/isebel" xmlns:dc="http://purl.org/dc/elements/1.1/" xml:id="xmd-s001-000-004-994" xml:lang="deu">
  <dc:identifier>de.wossidia.xmd-s001-000-004-994</dc:identifier>
  <isebel:purl>https://apps.wossidia.de/webapp/run/node/XMD-S001-000-004-994</isebel:purl>
  <dc:title>[4994] Untergang / Dörfer</dc:title>
  <dc:title xml:lang="nds"/>
  <dc:title xml:lang="deu"/>
  <isebel:contents>
    <isebel:content xml:lang="nds">Petschow.
Düwelsdörp hett 't heeten.

(Original nicht auffindbar !)</isebel:content>
    <isebel:content xml:lang="deu">Petschow.
Düwelsdorf (Teufelsdorf) hat das geheißen.

Original nicht auffindbar !</isebel:content>
  </isebel:contents>
</isebel:story>