<?xml version='1.0' encoding='UTF-8'?><isebel:story xmlns:isebel="http://www.isebel.eu/ns/isebel" xmlns:dc="http://purl.org/dc/elements/1.1/" xml:id="xmd-s001-000-001-767" xml:lang="deu">
  <dc:identifier>de.wossidia.xmd-s001-000-001-767</dc:identifier>
  <isebel:purl>https://apps.wossidia.de/webapp/run/node/XMD-S001-000-001-767</isebel:purl>
  <dc:title>[1767] Kyffhäuser</dc:title>
  <dc:title xml:lang="deu"/>
  <dc:title xml:lang="nds"/>
  <isebel:contents>
    <isebel:content xml:lang="deu">„König Friedrich im Berg“
Da sind Biergeiger gewesen, die Musik auf dem Hof machten. Da ist eine sehr schöne Frau gewesen. Da sagen sie, sie wollen ihr ein Ständchen bringen. Sie spielen auch wie die Teufel. Da kommt eine Dame an und fragt, was sie spielen. Ja, sie wollen K. F. ein Ständchen bringen. Na dann sollen sie mitkommen. Ihnen kommt das so vor, als würden sie in ein großes Schloss reingehen. Zuerst gehen sie über einen Vorflur. Da sagt sie: „Zieht euch die Stiefel aus, wir müssen nun über den stählernen Saal, da ist das so glatt und wer dort hinfällt, der zerbricht sich sogleich die Kniescheibe. Sie gehen dann auch auf Socken da durch. Als nächstes kommen sie zu einer Stelle, an der die Reihe lang Pferde stehen, die fressen und schnauben wie lebendige Pferde es tun. Und dort hängen Degen und Lanzen und die Soldaten liegen alle und schlafen. Als nächstes bringt sie sie in ein anderes Gemach. In dem sitzt Kaiser Friedrich am Tisch, dessen Bart durch den Tisch durchgewachsen ist. Da haben sie ihm noch ein Ständchen gespielt. Gesprochen hat er nicht. Als er genug hatte, hat er mit den Fingern gewunken. Die Dame führt sie nun raus. Als sie unten raus sind, gibt ihnen die Dame aus dem Korb, den sie trägt, Blumenzweige. Einem jeden gibt sie einen Zweig. Der eine ist ein Gärtner gewesen, der pflanzt sich den Zweig abends noch in einen Topf. Die anderen schmeißen ihn weg. „Was sollen wir mit dem Blumenzeug, ein gutes Trinkgeld wäre uns lieber gewesen.“ „Nein“, sagt der Andere, „ich freue mich, dass ich nun sagen kann, dass ich ihn gesehen habe. Das ist mir mehr wert als Trinkgeld.“ Als ein paar Tage vergangen sind, wächst der Baum, abends blüht er, nachts wird er reif und morgens liegt immer ein Goldstück auf dem Blumentopf. Die anderen kommen zu ihm, ob sie nicht wieder zusammen fideln wollen. „Habt ihr eure hübsche Blume nicht mitgenommen?“ „Nein“ Da erzählt er das. „Ich brauch nun nicht mehr zu fideln, ich habe genug.“ Die anderen wollen das auch versuchen, aber da ist alles eben gewesen. Sie haben nichts gefunden.</isebel:content>
    <isebel:content xml:lang="nds">"König Friedrich in'n barg." 
Dor sünd bierfidlers west, de hebben musik up'n hof makt; dat is so recht schönen mandschin west, dor seggen se, will em mal 'n ständschen bringen, se blasen ok deuwelhaftig. Dor kümmt ne dam an un fröggt se wat se blasen. Ja, se wullen K.F. 'n ständschen bringen. Na denn sälen se mitkamen, ehr kümmt dat so vor, dat se na'n groten sloss ringahn  //  ihrst kamen se öwer ne vörflur. Dor sacht se treckt jug de stäwel ut, wi möten nu öwern stabsahl, dor is dat so glatt, un wer dor dalföllt breckt sik furts de kneeschiw tonicht. Se gahn dann ok up söcken dor dörch; nahst kamen se na 'n stell hen, dor stahn pier ling un lang de freten un snuben as lebennig pier dohn, un dor hängen degens un lanzen un de Soldaten liggen all un slapen. Nähst bringt se so na en anner gemach dor sitt Kaiser Friedrich an 'n disch de bort is em dörch'n disch wussen. Dor hebben se dor em noch ens ständschen blast, spraken hett he nich, as he nog hatt hett hett he winkt mit de fingern. De dam leit't se nu rut, as se buten rut sünd, gifft ehr de dam ut'n korw, den se dreggt, blomentwigen, enen jeden gifft ﻿se enen twieg. De en is 'n gärtner west, de plant't sik den twieg abends noch in'n pott, de annern smieten 't wech, wat sölen wi mit dat blomentüg 'n god drinkgeld wir uns lewer west. Ne secht de anner ik freu mi, dat ik nu doch seggen kann, ik heff em sehn, dat is mi mihr wirt, as 'n drinkgeld. As 'n por dag vergahn sünd, de Bom de wasst, abends bläuht he nachts ward he riep  //  un morgens licht dor ümmer 'n goldstück up'n blomenpott. De annern kamen bi em, ob se nich ens weder tohop fideln wullen. Heft ji juge hübsche blom nich mitnahmen? ne. Dor vertellt he dat, ik bruk nu nich mihr to fideln, ik heff nog. De annern willen dat ok nasöken, öwer dor is alles eben west, se hebben nix funnen.</isebel:content>
  </isebel:contents>
</isebel:story>