<?xml version='1.0' encoding='UTF-8'?><isebel:story xmlns:isebel="http://www.isebel.eu/ns/isebel" xmlns:dc="http://purl.org/dc/elements/1.1/" xml:id="xmd-s001-000-003-722" xml:lang="deu">
  <dc:identifier>de.wossidia.xmd-s001-000-003-722</dc:identifier>
  <isebel:purl>https://apps.wossidia.de/webapp/run/node/XMD-S001-000-003-722</isebel:purl>
  <dc:title>[3722] Lachen ist Sünde</dc:title>
  <dc:title xml:lang="nds"/>
  <isebel:contents>
    <isebel:content xml:lang="nds">En Fru blifft (schien) doot. is swanger wäst, dat kind is noch nich rut wäst. Ehr anner gören weenen öwer ehr mudder up'n kirchhof. Dor hüren se // dor singt wat in dat graff: su, su, su, schlaf ein in guter ruh, dein gott der wird dein vater sein, thu dein äuglein zu. kinner lopen na hus, as v.1) kümmt, hürt he dat ok. Dor geit he na Paster. Se halen se rut. De fru is noch an'n läben wäst, dat kind ok. Se hett niemals läden, dat de kinner 'n geläch makt hebben. lachen is ne grote sünd' hett se secht. Bald naher is se storben dat kind ok.</isebel:content>
  </isebel:contents>
</isebel:story>