<?xml version='1.0' encoding='UTF-8'?><isebel:story xmlns:isebel="http://www.isebel.eu/ns/isebel" xmlns:dc="http://purl.org/dc/elements/1.1/" xml:id="xmd-s001-000-000-121" xml:lang="deu">
  <dc:identifier>de.wossidia.xmd-s001-000-000-121</dc:identifier>
  <isebel:purl>https://apps.wossidia.de/webapp/run/node/XMD-S001-000-000-121</isebel:purl>
  <dc:title>[121] Hexen tanzen Kreis auf der Koppel</dc:title>
  <dc:title xml:lang="nds"/>
  <dc:title xml:lang="deu"/>
  <isebel:contents>
    <isebel:content xml:lang="nds">Alle Maidagnacht wier hin in de koppel achter den ollen (?)
sin rund kreis danzt
dat süllen de hexen dahn hebben.

(?)	Ross 6,3</isebel:content>
    <isebel:content xml:lang="deu">Jede erste Mai Nacht war hinten in der Koppel
hinter der alten (?) ein runder Kreis getanzt worden.
Das sollen die Hexen getan haben.

(?)	Ross 6,3</isebel:content>
  </isebel:contents>
  <isebel:persons>
    <isebel:person id="10005585">
      <isebel:name>H. Roß</isebel:name>
      <isebel:role>contributor</isebel:role>
      <isebel:profession>Lehrer</isebel:profession>
    </isebel:person>
  </isebel:persons>
  <isebel:keywords>
    <isebel:keyword id="XMD-M030-000-000-907">tanzen</isebel:keyword>
    <isebel:keyword id="XMD-M030-000-003-575">Blocksberg</isebel:keyword>
    <isebel:keyword id="XMD-M030-000-006-991">Kreis</isebel:keyword>
    <isebel:keyword id="XMD-M030-000-007-520">Mainacht</isebel:keyword>
  </isebel:keywords>
</isebel:story>