<?xml version='1.0' encoding='UTF-8'?><isebel:story xmlns:isebel="http://www.isebel.eu/ns/isebel" xmlns:dc="http://purl.org/dc/elements/1.1/" xml:id="xmd-s001-000-005-970" xml:lang="deu">
  <dc:identifier>de.wossidia.xmd-s001-000-005-970</dc:identifier>
  <isebel:purl>https://apps.wossidia.de/webapp/run/node/XMD-S001-000-005-970</isebel:purl>
  <dc:title>[5970] Glocken kommen zu bestimmter Zeit heraus</dc:title>
  <dc:title xml:lang="nds"/>
  <isebel:contents>
    <isebel:content xml:lang="nds">Röhl: 
Joh.midd. 1) Klock 12 sünd ümmer klocken rutkamen, hett sik keener vor wohrt.2) Mäten hängt Tüg up ...... söss Pier
oll Buer ut Minzow. 
de Klook hier in Nik.2) Kirch würd ümmer de Dambecker nennt, is to Kriegstiden afhaalt


1) Johanni middag
2) sünd weg wäst
2) Nikolai</isebel:content>
  </isebel:contents>
</isebel:story>