<?xml version='1.0' encoding='UTF-8'?><isebel:story xmlns:isebel="http://www.isebel.eu/ns/isebel" xmlns:dc="http://purl.org/dc/elements/1.1/" xml:id="xmd-s001-000-007-459" xml:lang="deu">
  <dc:identifier>de.wossidia.xmd-s001-000-007-459</dc:identifier>
  <isebel:purl>https://apps.wossidia.de/webapp/run/node/XMD-S001-000-007-459</isebel:purl>
  <dc:title>[7459] Räuber / hausen</dc:title>
  <dc:title xml:lang="deu"/>
  <isebel:contents>
    <isebel:content xml:lang="deu">Räuber haben bei Starsow / Schwarz / Zerlank / Zechlin gehaust und zwischen Mirow / Schillersdorf, und in Qualzow, in Porst am Zerlinsee.</isebel:content>
  </isebel:contents>
</isebel:story>