<?xml version='1.0' encoding='UTF-8'?><isebel:story xmlns:isebel="http://www.isebel.eu/ns/isebel" xmlns:dc="http://purl.org/dc/elements/1.1/" xml:id="xmd-s001-000-002-368" xml:lang="deu">
  <dc:identifier>de.wossidia.xmd-s001-000-002-368</dc:identifier>
  <isebel:purl>https://apps.wossidia.de/webapp/run/node/XMD-S001-000-002-368</isebel:purl>
  <dc:title>[2368] Pumpfoot</dc:title>
  <dc:title xml:lang="deu"/>
  <dc:title xml:lang="nds"/>
  <isebel:contents>
    <isebel:content xml:lang="deu">Columbus ist ein Zimmermann gewesen, [der] soll eine Schnur aus Froschhaar gehabt haben. Wenn er die Schnur durchschlagen hat, ist das immer durch gewesen.</isebel:content>
    <isebel:content xml:lang="nds">Columbus is 'n timmermann west, sall 'ne snur hat hebben von poggenhor. Wenn he de snur dörchslagen het, is dat ümmer dörch west.</isebel:content>
  </isebel:contents>
</isebel:story>