<?xml version='1.0' encoding='UTF-8'?><isebel:story xmlns:isebel="http://www.isebel.eu/ns/isebel" xmlns:dc="http://purl.org/dc/elements/1.1/" xml:id="xmd-s001-000-004-961" xml:lang="deu">
  <dc:identifier>de.wossidia.xmd-s001-000-004-961</dc:identifier>
  <isebel:purl>https://apps.wossidia.de/webapp/run/node/XMD-S001-000-004-961</isebel:purl>
  <dc:title>[4961] Wiederkehr / Gelübde</dc:title>
  <dc:title xml:lang="deu"/>
  <isebel:contents>
    <isebel:content xml:lang="deu">Ein Stechower Arbeiter kommt von Laage. Als er durchs Holz ist, sieht er, daß aus einem Dornbusch eine graue Dame kommt, in die Luft schwebt und auf ihn zukommt und ihm sagt, er sollt 50 Pfg. auf den Altar der Pölchower Kirche legen. Darauf schwebt sie übers Holz weg. Er thut's nicht. Nach 8 Tagen dasselbe. Da geht er denn hin zum Pastor und legt auch 50 Pfg. auf den Altar. Seitdem ist keinem die graue Dame wieder begegnet. 
(Von einem Juraten der Gemeinde Pölchow, der mit dabei gewesen ist, als der Mann die 50 Pfg. bringt.)</isebel:content>
  </isebel:contents>
</isebel:story>