<?xml version='1.0' encoding='UTF-8'?><isebel:story xmlns:isebel="http://www.isebel.eu/ns/isebel" xmlns:dc="http://purl.org/dc/elements/1.1/" xml:id="xmd-s001-000-001-220" xml:lang="deu">
  <dc:identifier>de.wossidia.xmd-s001-000-001-220</dc:identifier>
  <isebel:purl>https://apps.wossidia.de/webapp/run/node/XMD-S001-000-001-220</isebel:purl>
  <dc:title>[1220] ewig leben</dc:title>
  <dc:title xml:lang="nds"/>
  <isebel:contents>
    <isebel:content xml:lang="nds">in London   in Hinrichshagen Radmaker Hinrich Bihrendt.
ob stadt London  noch stünn  denn leb ich armer sünder auch noch.</isebel:content>
  </isebel:contents>
  <isebel:places>
    <isebel:place id="1754">
      <dc:title>Ludorf</dc:title>
      <isebel:point>
        <datacite:pointLatitude xmlns:datacite="http://datacite.org/schema/kernel-4">53.37905</datacite:pointLatitude>
        <datacite:pointLongitude xmlns:datacite="http://datacite.org/schema/kernel-4">12.66644</datacite:pointLongitude>
      </isebel:point>
      <isebel:role>narration</isebel:role>
    </isebel:place>
    <isebel:place id="20264">
      <dc:title>Hinrichshagen</dc:title>
      <isebel:role>action</isebel:role>
    </isebel:place>
    <isebel:place id="20979">
      <dc:title>London</dc:title>
      <dc:title>Londinium</dc:title>
      <dc:title>Plowonida</dc:title>
      <isebel:role>action</isebel:role>
    </isebel:place>
  </isebel:places>
</isebel:story>