<?xml version='1.0' encoding='UTF-8'?><isebel:story xmlns:isebel="http://www.isebel.eu/ns/isebel" xmlns:dc="http://purl.org/dc/elements/1.1/" xml:id="xmd-s001-000-009-527" xml:lang="deu">
  <dc:identifier>de.wossidia.xmd-s001-000-009-527</dc:identifier>
  <isebel:purl>https://apps.wossidia.de/webapp/run/node/XMD-S001-000-009-527</isebel:purl>
  <dc:title>[9527] Gang: non delere</dc:title>
  <dc:title xml:lang="nds"/>
  <isebel:contents>
    <isebel:content xml:lang="nds">Sloss Grabenhagen, gang is ümmer w.1) apen wäst. 

1) wedder</isebel:content>
  </isebel:contents>
</isebel:story>