<?xml version='1.0' encoding='UTF-8'?><isebel:story xmlns:isebel="http://www.isebel.eu/ns/isebel" xmlns:dc="http://purl.org/dc/elements/1.1/" xml:id="xmd-s001-000-007-848" xml:lang="deu">
  <dc:identifier>de.wossidia.xmd-s001-000-007-848</dc:identifier>
  <isebel:purl>https://apps.wossidia.de/webapp/run/node/XMD-S001-000-007-848</isebel:purl>
  <dc:title>[7848] Schnur über Weg / Glocke</dc:title>
  <dc:title xml:lang="nds"/>
  <isebel:contents>
    <isebel:content xml:lang="nds">rhm.1) hett bi'n bäukenbarg, hett he sin höhl hatt. De landweg hett früher öwern bäukenbarg gahn, (nich bi'n Wolken rüm, as nu). (von'n bäukenbarg up Zeppelin, up Swiesow los,) dor hebben se 'ne käd dwas öwertreckt mit 'ne klock. denn hebben se lüd’ in empfang nahmen. 

1) räuberhauptmann</isebel:content>
  </isebel:contents>
</isebel:story>