<?xml version='1.0' encoding='UTF-8'?><isebel:story xmlns:isebel="http://www.isebel.eu/ns/isebel" xmlns:dc="http://purl.org/dc/elements/1.1/" xml:id="xmd-s001-000-009-676" xml:lang="deu">
  <dc:identifier>de.wossidia.xmd-s001-000-009-676</dc:identifier>
  <isebel:purl>https://apps.wossidia.de/webapp/run/node/XMD-S001-000-009-676</isebel:purl>
  <dc:title>[9676] Berg: hohl / Schätze</dc:title>
  <dc:title xml:lang="nds"/>
  <isebel:contents>
    <isebel:content xml:lang="nds">inn Leppiner see sall 'n g.1) kalf in liggen. dor hebben se grabens makt vör 24 johr (circa). een gewehr rutgrawt. arbeiter Burmeister ut Sült (?) het dat funnen. 

1) gollen</isebel:content>
  </isebel:contents>
</isebel:story>