<?xml version='1.0' encoding='UTF-8'?><isebel:story xmlns:isebel="http://www.isebel.eu/ns/isebel" xmlns:dc="http://purl.org/dc/elements/1.1/" xml:id="xmd-s001-000-007-651" xml:lang="deu">
  <dc:identifier>de.wossidia.xmd-s001-000-007-651</dc:identifier>
  <isebel:purl>https://apps.wossidia.de/webapp/run/node/XMD-S001-000-007-651</isebel:purl>
  <dc:title>[7651] Wiederkehr / Pastor</dc:title>
  <dc:title xml:lang="nds"/>
  <isebel:contents>
    <isebel:content xml:lang="nds">Gr. Tessin, de Kirch in mien Johren. wenn dor 'n nigen Paster kamen is, de is ümmer doot bläben. Toletzt hett Paster Brandt in Qualitz seggt, dat will he ut de Welt schaffen. As ha 'n Tietlang prädigt hett, is em de Sweit ümmer vonn Kopp aflopen. De Geist hett seggt: He süll Platz maken, denn wull he't beträden. He prädigt wieder. Dor seggt he: He süll wiken un müsst wiken. Töletzt hett Brandt seggt: Künn ruhig wedder een prädigen öwer to Klock eiben müsst he vonde Kanzel raf sien. so wiet hadd he em frie krägen.</isebel:content>
  </isebel:contents>
</isebel:story>