<?xml version='1.0' encoding='UTF-8'?><isebel:story xmlns:isebel="http://www.isebel.eu/ns/isebel" xmlns:dc="http://purl.org/dc/elements/1.1/" xml:id="xmd-s001-000-007-297" xml:lang="deu">
  <dc:identifier>de.wossidia.xmd-s001-000-007-297</dc:identifier>
  <isebel:purl>https://apps.wossidia.de/webapp/run/node/XMD-S001-000-007-297</isebel:purl>
  <dc:title>[7297] Gang im Zusammenhang mit Burgwall</dc:title>
  <dc:title xml:lang="nds"/>
  <isebel:contents>
    <isebel:content xml:lang="nds">Werder. 
uns grv.1) säd ümmer von Wirel. (dor hürt he to huus von'n Grapenwirer (ss.) (so heet dat jo wol) süll 'n gang gahn up'n Werder hof. 

1) großvadder</isebel:content>
  </isebel:contents>
</isebel:story>