<?xml version='1.0' encoding='UTF-8'?><isebel:story xmlns:isebel="http://www.isebel.eu/ns/isebel" xmlns:dc="http://purl.org/dc/elements/1.1/" xml:id="xmd-s001-000-004-653" xml:lang="deu">
  <dc:identifier>de.wossidia.xmd-s001-000-004-653</dc:identifier>
  <isebel:purl>https://apps.wossidia.de/webapp/run/node/XMD-S001-000-004-653</isebel:purl>
  <dc:title>[4653] Kirche</dc:title>
  <dc:title xml:lang="deu"/>
  <isebel:contents>
    <isebel:content xml:lang="deu">Fischer Holldörp vertellte: wenn se abends üm die Kirche gegangen sind, ist ihnen eine männl.1) Gestalt begegnet. 

1) männliche</isebel:content>
  </isebel:contents>
</isebel:story>