<?xml version='1.0' encoding='UTF-8'?><isebel:story xmlns:isebel="http://www.isebel.eu/ns/isebel" xmlns:dc="http://purl.org/dc/elements/1.1/" xml:id="xmd-s001-000-003-896" xml:lang="deu">
  <dc:identifier>de.wossidia.xmd-s001-000-003-896</dc:identifier>
  <isebel:purl>https://apps.wossidia.de/webapp/run/node/XMD-S001-000-003-896</isebel:purl>
  <dc:title>[3896] Dämonisches Tier</dc:title>
  <dc:title xml:lang="nds"/>
  <isebel:contents>
    <isebel:content xml:lang="nds">Baumgarten 
Ut'n Düwelssee (a. 100 - 150 Meter von'n Preestersee entfernt), is 'n swarten Hingst rutkamen. Lüd' güngen früher nachts mit ’n Kescher na de Warnow; (hier seggen se Floet (iam) ), dee hebben ok sehn, dat he mit de Äg dor lopen hett.</isebel:content>
  </isebel:contents>
</isebel:story>