<?xml version='1.0' encoding='UTF-8'?><isebel:story xmlns:isebel="http://www.isebel.eu/ns/isebel" xmlns:dc="http://purl.org/dc/elements/1.1/" xml:id="xmd-s001-000-000-795" xml:lang="deu">
  <dc:identifier>de.wossidia.xmd-s001-000-000-795</dc:identifier>
  <isebel:purl>https://apps.wossidia.de/webapp/run/node/XMD-S001-000-000-795</isebel:purl>
  <dc:title>[795] Der Herr wird vom Teufel geholt</dc:title>
  <dc:title xml:lang="deu"/>
  <isebel:contents>
    <isebel:content xml:lang="deu">Der Teufel hat Henning Bradenkierl holen wollen. Der hat gesagt, er solle seinen Kutscher erst nehmen. Da hat der Teufel geantwortet: ne, da hat er keinen Anteil an. Da ist er mit ihm durch die Wand gefahren, die Blutstreifen sind da noch dran.</isebel:content>
  </isebel:contents>
</isebel:story>