<?xml version='1.0' encoding='UTF-8'?><isebel:story xmlns:isebel="http://www.isebel.eu/ns/isebel" xmlns:dc="http://purl.org/dc/elements/1.1/" xml:id="xmd-s001-000-005-523" xml:lang="deu">
  <dc:identifier>de.wossidia.xmd-s001-000-005-523</dc:identifier>
  <isebel:purl>https://apps.wossidia.de/webapp/run/node/XMD-S001-000-005-523</isebel:purl>
  <dc:title>[5523] Untergang eines Schlosses in Muess</dc:title>
  <dc:title xml:lang="nds"/>
  <isebel:contents>
    <isebel:content xml:lang="nds">Muess.
(ss.) Reppinbarg, Oort Gebüd', Sloss, sall dor up lägen hebben, sowat Gods'</isebel:content>
  </isebel:contents>
</isebel:story>