<?xml version='1.0' encoding='UTF-8'?><isebel:story xmlns:isebel="http://www.isebel.eu/ns/isebel" xmlns:dc="http://purl.org/dc/elements/1.1/" xml:id="xmd-s001-000-004-472" xml:lang="deu">
  <dc:identifier>de.wossidia.xmd-s001-000-004-472</dc:identifier>
  <isebel:purl>https://apps.wossidia.de/webapp/run/node/XMD-S001-000-004-472</isebel:purl>
  <dc:title>[4472] Gälknoekerberg / Streiche</dc:title>
  <dc:title xml:lang="nds"/>
  <isebel:contents>
    <isebel:content xml:lang="nds">Hett Gewitter nachts in den Barg slahn, de Barg sall platzt sien von baben. Dat Gewitter sall dat Undiert doot slahn hebben. Groten Geriff is dat wäst. Groten Swanz sall he hatt hebben as 'ne Kauh. Wenn de groten Hunn' ankamen sünd ut Benekenhg.* is he rinlopen na den Gkbarg*, denn is de Barg wedder to west. Up'n Sünndag Middag hett he 'n Mäten uphungen (an'n Boom ?), dat ünnelst (de Fäut) na baben. Wenn de Knechts nich kamen wiren un se los makt hadden, wier se weg wäst. (Maritus: he hett dat (de Diern uphängen) blos wullt.) 

* Behnkenhagen 
* Gälknoekerbarg</isebel:content>
  </isebel:contents>
</isebel:story>