<?xml version='1.0' encoding='UTF-8'?><isebel:story xmlns:isebel="http://www.isebel.eu/ns/isebel" xmlns:dc="http://purl.org/dc/elements/1.1/" xml:id="xmd-s001-000-004-750" xml:lang="deu">
  <dc:identifier>de.wossidia.xmd-s001-000-004-750</dc:identifier>
  <isebel:purl>https://apps.wossidia.de/webapp/run/node/XMD-S001-000-004-750</isebel:purl>
  <dc:title>[4750] Vorspuk</dc:title>
  <dc:title xml:lang="deu"/>
  <isebel:contents>
    <isebel:content xml:lang="deu">In Sietow soll zur Zeit des Pastor Engel eine Person gewesen sein, die habe bei einem Todesfall die Glocke aufgesucht und dann zwischen den Glocken die zunächst sterbende Person gesehen.</isebel:content>
  </isebel:contents>
</isebel:story>