<?xml version='1.0' encoding='UTF-8'?><isebel:story xmlns:isebel="http://www.isebel.eu/ns/isebel" xmlns:dc="http://purl.org/dc/elements/1.1/" xml:id="xmd-s001-000-003-250" xml:lang="deu">
  <dc:identifier>de.wossidia.xmd-s001-000-003-250</dc:identifier>
  <isebel:purl>https://apps.wossidia.de/webapp/run/node/XMD-S001-000-003-250</isebel:purl>
  <dc:title>[3250] De Tiet is hier, de Minsch noch nich</dc:title>
  <dc:title xml:lang="deu"/>
  <isebel:contents>
    <isebel:content xml:lang="deu">Ein Landreiter reitet an einer Mergelgrube vorbei. Da hört er aus dem Wasser eine Stimme, die ruft wiederholentlich: “Tied un Stun'n is her, un Minschenkind kümmt nich." Wie der Mann weiter reitet, kommt ein kleiner Knabe (halb nackt gekleidet) gelaufen und sagt auf die Frage des Mannes, wohin er will: "Ach, mir ist so heiß,
ich will mich baden. Auf vieles Zureden kehrt der Knabe mit dem Mann um und dieser bringt ihn zu seiner Mutter. Zu Hause angekommen, bittet das Kind um Wasser, ihm sei so heiß, es möchte trinken. Obgleich der Landreiter ernstlich davor warnt, giebt die Mutter dem Knaben doch zu trinken. Das Kind fällt darauf sofort zur Erde und ist tot. -- "Seine Zeit und Stunde ist hiergewesen."</isebel:content>
  </isebel:contents>
</isebel:story>