<?xml version='1.0' encoding='UTF-8'?><isebel:story xmlns:isebel="http://www.isebel.eu/ns/isebel" xmlns:dc="http://purl.org/dc/elements/1.1/" xml:id="xmd-s001-000-008-738" xml:lang="deu">
  <dc:identifier>de.wossidia.xmd-s001-000-008-738</dc:identifier>
  <isebel:purl>https://apps.wossidia.de/webapp/run/node/XMD-S001-000-008-738</isebel:purl>
  <dc:title>[8738] Stein: Frevel</dc:title>
  <dc:title xml:lang="nds"/>
  <isebel:contents>
    <isebel:content xml:lang="nds">Selow Steinkreuz: Por krigers hebben sik dor kämpft. De steen is von sülben henkamen, dat weet keen minsch, wo he henkamen is. Dee de eck afsmäten hett, is vergahn as de dag.</isebel:content>
  </isebel:contents>
</isebel:story>