<?xml version='1.0' encoding='UTF-8'?><isebel:story xmlns:isebel="http://www.isebel.eu/ns/isebel" xmlns:dc="http://purl.org/dc/elements/1.1/" xml:id="xmd-s001-000-010-150" xml:lang="deu">
  <dc:identifier>de.wossidia.xmd-s001-000-010-150</dc:identifier>
  <isebel:purl>https://apps.wossidia.de/webapp/run/node/XMD-S001-000-010-150</isebel:purl>
  <dc:title>[10150] Geldfeuer: man darf beim Heben nicht sprechen</dc:title>
  <dc:title xml:lang="nds"/>
  <isebel:contents>
    <isebel:content xml:lang="nds">drei bräure holter ut tews woos sein upp Kimmungenbarg ein Geldfüür. sei gahn hen un findt dor gläunig kahlen un 'n groten kätel un fangen an, den kätel ruttaukrigen. as sei em binah ruthebben, kickt eine von ir den mählenweg entlang und süht, dat dor ein ganz deil Soldaten antauriden kamen un röppt: "süh dor!" dönn föllt ir dei kätel mit dei gläunige kahlen un geld weg un sei känt beschämt nah huus gahn. dei swart hett ir dei soldaten uppn liev schickt, sei hebben dat geld nich hebben süllt.</isebel:content>
  </isebel:contents>
</isebel:story>