<?xml version='1.0' encoding='UTF-8'?><isebel:story xmlns:isebel="http://www.isebel.eu/ns/isebel" xmlns:dc="http://purl.org/dc/elements/1.1/" xml:id="xmd-s001-000-007-739" xml:lang="deu">
  <dc:identifier>de.wossidia.xmd-s001-000-007-739</dc:identifier>
  <isebel:purl>https://apps.wossidia.de/webapp/run/node/XMD-S001-000-007-739</isebel:purl>
  <dc:title>[7739] Tote: Wiederkehr</dc:title>
  <dc:title xml:lang="nds"/>
  <isebel:contents>
    <isebel:content xml:lang="nds">Waack sin fru stammt von Dettensdörp2): dee hett vertellt: een fru is ümmer wkamen1) de hebben se wegläst. 

1) wedderkamen 
2) Dettmannsdorf</isebel:content>
  </isebel:contents>
</isebel:story>