<?xml version='1.0' encoding='UTF-8'?><isebel:story xmlns:isebel="http://www.isebel.eu/ns/isebel" xmlns:dc="http://purl.org/dc/elements/1.1/" xml:id="xmd-s001-000-006-833" xml:lang="deu">
  <dc:identifier>de.wossidia.xmd-s001-000-006-833</dc:identifier>
  <isebel:purl>https://apps.wossidia.de/webapp/run/node/XMD-S001-000-006-833</isebel:purl>
  <dc:title>[6833] Irrglocke</dc:title>
  <dc:title xml:lang="deu"/>
  <isebel:contents>
    <isebel:content xml:lang="deu">Es sollen s.Zt. zwei schwedische Prinzessinnen St. Ursula und St. Clara unter Dierhagen gestrandet sein und zum Dank gegen Gott für die Rettung hier, wo damals erst Leute wohnten, das Kloster und die St. Clarenkirchen gegründet haben, dazu die Bestimmung getroffen haben, daß hier stets noch um 1/2 9 Uhr abends vom Turm geläutet wird.</isebel:content>
  </isebel:contents>
</isebel:story>