<?xml version='1.0' encoding='UTF-8'?><isebel:story xmlns:isebel="http://www.isebel.eu/ns/isebel" xmlns:dc="http://purl.org/dc/elements/1.1/" xml:id="xmd-s001-000-002-595" xml:lang="deu">
  <dc:identifier>de.wossidia.xmd-s001-000-002-595</dc:identifier>
  <isebel:purl>https://apps.wossidia.de/webapp/run/node/XMD-S001-000-002-595</isebel:purl>
  <dc:title>[2595] aus der Franzosenzeit</dc:title>
  <dc:title xml:lang="nds"/>
  <isebel:contents>
    <isebel:content xml:lang="nds">De oll fru Bruhs in Freudenbarg vertellte von den krieg: (plura nescit) Puffpaff hadd dat 'n ganzen dag gehn.</isebel:content>
  </isebel:contents>
  <isebel:places>
    <isebel:place id="2362">
      <dc:title>Ribnitz-Damgarten</dc:title>
      <dc:title>Damgarten</dc:title>
      <dc:title>Damechore</dc:title>
      <dc:title>Ribnitz, Rybanis</dc:title>
      <isebel:point>
        <datacite:pointLatitude xmlns:datacite="http://datacite.org/schema/kernel-4">54.24347</datacite:pointLatitude>
        <datacite:pointLongitude xmlns:datacite="http://datacite.org/schema/kernel-4">12.45836</datacite:pointLongitude>
      </isebel:point>
      <isebel:role>narration</isebel:role>
    </isebel:place>
  </isebel:places>
  <isebel:events>
    <isebel:event id="990010797">
      <isebel:date>1916-08-12</isebel:date>
      <isebel:role>narration</isebel:role>
    </isebel:event>
  </isebel:events>
</isebel:story>