<?xml version='1.0' encoding='UTF-8'?><isebel:story xmlns:isebel="http://www.isebel.eu/ns/isebel" xmlns:dc="http://purl.org/dc/elements/1.1/" xml:id="xmd-s001-000-003-334" xml:lang="deu">
  <dc:identifier>de.wossidia.xmd-s001-000-003-334</dc:identifier>
  <isebel:purl>https://apps.wossidia.de/webapp/run/node/XMD-S001-000-003-334</isebel:purl>
  <dc:title>[3334] In den See geraten</dc:title>
  <dc:title xml:lang="nds"/>
  <isebel:contents>
    <isebel:content xml:lang="nds">En Franzos is mit Pierd in Ivendörp rinsackt na'n Waterlock. (Stahn 'n por Ellern rüm, bi Westendörp hen.)</isebel:content>
  </isebel:contents>
</isebel:story>