<?xml version='1.0' encoding='UTF-8'?><isebel:story xmlns:isebel="http://www.isebel.eu/ns/isebel" xmlns:dc="http://purl.org/dc/elements/1.1/" xml:id="xmd-s001-000-009-944" xml:lang="deu">
  <dc:identifier>de.wossidia.xmd-s001-000-009-944</dc:identifier>
  <isebel:purl>https://apps.wossidia.de/webapp/run/node/XMD-S001-000-009-944</isebel:purl>
  <dc:title>[9944] Tote: Wiederkehr / Totenhemd</dc:title>
  <dc:title xml:lang="nds"/>
  <isebel:contents>
    <isebel:content xml:lang="nds">Is ne Fru wäst, dee is doot bläben, is ümmer wedderkamen vört Finster. De tweet Fru hett säten un hett neiht, gah man to Rauh kriggst —-------- Mau. Se hebben Hemd in de Maak hatt, dat hebben se ehr mitgäben.</isebel:content>
  </isebel:contents>
</isebel:story>