<?xml version='1.0' encoding='UTF-8'?><isebel:story xmlns:isebel="http://www.isebel.eu/ns/isebel" xmlns:dc="http://purl.org/dc/elements/1.1/" xml:id="xmd-s001-000-009-767" xml:lang="deu">
  <dc:identifier>de.wossidia.xmd-s001-000-009-767</dc:identifier>
  <isebel:purl>https://apps.wossidia.de/webapp/run/node/XMD-S001-000-009-767</isebel:purl>
  <dc:title>[9767] Geldfeuer: Kohlen auf Pfeife</dc:title>
  <dc:title xml:lang="nds"/>
  <isebel:contents>
    <isebel:content xml:lang="nds">Dat is noch ne Verwandschaft an Großvadder wäst. Dee is up Ludörper Fmark1) gahn, süht wat brennen...... hett sik ne Kahl söcht, rackt dat voneen. annern morgen liggen twe 20 Markstücke in de Piep. As he wedder hengeiht, wat he trüggrackt hett, hett he nähmen künnt, dat hett dor lägen. 

1) Feldmark</isebel:content>
  </isebel:contents>
</isebel:story>