<?xml version='1.0' encoding='UTF-8'?><isebel:story xmlns:isebel="http://www.isebel.eu/ns/isebel" xmlns:dc="http://purl.org/dc/elements/1.1/" xml:id="xmd-s001-000-008-289" xml:lang="deu">
  <dc:identifier>de.wossidia.xmd-s001-000-008-289</dc:identifier>
  <isebel:purl>https://apps.wossidia.de/webapp/run/node/XMD-S001-000-008-289</isebel:purl>
  <dc:title>[8289] Glocke: nicht über die Grenzscheide</dc:title>
  <dc:title xml:lang="deu"/>
  <isebel:contents>
    <isebel:content xml:lang="deu">in Vietgest schwarzen see // 3 steine // kinder hängen Zeug auf. glocken mit ochsen fort, (mit pferden nicht). 

(Original nicht auffindbar)</isebel:content>
  </isebel:contents>
</isebel:story>