<?xml version='1.0' encoding='UTF-8'?><isebel:story xmlns:isebel="http://www.isebel.eu/ns/isebel" xmlns:dc="http://purl.org/dc/elements/1.1/" xml:id="xmd-s001-000-000-050" xml:lang="deu">
  <dc:identifier>de.wossidia.xmd-s001-000-000-050</dc:identifier>
  <isebel:purl>https://apps.wossidia.de/webapp/run/node/XMD-S001-000-000-050</isebel:purl>
  <dc:title>[50] Unschuldig gerichtet</dc:title>
  <dc:title xml:lang="nds"/>
  <dc:title xml:lang="deu"/>
  <dc:title xml:lang="eng"/>
  <isebel:contents>
    <isebel:content xml:lang="nds">Bi Brandenhusen is ein Köppenbarg, dor is früher eins ein Mamsell köppt worrn. Sei het seggt, sei wier unschullig köppt, „un wenn ik inʼn Himmel kaam, denn kaam ik as witt Duuv up dennʼ Barg, un kaam ik in de Holl, so kaam ik as Kreih“. Sei is oever ümmer as witt Duuv kamen.

Erzähler: Armenhäusler Franz Tegler, 15 J., Kirchdorf a. Poel, Kreis Wismar (von seiner Großmutter); Aufzeichner: Lehrer Mirow, Kirchdorf a. Poel, Kreis Wismar, 17. 7. 1927.</isebel:content>
    <isebel:content xml:lang="deu">Bei Brandenhusen ist ein Köppenberg, dort ist früher einmal eine Mamsell geköpft worden. Sie hat gesagt, sie sei unschuldig geköpft, „und wenn ich in den Himmel komme, dann komme ich als weiße Taube auf den Berg, und komme ich in die Hölle, so komme ich als Krähe“. Sie ist aber immer als weiße Taube gekommen.</isebel:content>
    <isebel:content xml:lang="eng">Near Brandenhusen is a hill for tribunal purposes. In the old days, a Mamsell (housekeeper) was decapitated there. She said she was decapitated innocently “And when I come into heaven then I come back as a white dove on the hill, and when I come into hell so I come back as a crow.” However, she always came as a white dove.</isebel:content>
  </isebel:contents>
</isebel:story>