<?xml version='1.0' encoding='UTF-8'?><isebel:story xmlns:isebel="http://www.isebel.eu/ns/isebel" xmlns:dc="http://purl.org/dc/elements/1.1/" xml:id="xmd-s001-000-004-227" xml:lang="deu">
  <dc:identifier>de.wossidia.xmd-s001-000-004-227</dc:identifier>
  <isebel:purl>https://apps.wossidia.de/webapp/run/node/XMD-S001-000-004-227</isebel:purl>
  <dc:title>[4227] fluchen</dc:title>
  <dc:title xml:lang="deu"/>
  <isebel:contents>
    <isebel:content xml:lang="deu">Leute fluchen bei Kirchenbau, da stürzt l.1) Bogen ein. 

1) linker.</isebel:content>
  </isebel:contents>
</isebel:story>