<?xml version='1.0' encoding='UTF-8'?><isebel:story xmlns:isebel="http://www.isebel.eu/ns/isebel" xmlns:dc="http://purl.org/dc/elements/1.1/" xml:id="xmd-s001-000-005-610" xml:lang="deu">
  <dc:identifier>de.wossidia.xmd-s001-000-005-610</dc:identifier>
  <isebel:purl>https://apps.wossidia.de/webapp/run/node/XMD-S001-000-005-610</isebel:purl>
  <dc:title>[5610] Versunkene Glocke läutet</dc:title>
  <dc:title xml:lang="nds"/>
  <isebel:contents>
    <isebel:content xml:lang="nds">Up den weg von Gr. Dratow na Kl.Dratow is ’n brok, stahn lütt barken, dor soelen 3 glocken in liggen.</isebel:content>
  </isebel:contents>
</isebel:story>