<?xml version='1.0' encoding='UTF-8'?><isebel:story xmlns:isebel="http://www.isebel.eu/ns/isebel" xmlns:dc="http://purl.org/dc/elements/1.1/" xml:id="xmd-s001-000-000-022" xml:lang="deu">
  <dc:identifier>de.wossidia.xmd-s001-000-000-022</dc:identifier>
  <isebel:purl>https://apps.wossidia.de/webapp/run/node/XMD-S001-000-000-022</isebel:purl>
  <dc:title>[22] Den Schatz nimmt der Bauer</dc:title>
  <dc:title xml:lang="nds"/>
  <dc:title xml:lang="deu"/>
  <dc:title xml:lang="eng"/>
  <isebel:contents>
    <isebel:content xml:lang="nds">⸢En⸣ Diern in Warlow het dröömt, se süll Füür anböten toʼn Backen. Se kickt utʼt Finster ⸢un⸣ süht Füür inʼn Backaben. Se geiht hen. ⸢Door steiht en⸣ Mann biʼn Backaben (der Teufel), ⸢de⸣ sleiht ehr 3 Schüffel vull in ehr Schört. (Iterum, tertium.) Nu süll se oever nich wedder kamen. Dat is ʼn Schäpel vull Geld wäst. De Buur het dat dennʼ annern Morgen funnen up ʼn Füürhierd. ⸢He⸣ het ehr nix dorvon seggt. Twee Mark het se blos krägen.

Erzähler: Arbeiter Klaeter, Tessin, Kreis Rostock Aufzeichner: Wossidlo, 27. 3. 1910.</isebel:content>
    <isebel:content xml:lang="deu">Eine Magd in Warlow hat geträumt, sie sollte Feuer anzünden zum Backen. Sie schaut aus dem Fenster und sieht Feuer im Backofen. Sie geht hin. Da steht ein Mann beim Backofen (der Teufel), der ihr drei Schaufeln voll in die Schürze schüttet (und das noch zweimal). Nun möge sie aber nicht wiederkommen. Das ist ein ganzer Scheffel Geld gewesen. Der Bauer hat es am andern Morgen auf dem Herd gefunden. Er hat ihr nichts davon gesagt. Nur zwei Mark hat sie davon bekommen.</isebel:content>
    <isebel:content xml:lang="eng">A maidservant has dreamed in Warlow, she should light a fire for baking. She looked through the window and saw a fire in the baking oven. She went forth. There stood a man next to the backing oven (the devil) who poured her three shovelful into her pinafore (and this twice again). Now, she might not come again. It was a whole bushel gold. The farmer found it on the next morning upon the stove. He told her nothing about it. She got just two Mark*.

*old German currency</isebel:content>
  </isebel:contents>
  <isebel:events>
    <isebel:event id="990011019">
      <isebel:date>1910-03-27</isebel:date>
      <isebel:role>narration</isebel:role>
    </isebel:event>
  </isebel:events>
</isebel:story>