<?xml version='1.0' encoding='UTF-8'?><isebel:story xmlns:isebel="http://www.isebel.eu/ns/isebel" xmlns:dc="http://purl.org/dc/elements/1.1/" xml:id="xmd-s001-000-005-236" xml:lang="deu">
  <dc:identifier>de.wossidia.xmd-s001-000-005-236</dc:identifier>
  <isebel:purl>https://apps.wossidia.de/webapp/run/node/XMD-S001-000-005-236</isebel:purl>
  <dc:title>[5236] Glocke läutet von selbst</dc:title>
  <dc:title xml:lang="nds"/>
  <isebel:contents>
    <isebel:content xml:lang="nds">Jeden Heilig Abend güngen de Klocken von 12-1. dree Mann willen ok eens rup un lüdden. se spälen Koorten, dat se nich inslapen. Dorbi verpassen se de Tiet. Wat hett Gott to dohn? De Klocken fangen an to gahn. As se rupkamen, sitt up jede Klock, up de groot un de lütt, 'n Zägenbuck. de Klocken gahn ümmer düller. Se gahn wedder rut. de Klocken hebben de ganze Stund' gahn.</isebel:content>
  </isebel:contents>
</isebel:story>