<?xml version='1.0' encoding='UTF-8'?><isebel:story xmlns:isebel="http://www.isebel.eu/ns/isebel" xmlns:dc="http://purl.org/dc/elements/1.1/" xml:id="xmd-s001-000-005-268" xml:lang="deu">
  <dc:identifier>de.wossidia.xmd-s001-000-005-268</dc:identifier>
  <isebel:purl>https://apps.wossidia.de/webapp/run/node/XMD-S001-000-005-268</isebel:purl>
  <dc:title>[5268] Glocke läutet von selbst</dc:title>
  <dc:title xml:lang="deu"/>
  <isebel:contents>
    <isebel:content xml:lang="deu">Glocken läuten von selbst. 
In Woserin b/Dobbertin ist von einer Dame eine Glocke geschenkt worden mit der Bestimmung, daß diese Glocke auch in der Sylvesternacht von 12-1 geläutet werde. Als es eins nicht gethan, hat die Glocke von selber geklungen.</isebel:content>
  </isebel:contents>
</isebel:story>