<?xml version='1.0' encoding='UTF-8'?><isebel:story xmlns:isebel="http://www.isebel.eu/ns/isebel" xmlns:dc="http://purl.org/dc/elements/1.1/" xml:id="xmd-s001-000-005-086" xml:lang="deu">
  <dc:identifier>de.wossidia.xmd-s001-000-005-086</dc:identifier>
  <isebel:purl>https://apps.wossidia.de/webapp/run/node/XMD-S001-000-005-086</isebel:purl>
  <dc:title>[5086] Klabautermann in Warnemünde</dc:title>
  <dc:title xml:lang="nds"/>
  <isebel:contents>
    <isebel:content xml:lang="nds">In Warnemünd hebben mihre Schäp lägen, up jedes is Klabatersmann wäst.
En Mann hett dat anhürt, wo de een seiht hett: "Ik gah nich mit, mien Schipp blifft." Un oll sien [?], dat Schipp is bläben.</isebel:content>
  </isebel:contents>
</isebel:story>