<?xml version='1.0' encoding='UTF-8'?><isebel:story xmlns:isebel="http://www.isebel.eu/ns/isebel" xmlns:dc="http://purl.org/dc/elements/1.1/" xml:id="xmd-s001-000-000-496" xml:lang="deu">
  <dc:identifier>de.wossidia.xmd-s001-000-000-496</dc:identifier>
  <isebel:purl>https://apps.wossidia.de/webapp/run/node/XMD-S001-000-000-496</isebel:purl>
  <dc:title>[496] Der Aufstand</dc:title>
  <dc:title xml:lang="deu"/>
  <isebel:contents>
    <isebel:content xml:lang="deu">Die Sage vom Edelmann, der sich tottanzen muß, erzählt Granzow, Mirowdorf, (wohl irrig) vom Ankershägener Bratenkierl.

(Erzähler: Granzow, Mirowdorf, Kreis Neustrelitz. Aufzeichner: Wossidlo, 7. 4. 1912)</isebel:content>
  </isebel:contents>
  <isebel:places>
    <isebel:place id="1851">
      <dc:title>Mirowdorf</dc:title>
      <isebel:point>
        <datacite:pointLatitude xmlns:datacite="http://datacite.org/schema/kernel-4">53.27100</datacite:pointLatitude>
        <datacite:pointLongitude xmlns:datacite="http://datacite.org/schema/kernel-4">12.79921</datacite:pointLongitude>
      </isebel:point>
      <isebel:role>narration</isebel:role>
    </isebel:place>
    <isebel:place id="67">
      <dc:title>Ankershagen</dc:title>
      <isebel:point>
        <datacite:pointLatitude xmlns:datacite="http://datacite.org/schema/kernel-4">53.48156</datacite:pointLatitude>
        <datacite:pointLongitude xmlns:datacite="http://datacite.org/schema/kernel-4">12.96254</datacite:pointLongitude>
      </isebel:point>
      <isebel:role>action</isebel:role>
    </isebel:place>
  </isebel:places>
  <isebel:persons>
    <isebel:person id="10002201">
      <isebel:name>Granzow</isebel:name>
      <isebel:role>narrator</isebel:role>
    </isebel:person>
    <isebel:person id="10002201">
      <isebel:name>Granzow</isebel:name>
      <isebel:role>actor</isebel:role>
    </isebel:person>
    <isebel:person id="10008774">
      <isebel:name>Raubritter Henning Bradenkirl</isebel:name>
      <isebel:gender>Herr</isebel:gender>
      <isebel:role>actor</isebel:role>
      <isebel:profession>? Raubritter</isebel:profession>
    </isebel:person>
  </isebel:persons>
  <isebel:events>
    <isebel:event id="990011066">
      <isebel:date>1912-04-07</isebel:date>
      <isebel:role>narration</isebel:role>
    </isebel:event>
  </isebel:events>
  <isebel:keywords>
    <isebel:keyword id="XMD-M030-000-000-782">Edelmann</isebel:keyword>
    <isebel:keyword id="XMD-M030-000-000-907">tanzen</isebel:keyword>
    <isebel:keyword id="XMD-M030-000-002-620">tot</isebel:keyword>
    <isebel:keyword id="XMD-M030-000-005-606">Haberlandt</isebel:keyword>
  </isebel:keywords>
</isebel:story>