<?xml version='1.0' encoding='UTF-8'?><isebel:story xmlns:isebel="http://www.isebel.eu/ns/isebel" xmlns:dc="http://purl.org/dc/elements/1.1/" xml:id="xmd-s001-000-003-568" xml:lang="deu">
  <dc:identifier>de.wossidia.xmd-s001-000-003-568</dc:identifier>
  <isebel:purl>https://apps.wossidia.de/webapp/run/node/XMD-S001-000-003-568</isebel:purl>
  <dc:title>[3568] Grundlos</dc:title>
  <dc:title xml:lang="nds"/>
  <isebel:contents>
    <isebel:content xml:lang="nds">﻿Hoheburg 
De Öllern säden uns, na'n Swarten See dörf man nich rangahn, dat wier dat grundlos.</isebel:content>
  </isebel:contents>
</isebel:story>