<?xml version='1.0' encoding='UTF-8'?><isebel:story xmlns:isebel="http://www.isebel.eu/ns/isebel" xmlns:dc="http://purl.org/dc/elements/1.1/" xml:id="xmd-s001-000-010-127" xml:lang="deu">
  <dc:identifier>de.wossidia.xmd-s001-000-010-127</dc:identifier>
  <isebel:purl>https://apps.wossidia.de/webapp/run/node/XMD-S001-000-010-127</isebel:purl>
  <dc:title>[10127] Zuviel nehmen bringt Unglück</dc:title>
  <dc:title xml:lang="nds"/>
  <isebel:contents>
    <isebel:content xml:lang="nds">En Kohhöder is so arm wäst... geit гüm un grüwelt... Dor kömmt en antokarren mit ne Schuufkoor; de hett 'n Backeltrogg up (da is vull Geld wäst). As he ran kümmt na den Kohhöder liggt dor 'n Christiblutsbloom up'n Weg... Dor secht de anner: He sall em den Sagblock ut'n Wäg' nähmen, (Balken, nich Sag'buck) dor künn he nich öwer kamen. No, secht de Kohhöder, de is em to swer. Oh, he sall ok 'n Rap maken ut'n Backeltrogg. // Ne. // Ok twe. // Ne. // Ok dree. // Na ja, dann will he 't dohn, öwer he will ihrst den Rap maken. // Ja. // He rapt denn ok 3 Hümpels rut. Donn ritt he de Blom weg. As de Stang' weg is, is alles verswunden. (Dee Bläuth gäl is gesund vör thee etc.)</isebel:content>
  </isebel:contents>
</isebel:story>