<?xml version='1.0' encoding='UTF-8'?><isebel:story xmlns:isebel="http://www.isebel.eu/ns/isebel" xmlns:dc="http://purl.org/dc/elements/1.1/" xml:id="xmd-s001-000-004-956" xml:lang="deu">
  <dc:identifier>de.wossidia.xmd-s001-000-004-956</dc:identifier>
  <isebel:purl>https://apps.wossidia.de/webapp/run/node/XMD-S001-000-004-956</isebel:purl>
  <dc:title>[4956] Wiederkehr / Gelübde</dc:title>
  <dc:title xml:lang="nds"/>
  <isebel:contents>
    <isebel:content xml:lang="nds">En Buerfru is ümmer bi dat mäten kamen, hett ehr ken ruh laten. Se geit na'n Preester, de röddt ehr, se sall den geist mal anfragen, wat he will. As de buerfru wedderkümmt, secht se: alle guten glgdh.1) ik ok, secht dat. Dor fröcht se ehr, worum se ehr ken ruh let. Ja, se harr den paster ne deck verspraken up'n altor, ehr mann süll dorvör sorgen. De hett dat dahn. Dor hett se ruh kregen. 

1) alle guten geister loben Gott den Herrn.</isebel:content>
  </isebel:contents>
</isebel:story>