<?xml version='1.0' encoding='UTF-8'?><isebel:story xmlns:isebel="http://www.isebel.eu/ns/isebel" xmlns:dc="http://purl.org/dc/elements/1.1/" xml:id="xmd-s001-000-005-003" xml:lang="deu">
  <dc:identifier>de.wossidia.xmd-s001-000-005-003</dc:identifier>
  <isebel:purl>https://apps.wossidia.de/webapp/run/node/XMD-S001-000-005-003</isebel:purl>
  <dc:title>[5003] Untergang / Dörfer</dc:title>
  <dc:title xml:lang="deu"/>
  <isebel:contents>
    <isebel:content xml:lang="deu">Auf dem Gute Krohnshof bei Zarrentin liegt ein versunkener Ort (Mannhagen), über die Stelle soll kein Gewitter ziehen.</isebel:content>
  </isebel:contents>
</isebel:story>