<?xml version='1.0' encoding='UTF-8'?><isebel:story xmlns:isebel="http://www.isebel.eu/ns/isebel" xmlns:dc="http://purl.org/dc/elements/1.1/" xml:id="xmd-s001-000-009-733" xml:lang="deu">
  <dc:identifier>de.wossidia.xmd-s001-000-009-733</dc:identifier>
  <isebel:purl>https://apps.wossidia.de/webapp/run/node/XMD-S001-000-009-733</isebel:purl>
  <dc:title>[9733] Geldfeuer: Kohlen auf Pfeife</dc:title>
  <dc:title xml:lang="nds"/>
  <isebel:contents>
    <isebel:content xml:lang="nds">In de Lantowschen Dannen bi Laag' brennt Geld-Füer. Een hett keen Füertüg hatt, fröggt den Mann, dee bi dat Füer is, ob he sik 'n bäten Füer nähmen kann. annern Morgen hett he 'n Lugedur inne Piep hatt. He is wedder hengahn. de beiden Kahlen, dee he rut rackt hett, sünt ok Geld wäst.</isebel:content>
  </isebel:contents>
</isebel:story>