<?xml version='1.0' encoding='UTF-8'?><isebel:story xmlns:isebel="http://www.isebel.eu/ns/isebel" xmlns:dc="http://purl.org/dc/elements/1.1/" xml:id="xmd-s001-000-001-289" xml:lang="deu">
  <dc:identifier>de.wossidia.xmd-s001-000-001-289</dc:identifier>
  <isebel:purl>https://apps.wossidia.de/webapp/run/node/XMD-S001-000-001-289</isebel:purl>
  <dc:title>[1289] ewig leben</dc:title>
  <dc:title xml:lang="nds"/>
  <isebel:contents>
    <isebel:content xml:lang="nds">in London is dat wäst:
Fru hett läben wullt solang as London stünn. Se is na'n tuurn rinbröcht toletzt, hett alle johr vör eenen dreiling  semmel krägen, denn hett se  fragt: ob London noch stahn ded'. Wenn de lüd denn Ja secht hebben, hett se meent, dat stünn jo wol ewig. Nu heff ik all oft secht in dissen krieg: wenn uns' na England röwerkamen un de tuurn zerstört würd, denn bleew de fru ok noch doot.</isebel:content>
  </isebel:contents>
</isebel:story>