<?xml version='1.0' encoding='UTF-8'?><isebel:story xmlns:isebel="http://www.isebel.eu/ns/isebel" xmlns:dc="http://purl.org/dc/elements/1.1/" xml:id="xmd-s001-000-010-339" xml:lang="deu">
  <dc:identifier>de.wossidia.xmd-s001-000-010-339</dc:identifier>
  <isebel:purl>https://apps.wossidia.de/webapp/run/node/XMD-S001-000-010-339</isebel:purl>
  <dc:title>[10339] Kirche: Licht, Orgelspiel, Musik in Kirche</dc:title>
  <dc:title xml:lang="nds"/>
  <isebel:contents>
    <isebel:content xml:lang="nds">Malchin. 
rektor Bull is doot, dee hett ümmer sungen bi de kirch up 'n Marktplatz. olljohrsabend gähn de lüd wedder hen, se denken, he singt noch. Dor hüren se, dat de örgel ward gahn, paster Meyer hebben se haalt, dee hett 'n churrock antreckt un 'n bok unnern arm, un hett dat wegbröcht. trüggors is he wedder rutkamen.</isebel:content>
  </isebel:contents>
</isebel:story>