<?xml version='1.0' encoding='UTF-8'?><isebel:story xmlns:isebel="http://www.isebel.eu/ns/isebel" xmlns:dc="http://purl.org/dc/elements/1.1/" xml:id="xmd-s001-000-001-108" xml:lang="deu">
  <dc:identifier>de.wossidia.xmd-s001-000-001-108</dc:identifier>
  <isebel:purl>https://apps.wossidia.de/webapp/run/node/XMD-S001-000-001-108</isebel:purl>
  <dc:title>[1108] Frevelsagen</dc:title>
  <dc:title xml:lang="deu"/>
  <isebel:contents>
    <isebel:content xml:lang="deu">der ewige jude hat stets 3 sechslige bei sich geführt von denen er immer ausgegeben und doch nie ganz des geldes baar geworden ist.</isebel:content>
  </isebel:contents>
  <isebel:places>
    <isebel:place id="10105">
      <dc:title>Sülze</dc:title>
      <isebel:point>
        <datacite:pointLatitude xmlns:datacite="http://datacite.org/schema/kernel-4">54.11018</datacite:pointLatitude>
        <datacite:pointLongitude xmlns:datacite="http://datacite.org/schema/kernel-4">12.66056</datacite:pointLongitude>
      </isebel:point>
      <isebel:role>narration</isebel:role>
    </isebel:place>
  </isebel:places>
  <isebel:persons>
    <isebel:person id="10001520">
      <isebel:name>H. Dunze</isebel:name>
      <isebel:role>contributor</isebel:role>
      <isebel:profession>Lehrer</isebel:profession>
    </isebel:person>
  </isebel:persons>
</isebel:story>