<?xml version='1.0' encoding='UTF-8'?><isebel:story xmlns:isebel="http://www.isebel.eu/ns/isebel" xmlns:dc="http://purl.org/dc/elements/1.1/" xml:id="xmd-s001-000-004-513" xml:lang="deu">
  <dc:identifier>de.wossidia.xmd-s001-000-004-513</dc:identifier>
  <isebel:purl>https://apps.wossidia.de/webapp/run/node/XMD-S001-000-004-513</isebel:purl>
  <dc:title>[4513] Gälknoeker: Spukt unter Brücke</dc:title>
  <dc:title xml:lang="nds"/>
  <isebel:contents>
    <isebel:content xml:lang="nds">Ünner de Brüch hett he säten, (ms: vullschäten? -- Ja.) dor hett he hausiert un in den Gbarg.*, in'n Heibarg is he nich wäst.

* Gälknoekerbarg.</isebel:content>
  </isebel:contents>
</isebel:story>