<?xml version='1.0' encoding='UTF-8'?><isebel:story xmlns:isebel="http://www.isebel.eu/ns/isebel" xmlns:dc="http://purl.org/dc/elements/1.1/" xml:id="xmd-s001-000-003-028" xml:lang="deu">
  <dc:identifier>de.wossidia.xmd-s001-000-003-028</dc:identifier>
  <isebel:purl>https://apps.wossidia.de/webapp/run/node/XMD-S001-000-003-028</isebel:purl>
  <dc:title>[3028] Entheiligung des Feiertages</dc:title>
  <dc:title xml:lang="deu"/>
  <isebel:contents>
    <isebel:content xml:lang="deu">In Döbbersen (einem Dorfe bei Wittenburg) ist einmal ein Pastor gewesen, der immer sich selbst begegnete. Ihm wurde schon sehr bange darüber und bat einen anderen Pastor, ihn von diesem Übel zu befreien. Dieser liest denn auch den Bösen herauf und auf Befragen antwortet dieser, dass an seinem Beffchen am Sonntag-Vormittag während der Predigt genäht worden sei. Da benutzte er dieses nicht wieder und von der Zeit an ist er niemals wieder sich selbst begegnet.</isebel:content>
  </isebel:contents>
</isebel:story>