<?xml version='1.0' encoding='UTF-8'?><isebel:story xmlns:isebel="http://www.isebel.eu/ns/isebel" xmlns:dc="http://purl.org/dc/elements/1.1/" xml:id="xmd-s001-000-003-985" xml:lang="deu">
  <dc:identifier>de.wossidia.xmd-s001-000-003-985</dc:identifier>
  <isebel:purl>https://apps.wossidia.de/webapp/run/node/XMD-S001-000-003-985</isebel:purl>
  <dc:title>[3985] Wohnsitz Gälknockerberg</dc:title>
  <dc:title xml:lang="nds"/>
  <isebel:contents>
    <isebel:content xml:lang="nds">(Ego: cur ?)
He is gellerich wäst. Heut 'ne Höhl in hatt in'n Gälknoekerbarg. Hett de Lüd' anfaat't. He hett dor Tunnen in hatt in den barg, dor hett he dat Fleesch insolt't, wat he weghaalt hett.</isebel:content>
  </isebel:contents>
</isebel:story>