<?xml version='1.0' encoding='UTF-8'?><isebel:story xmlns:isebel="http://www.isebel.eu/ns/isebel" xmlns:dc="http://purl.org/dc/elements/1.1/" xml:id="xmd-s001-000-001-240" xml:lang="deu">
  <dc:identifier>de.wossidia.xmd-s001-000-001-240</dc:identifier>
  <isebel:purl>https://apps.wossidia.de/webapp/run/node/XMD-S001-000-001-240</isebel:purl>
  <dc:title>[1240] ewig leben</dc:title>
  <dc:title xml:lang="nds"/>
  <isebel:contents>
    <isebel:content xml:lang="nds">in London is 't wäst     Johannis middag     läwt London  schöne stadt wo Schöne  (Grete?)  ums ewig  leben bat.</isebel:content>
  </isebel:contents>
  <isebel:places>
    <isebel:place id="20469">
      <dc:title>Wustrow</dc:title>
      <isebel:role>narration</isebel:role>
    </isebel:place>
    <isebel:place id="20979">
      <dc:title>London</dc:title>
      <dc:title>Londinium</dc:title>
      <dc:title>Plowonida</dc:title>
      <isebel:role>action</isebel:role>
    </isebel:place>
  </isebel:places>
  <isebel:persons>
    <isebel:person id="10004630">
      <isebel:name>Möller</isebel:name>
      <isebel:gender>Frau</isebel:gender>
      <isebel:role>narrator</isebel:role>
    </isebel:person>
  </isebel:persons>
  <isebel:events>
    <isebel:event id="990011529">
      <isebel:date>1909-02-01</isebel:date>
      <isebel:role>narration</isebel:role>
    </isebel:event>
  </isebel:events>
  <isebel:keywords>
    <isebel:keyword xml:lang="nds" id="XMD-M030-000-032-303">Johannismiddag</isebel:keyword>
  </isebel:keywords>
</isebel:story>