<?xml version='1.0' encoding='UTF-8'?><isebel:story xmlns:isebel="http://www.isebel.eu/ns/isebel" xmlns:dc="http://purl.org/dc/elements/1.1/" xml:id="xmd-s001-000-004-723" xml:lang="deu">
  <dc:identifier>de.wossidia.xmd-s001-000-004-723</dc:identifier>
  <isebel:purl>https://apps.wossidia.de/webapp/run/node/XMD-S001-000-004-723</isebel:purl>
  <dc:title>[4723] Schäfer</dc:title>
  <dc:title xml:lang="nds"/>
  <isebel:contents>
    <isebel:content xml:lang="nds">Ein Herr fragt seinen Schäfer:
"Na Jehann, wuavel Piep'n rökst du denn eigentlich denn dag äwer?"
"O, Herr, Vömmerdags son Pipere elben un Namerdags geiht immer Pipere vor Piep."</isebel:content>
  </isebel:contents>
</isebel:story>