<?xml version='1.0' encoding='UTF-8'?><isebel:story xmlns:isebel="http://www.isebel.eu/ns/isebel" xmlns:dc="http://purl.org/dc/elements/1.1/" xml:id="xmd-s001-000-005-819" xml:lang="deu">
  <dc:identifier>de.wossidia.xmd-s001-000-005-819</dc:identifier>
  <isebel:purl>https://apps.wossidia.de/webapp/run/node/XMD-S001-000-005-819</isebel:purl>
  <dc:title>[5819] Untergang einer Kirche in Vielank</dc:title>
  <dc:title xml:lang="deu"/>
  <isebel:contents>
    <isebel:content xml:lang="deu">Vielank soll an anderer Stelle gelegen haben, bei den Renns' Dannen am Rande, auf Baak's Erbstelle Swerin ist eine Vertiefung, in diesem Wasserloch soll die Kirche vom alten Vielank versunken sein.</isebel:content>
  </isebel:contents>
</isebel:story>