<?xml version='1.0' encoding='UTF-8'?><isebel:story xmlns:isebel="http://www.isebel.eu/ns/isebel" xmlns:dc="http://purl.org/dc/elements/1.1/" xml:id="xmd-s001-000-002-837" xml:lang="deu">
  <dc:identifier>de.wossidia.xmd-s001-000-002-837</dc:identifier>
  <isebel:purl>https://apps.wossidia.de/webapp/run/node/XMD-S001-000-002-837</isebel:purl>
  <dc:title>[2837] Tod vorher wissen</dc:title>
  <dc:title xml:lang="deu"/>
  <isebel:contents>
    <isebel:content xml:lang="deu">Frau sieht bei Trauung durch Kirchen schlüsselloch — sagt vorher, Mann werde bald wieder heiraten, 2. Frau werde grösser sein.</isebel:content>
  </isebel:contents>
</isebel:story>