<?xml version='1.0' encoding='UTF-8'?><isebel:story xmlns:isebel="http://www.isebel.eu/ns/isebel" xmlns:dc="http://purl.org/dc/elements/1.1/" xml:id="xmd-s001-000-001-497" xml:lang="deu">
  <dc:identifier>de.wossidia.xmd-s001-000-001-497</dc:identifier>
  <isebel:purl>https://apps.wossidia.de/webapp/run/node/XMD-S001-000-001-497</isebel:purl>
  <dc:title>[1497] Ritt auf dem Besenstiel</dc:title>
  <dc:title xml:lang="nds"/>
  <dc:title xml:lang="deu"/>
  <isebel:contents>
    <isebel:content xml:lang="nds">Weck riden up´n besenstäl
weck up abenschüwer
so riden se all rut ut´n dörp

Severin Baumgarten 03.10.1917</isebel:content>
    <isebel:content xml:lang="deu">Weg reiten sie auf einem Besenstiel
Weg auf einem Ofenschieber
So reiten sie alle aus dem Dorf raus.

Severin Baumgarten 03.11.1917</isebel:content>
  </isebel:contents>
  <isebel:persons>
    <isebel:person id="10008335">
      <isebel:name>Heinz Severin</isebel:name>
      <isebel:gender>Herr</isebel:gender>
      <isebel:role>contributor</isebel:role>
    </isebel:person>
  </isebel:persons>
  <isebel:events>
    <isebel:event id="990011167">
      <isebel:date>1917-10-03</isebel:date>
      <isebel:role>narration</isebel:role>
    </isebel:event>
  </isebel:events>
  <isebel:keywords>
    <isebel:keyword id="XMD-M030-000-001-818">Aben</isebel:keyword>
    <isebel:keyword id="XMD-M030-000-031-484">Besenstiel</isebel:keyword>
  </isebel:keywords>
</isebel:story>