<?xml version='1.0' encoding='UTF-8'?><isebel:story xmlns:isebel="http://www.isebel.eu/ns/isebel" xmlns:dc="http://purl.org/dc/elements/1.1/" xml:id="xmd-s001-000-005-098" xml:lang="deu">
  <dc:identifier>de.wossidia.xmd-s001-000-005-098</dc:identifier>
  <isebel:purl>https://apps.wossidia.de/webapp/run/node/XMD-S001-000-005-098</isebel:purl>
  <dc:title>[5098] Scheidengänger</dc:title>
  <dc:title xml:lang="nds"/>
  <isebel:contents>
    <isebel:content xml:lang="nds">Up 'n Blankhg.1) fell sall ümmer een ropen hebben: Wo soll ich ihn hinlegen? Se hebben jo stück üm stück hatt // he hett de grenzsteen bettosett't. Toletzt hett he so dull ropen, dor passiert 'n minsch: lege du ihn hin, wo du ihn weggen.2). hett den steen drägen müsst in sien ewigkeit. 

1) Blankenhagener.
2) weggenommen.</isebel:content>
  </isebel:contents>
  <isebel:places>
    <isebel:place id="912">
      <dc:title>Gresenhorst</dc:title>
      <isebel:point>
        <datacite:pointLatitude xmlns:datacite="http://datacite.org/schema/kernel-4">54.15101</datacite:pointLatitude>
        <datacite:pointLongitude xmlns:datacite="http://datacite.org/schema/kernel-4">12.42667</datacite:pointLongitude>
      </isebel:point>
      <isebel:role>narration</isebel:role>
    </isebel:place>
    <isebel:place id="12665">
      <dc:title>Blankenhagen</dc:title>
      <isebel:point>
        <datacite:pointLatitude xmlns:datacite="http://datacite.org/schema/kernel-4">54.16933</datacite:pointLatitude>
        <datacite:pointLongitude xmlns:datacite="http://datacite.org/schema/kernel-4">12.34194</datacite:pointLongitude>
      </isebel:point>
      <isebel:role>action</isebel:role>
    </isebel:place>
  </isebel:places>
  <isebel:persons>
    <isebel:person id="10005774">
      <isebel:name>Schäning</isebel:name>
      <isebel:gender>Herr</isebel:gender>
      <isebel:role>narrator</isebel:role>
      <isebel:profession>Büdner</isebel:profession>
    </isebel:person>
  </isebel:persons>
  <isebel:events>
    <isebel:event id="990011194">
      <isebel:date>1920-08-01</isebel:date>
      <isebel:role>narration</isebel:role>
    </isebel:event>
  </isebel:events>
</isebel:story>