<?xml version='1.0' encoding='UTF-8'?><isebel:story xmlns:isebel="http://www.isebel.eu/ns/isebel" xmlns:dc="http://purl.org/dc/elements/1.1/" xml:id="xmd-s001-000-009-689" xml:lang="deu">
  <dc:identifier>de.wossidia.xmd-s001-000-009-689</dc:identifier>
  <isebel:purl>https://apps.wossidia.de/webapp/run/node/XMD-S001-000-009-689</isebel:purl>
  <dc:title>[9689] Musik / Geräusche im Berg</dc:title>
  <dc:title xml:lang="deu"/>
  <isebel:contents>
    <isebel:content xml:lang="deu">inn bäukenbrummbarg in Bolz soll es immer brummen.</isebel:content>
  </isebel:contents>
</isebel:story>