<?xml version='1.0' encoding='UTF-8'?><isebel:story xmlns:isebel="http://www.isebel.eu/ns/isebel" xmlns:dc="http://purl.org/dc/elements/1.1/" xml:id="xmd-s001-000-009-201" xml:lang="deu">
  <dc:identifier>de.wossidia.xmd-s001-000-009-201</dc:identifier>
  <isebel:purl>https://apps.wossidia.de/webapp/run/node/XMD-S001-000-009-201</isebel:purl>
  <dc:title>[9201] Kirchenbau: Bau aufgrund von Gelübde</dc:title>
  <dc:title xml:lang="nds"/>
  <isebel:contents>
    <isebel:content xml:lang="nds">2 fräuleins bi Parkentin // wo se anstrannen deden, wullen se ne kirch bugen.</isebel:content>
  </isebel:contents>
</isebel:story>