<?xml version='1.0' encoding='UTF-8'?><isebel:story xmlns:isebel="http://www.isebel.eu/ns/isebel" xmlns:dc="http://purl.org/dc/elements/1.1/" xml:id="xmd-s001-000-000-926" xml:lang="deu">
  <dc:identifier>de.wossidia.xmd-s001-000-000-926</dc:identifier>
  <isebel:purl>https://apps.wossidia.de/webapp/run/node/XMD-S001-000-000-926</isebel:purl>
  <dc:title>[926] Frevel Gewitter</dc:title>
  <dc:title xml:lang="nds"/>
  <isebel:contents>
    <isebel:content xml:lang="nds">In Ballwitz.
Min vadder is in de smäd wäst mit enen werkgesellen. He hett vörslagen.
Is grad 'n stark gewitter. Min vadder deit 'n fählslag un sleit dat
stück isen tonicht un will dat bi siet smieten. Dor röppt de gesell,
himmelhund zerschlage mich. dor is 'n blitz dalslahn, de gesell is furts doot wäst, hett hinnern ambos lägen as ne pogg.</isebel:content>
  </isebel:contents>
  <isebel:places>
    <isebel:place id="234">
      <dc:title>Blankensee</dc:title>
      <isebel:point>
        <datacite:pointLatitude xmlns:datacite="http://datacite.org/schema/kernel-4">53.40601</datacite:pointLatitude>
        <datacite:pointLongitude xmlns:datacite="http://datacite.org/schema/kernel-4">13.26476</datacite:pointLongitude>
      </isebel:point>
      <isebel:role>narration</isebel:role>
    </isebel:place>
  </isebel:places>
  <isebel:persons>
    <isebel:person id="10002301">
      <isebel:name>Gundlach</isebel:name>
      <isebel:gender>Herr</isebel:gender>
      <isebel:role>narrator</isebel:role>
      <isebel:profession>Nachtwächter</isebel:profession>
    </isebel:person>
  </isebel:persons>
</isebel:story>