<?xml version='1.0' encoding='UTF-8'?><isebel:story xmlns:isebel="http://www.isebel.eu/ns/isebel" xmlns:dc="http://purl.org/dc/elements/1.1/" xml:id="xmd-s001-000-008-920" xml:lang="deu">
  <dc:identifier>de.wossidia.xmd-s001-000-008-920</dc:identifier>
  <isebel:purl>https://apps.wossidia.de/webapp/run/node/XMD-S001-000-008-920</isebel:purl>
  <dc:title>[8920] Schatz: Geld brennen</dc:title>
  <dc:title xml:lang="nds"/>
  <isebel:contents>
    <isebel:content xml:lang="nds">Prillwitz: 
Up'n Bacherswall Joh. M.&lt;ref> Johanni Middag&lt;/ref>. 

Original nicht auffindbar.</isebel:content>
  </isebel:contents>
</isebel:story>