<?xml version='1.0' encoding='UTF-8'?><isebel:story xmlns:isebel="http://www.isebel.eu/ns/isebel" xmlns:dc="http://purl.org/dc/elements/1.1/" xml:id="xmd-s001-000-006-344" xml:lang="deu">
  <dc:identifier>de.wossidia.xmd-s001-000-006-344</dc:identifier>
  <isebel:purl>https://apps.wossidia.de/webapp/run/node/XMD-S001-000-006-344</isebel:purl>
  <dc:title>[6344] Schweden</dc:title>
  <dc:title xml:lang="nds"/>
  <isebel:contents>
    <isebel:content xml:lang="nds">General Funk hett up den Funkenbarg (in Hohenzieritz) lägen, as de Sweden hier wäst sünt. Funk un Till hebben sik beid kämpftt; Till is em to nah kamen. Dor is F.1) wedder utrückt. 

(cf. Rethra sagen.) 
1) Funk.</isebel:content>
  </isebel:contents>
</isebel:story>