<?xml version='1.0' encoding='UTF-8'?><isebel:story xmlns:isebel="http://www.isebel.eu/ns/isebel" xmlns:dc="http://purl.org/dc/elements/1.1/" xml:id="xmd-s001-000-009-034" xml:lang="deu">
  <dc:identifier>de.wossidia.xmd-s001-000-009-034</dc:identifier>
  <isebel:purl>https://apps.wossidia.de/webapp/run/node/XMD-S001-000-009-034</isebel:purl>
  <dc:title>[9034] Schatz: Geldfeuer bannen durch hineinwerfen</dc:title>
  <dc:title xml:lang="nds"/>
  <isebel:contents>
    <isebel:content xml:lang="nds">Wenn man Geldfüer brennen süht, möt man broot upsmlten. Oder 'n Stück Tüüch etc., öwer keenen Iserkram. Oder süss ok daallangen un mit de Fingern voneen rögen un 'n annern morgen sik dat halen.
Bi wat is 'n Kierl bi, bi wat 'n Hund.</isebel:content>
  </isebel:contents>
</isebel:story>