<?xml version='1.0' encoding='UTF-8'?><isebel:story xmlns:isebel="http://www.isebel.eu/ns/isebel" xmlns:dc="http://purl.org/dc/elements/1.1/" xml:id="xmd-s001-000-002-419" xml:lang="deu">
  <dc:identifier>de.wossidia.xmd-s001-000-002-419</dc:identifier>
  <isebel:purl>https://apps.wossidia.de/webapp/run/node/XMD-S001-000-002-419</isebel:purl>
  <dc:title>[2419] 30-jähriger Krieg</dc:title>
  <dc:title xml:lang="nds"/>
  <isebel:contents>
    <isebel:content xml:lang="nds">Vadder vertellte von 30 j. Krieg.in Laupin is alles verwuest't dat een Huus is stahn bläben (dat steiht noch) dor is de Hund in bläben. As de Krieg to End is un de Buer wedder trüggkümmt, kümmt grote Haud Hunn' up em los un will em gripen. He röppt, oh Murrjahn, kumm doch her: dor hett de Hund em kennt un sik freut. Dat Huus is so dull verfallen, 'n Flederbomm hett ut'n Dack rutwussen.
ss (sua sponte)</isebel:content>
  </isebel:contents>
</isebel:story>