<?xml version='1.0' encoding='UTF-8'?><isebel:story xmlns:isebel="http://www.isebel.eu/ns/isebel" xmlns:dc="http://purl.org/dc/elements/1.1/" xml:id="xmd-s001-000-007-851" xml:lang="deu">
  <dc:identifier>de.wossidia.xmd-s001-000-007-851</dc:identifier>
  <isebel:purl>https://apps.wossidia.de/webapp/run/node/XMD-S001-000-007-851</isebel:purl>
  <dc:title>[7851] Schnur über Weg / Glocke</dc:title>
  <dc:title xml:lang="nds"/>
  <isebel:contents>
    <isebel:content xml:lang="nds">to Suckow sall 'ne klingel wäst sin öwer'n weg. (frachten von Banschow, bi'n früheren krog: erbp.1) Kobis?) 

1) erbpächter</isebel:content>
  </isebel:contents>
</isebel:story>