<?xml version='1.0' encoding='UTF-8'?><isebel:story xmlns:isebel="http://www.isebel.eu/ns/isebel" xmlns:dc="http://purl.org/dc/elements/1.1/" xml:id="xmd-s001-000-006-461" xml:lang="deu">
  <dc:identifier>de.wossidia.xmd-s001-000-006-461</dc:identifier>
  <isebel:purl>https://apps.wossidia.de/webapp/run/node/XMD-S001-000-006-461</isebel:purl>
  <dc:title>[6461] 1866</dc:title>
  <dc:title xml:lang="nds"/>
  <isebel:contents>
    <isebel:content xml:lang="nds">as 1846/8 de Österreicher hier wiren (na Holstein hen), hebben se de stadt Ramm uppe koort hatt.</isebel:content>
  </isebel:contents>
  <isebel:places>
    <isebel:place id="1737">
      <dc:title>Lübtheen</dc:title>
      <isebel:point>
        <datacite:pointLatitude xmlns:datacite="http://datacite.org/schema/kernel-4">53.30236</datacite:pointLatitude>
        <datacite:pointLongitude xmlns:datacite="http://datacite.org/schema/kernel-4">11.08338</datacite:pointLongitude>
      </isebel:point>
      <isebel:role>narration</isebel:role>
    </isebel:place>
  </isebel:places>
  <isebel:events>
    <isebel:event id="990011018">
      <isebel:date>1911-08-01</isebel:date>
      <isebel:role>narration</isebel:role>
    </isebel:event>
  </isebel:events>
</isebel:story>