<?xml version='1.0' encoding='UTF-8'?><isebel:story xmlns:isebel="http://www.isebel.eu/ns/isebel" xmlns:dc="http://purl.org/dc/elements/1.1/" xml:id="xmd-s001-000-007-193" xml:lang="deu">
  <dc:identifier>de.wossidia.xmd-s001-000-007-193</dc:identifier>
  <isebel:purl>https://apps.wossidia.de/webapp/run/node/XMD-S001-000-007-193</isebel:purl>
  <dc:title>[7193] lebendig einmauern</dc:title>
  <dc:title xml:lang="deu"/>
  <isebel:contents>
    <isebel:content xml:lang="deu">Den Räuber Uterhart. Vergleiche Sagen Räuber, Uterhart, S dort vollständige Fassung.</isebel:content>
  </isebel:contents>
  <isebel:places>
    <isebel:place id="10109">
      <dc:title>Bartelshagen</dc:title>
      <dc:title>Bartelshagen I</dc:title>
      <isebel:point>
        <datacite:pointLatitude xmlns:datacite="http://datacite.org/schema/kernel-4">54.18406</datacite:pointLatitude>
        <datacite:pointLongitude xmlns:datacite="http://datacite.org/schema/kernel-4">12.43056</datacite:pointLongitude>
      </isebel:point>
      <isebel:role>narration</isebel:role>
    </isebel:place>
  </isebel:places>
  <isebel:persons>
    <isebel:person id="10000941">
      <isebel:name>Sophie Brüdigam</isebel:name>
      <isebel:gender>Frau</isebel:gender>
      <isebel:role>narrator</isebel:role>
    </isebel:person>
  </isebel:persons>
  <isebel:events>
    <isebel:event id="990010469">
      <isebel:date>1912-12-27</isebel:date>
      <isebel:role>narration</isebel:role>
    </isebel:event>
  </isebel:events>
  <isebel:keywords>
    <isebel:keyword id="XMD-M030-000-001-609">Räuber</isebel:keyword>
    <isebel:keyword id="XMD-M030-000-004-321">eingemauert</isebel:keyword>
    <isebel:keyword id="XMD-M030-000-010-748">Uterhard</isebel:keyword>
  </isebel:keywords>
</isebel:story>