<?xml version='1.0' encoding='UTF-8'?><isebel:story xmlns:isebel="http://www.isebel.eu/ns/isebel" xmlns:dc="http://purl.org/dc/elements/1.1/" xml:id="xmd-s001-000-009-451" xml:lang="deu">
  <dc:identifier>de.wossidia.xmd-s001-000-009-451</dc:identifier>
  <isebel:purl>https://apps.wossidia.de/webapp/run/node/XMD-S001-000-009-451</isebel:purl>
  <dc:title>[9451] Mord</dc:title>
  <dc:title xml:lang="nds"/>
  <isebel:contents>
    <isebel:content xml:lang="nds">In Marlow wahnt de oll bäcker Bützow. Dei hard geld an sin sän würd dei tied lang, ihre se stürben. Don makt hei s' dod. Dat is öwer nich rut kamen, äwer hei hett kein rauh hatt. hei verköfft dat un treckt na Wittentit by Sanitz. äwer hei hett den bösen mitnahmen. Dei hett em tauletzt so dull quält, dat hei ümmer den weg wandert is, den hei kamen is. dor begegent em dei geist, un den bidt hei, hei sall 'n end dorvon maken. annern dag finnen sei em mit’n halw blag gesicht up dei landstrat. sin sünden sünd doch tau grot wäst.</isebel:content>
  </isebel:contents>
</isebel:story>