<?xml version='1.0' encoding='UTF-8'?><isebel:story xmlns:isebel="http://www.isebel.eu/ns/isebel" xmlns:dc="http://purl.org/dc/elements/1.1/" xml:id="xmd-s001-000-005-301" xml:lang="deu">
  <dc:identifier>de.wossidia.xmd-s001-000-005-301</dc:identifier>
  <isebel:purl>https://apps.wossidia.de/webapp/run/node/XMD-S001-000-005-301</isebel:purl>
  <dc:title>[5301] Lehrjunge</dc:title>
  <dc:title xml:lang="nds"/>
  <isebel:contents>
    <isebel:content xml:lang="nds">wo is dat noch an wecker kirch, in de Rostocker gegend heff ik 't vertellen hüürt. laten sik klocken maken un de meister kann dat nich dörchsehn mit de klock, se hett keenen klang, de lihrjung hett dat makt, he sleit em doot ..... se führen de klock hen na de kirch. as se gegen den see kamen, föllt de klock daal von'n wagen un trünnelt rin na den see. se koenen se nich wedder rutkrigen. jedes johr, wenn de dag kümmt, wo de lihrjung doot makt is, röppt de klock: schaad' is, ........., dat de lihrjung doot is.</isebel:content>
  </isebel:contents>
</isebel:story>