<?xml version='1.0' encoding='UTF-8'?><isebel:story xmlns:isebel="http://www.isebel.eu/ns/isebel" xmlns:dc="http://purl.org/dc/elements/1.1/" xml:id="xmd-s001-000-000-205" xml:lang="deu">
  <dc:identifier>de.wossidia.xmd-s001-000-000-205</dc:identifier>
  <isebel:purl>https://apps.wossidia.de/webapp/run/node/XMD-S001-000-000-205</isebel:purl>
  <dc:title>[205] Kette und Ring als Strafe</dc:title>
  <dc:title xml:lang="nds"/>
  <dc:title xml:lang="deu"/>
  <isebel:contents>
    <isebel:content xml:lang="nds">En Eddelmann het Stein släpen müßt, alle Johr hett he weg müßt, hett ʼne Käd üm ʼn Hals dragen (dee is so slicht gegen sien Lüdʼ wäst).

(Erzähler: Inspektor Dettmann, 76 J., Schwaan, Kreis Bützow. Aufzeichner: Wossidlo, 31. 8. 1930)</isebel:content>
    <isebel:content xml:lang="deu">Ein Edelmann hat Steine schleppen müssen. Jedes Jahr hat er weggemusst. Er hat eine Kette um den Hals getragen (der ist so schlecht zu seinen Leuten gewesen).</isebel:content>
  </isebel:contents>
  <isebel:places>
    <isebel:place id="20245">
      <dc:title>Schwaan</dc:title>
      <isebel:role>narration</isebel:role>
    </isebel:place>
  </isebel:places>
  <isebel:persons>
    <isebel:person id="10001411">
      <isebel:name>Dittmann</isebel:name>
      <isebel:role>narrator</isebel:role>
    </isebel:person>
  </isebel:persons>
  <isebel:events>
    <isebel:event id="990010497">
      <isebel:date>1930-08-31</isebel:date>
      <isebel:role>narration</isebel:role>
    </isebel:event>
  </isebel:events>
  <isebel:keywords>
    <isebel:keyword id="XMD-M030-000-000-125">Hals</isebel:keyword>
    <isebel:keyword id="XMD-M030-000-000-782">Edelmann</isebel:keyword>
    <isebel:keyword id="XMD-M030-000-002-501">Stein</isebel:keyword>
    <isebel:keyword id="XMD-M030-000-037-497">Kette</isebel:keyword>
  </isebel:keywords>
</isebel:story>