<?xml version='1.0' encoding='UTF-8'?><isebel:story xmlns:isebel="http://www.isebel.eu/ns/isebel" xmlns:dc="http://purl.org/dc/elements/1.1/" xml:id="xmd-s001-000-007-351" xml:lang="deu">
  <dc:identifier>de.wossidia.xmd-s001-000-007-351</dc:identifier>
  <isebel:purl>https://apps.wossidia.de/webapp/run/node/XMD-S001-000-007-351</isebel:purl>
  <dc:title>[7351] Tote: Wiederkehr</dc:title>
  <dc:title xml:lang="nds"/>
  <isebel:contents>
    <isebel:content xml:lang="nds">In Brütz is de Dochter bi de Öllern wedderkamen un hett seggt, se künn nich liggen, dor wier Water in de Kuul. Dor hebben se nahsehn - dat is würklich so wäst, dor hebben se ne anner Kuul graben, dor hett se Roh hatt.</isebel:content>
  </isebel:contents>
</isebel:story>