<?xml version='1.0' encoding='UTF-8'?><isebel:story xmlns:isebel="http://www.isebel.eu/ns/isebel" xmlns:dc="http://purl.org/dc/elements/1.1/" xml:id="xmd-s001-000-004-492" xml:lang="deu">
  <dc:identifier>de.wossidia.xmd-s001-000-004-492</dc:identifier>
  <isebel:purl>https://apps.wossidia.de/webapp/run/node/XMD-S001-000-004-492</isebel:purl>
  <dc:title>[4492] Gälknoeker: Streiche: nagelt Frauen</dc:title>
  <dc:title xml:lang="nds"/>
  <isebel:contents>
    <isebel:content xml:lang="nds">Dor sünd einst 'n poor Behnkenhäger Frugens nah Blankenhagen nah den'n Koopmann wäst. Sei müßten aewer den'n Heibarg. Dor stött ehr dat so up, wat G.* dor för Schanddaten drähen hett un Undoeg, un sei fangn an, dull aewer em tau schimpen. Don'n kümmt hei rut ut den'n Busch un seggt: "Bringt mi eins för fief Penning Slarpenplüggen, Iesergrus (kleine Nägel) mit". Sei hem'm dat dahn. As sei trüggkemen, luerte hei ehr all up an säd: "Hefft ji mi dat mitbröcht?" Sei geben dei Plüggen. Don'n rep hei: "Na soelt ji juchen verdeinten Lohn hem'm", drückt ehr dei all nahn Noors rin un seggt dun’n: "Schimpt nich wedder up Gälknoeker".

* Gälknoeker</isebel:content>
  </isebel:contents>
</isebel:story>