<?xml version='1.0' encoding='UTF-8'?><isebel:story xmlns:isebel="http://www.isebel.eu/ns/isebel" xmlns:dc="http://purl.org/dc/elements/1.1/" xml:id="xmd-s001-000-000-255" xml:lang="deu">
  <dc:identifier>de.wossidia.xmd-s001-000-000-255</dc:identifier>
  <isebel:purl>https://apps.wossidia.de/webapp/run/node/XMD-S001-000-000-255</isebel:purl>
  <dc:title>[255] Bestrafte Grausamkeit</dc:title>
  <dc:title xml:lang="nds"/>
  <dc:title xml:lang="deu"/>
  <isebel:contents>
    <isebel:content xml:lang="nds">In Viesen wierʼn Timmer, se säden, dat wier rundümto tomuurt. De Eddelfru het ʼn Mäten anʼn Aben verbrennt: Ehr Dienerschaft het jeden Morgen, wenn se upstahn wäst is, rinkamen müßt un ehr Faut un Hännʼ küssen. De een het sik weigert (de is afgeneigt wäst). Dor het se ehr inspunnen, se is zwingt. De Hoffhalter het se mit de Kloppietsch haugen müßt. Se ward an ʼn Aben anbunnen un de Aben ward bött von buten to, se slütt de Dören to. De Diener bringt Ordre: Nu is se doot. Se het dörch de Ruten von Glas dörchkäken. Se wiest de Tähnen. Dor seggt se: „Es muß noch mehr nachgeheizen werden, se lacht jo noch“. Se het dor Blootstriepen von de Pietsch hatt, de sünd an de Wand spritzt, de gahn nich weg (de Saag is jo allgemein). - As eens de Herrschaften nich dor wieren, hebben wi dat mal unnersöcht, wi Wullen tosehn, wovääl Striepen dor wieren. De groten Linnenschränke künnen wi nich regieren. Utkamen sünd wie nich mit ʼt Teilen, de Schränke stahn dor all in enen Ritt.

Erzähler: Alter Seemann Schröder, Wismar, Kreis Wismar; aus Bernitt, Kreis Bützow; Aufzeichner: Wossidlo, 26. 5. 1935.</isebel:content>
    <isebel:content xml:lang="deu">In Viezen war ein Zimmer, die Leute sagten, das sei rundherum zugemauert. Die Edelfrau hat ein Mädchen am Ofen verbrannt. Ihre Dienerschaft hat jeden Morgen, wenn sie aufgestanden gewesen ist, hereinkommen müssen und ihr Füße und Hände küssen. Eine hat sich geweigert (der ist das zuwider gewesen). Da hat sie diese eingesperrt, sie ist gezwungen worden. Der Hofhalter hat sie mit der Klopfpeitsche schlagen müssen. Sie wird an den Ofen gebunden und der Ofen von außen geheizt. Sie [die Edelfrau] schließt die Türen zu. Der Diener bringt die Nachricht: Nun ist sie tot. Die Edelfrau hat durch die Glasfenster geschaut. Das Mädchen bleckt die Zähne. Da sagt sie: „Es muß noch mehr nachgeheizt werden, sie lacht ja noch“. Das Mädchen hat Blutstreifen von der Peitsche gehabt, die sind an die Wand gespritzt, die gehen nicht weg (die Sage ist ja weit verbreitet). Als einmal die Herrschaften nicht da waren, haben wir das mal untersucht. Wir wollten nachsehen, wieviel Streifen da waren. Die großen Leinenschränke konnten wir nicht regieren, richtig nachzählen konnten wir deshalb nicht, die Schränke stehen da alle in einer Reihe dicht nebeneinander.</isebel:content>
  </isebel:contents>
  <isebel:places>
    <isebel:place id="3101">
      <dc:title>Wismar</dc:title>
      <isebel:point>
        <datacite:pointLatitude xmlns:datacite="http://datacite.org/schema/kernel-4">53.89126</datacite:pointLatitude>
        <datacite:pointLongitude xmlns:datacite="http://datacite.org/schema/kernel-4">11.46613</datacite:pointLongitude>
      </isebel:point>
      <isebel:role>narration</isebel:role>
    </isebel:place>
  </isebel:places>
  <isebel:persons>
    <isebel:person id="10006178">
      <isebel:name>Schröder</isebel:name>
      <isebel:gender>Herr</isebel:gender>
      <isebel:role>narrator</isebel:role>
      <isebel:profession>Seemann</isebel:profession>
      <isebel:livingPlace id="210">
        <dc:title>Bernitt</dc:title>
        <isebel:point>
          <datacite:pointLatitude xmlns:datacite="http://datacite.org/schema/kernel-4">53.90239</datacite:pointLatitude>
          <datacite:pointLongitude xmlns:datacite="http://datacite.org/schema/kernel-4">11.89251</datacite:pointLongitude>
        </isebel:point>
      </isebel:livingPlace>
    </isebel:person>
    <isebel:person id="10000000">
      <isebel:name>_UNBEKANNT</isebel:name>
      <isebel:role>actor</isebel:role>
      <isebel:profession>Frau (Warnemünde)</isebel:profession>
    </isebel:person>
  </isebel:persons>
  <isebel:events>
    <isebel:event id="990011393">
      <isebel:date>1935-02-26</isebel:date>
      <isebel:role>narration</isebel:role>
    </isebel:event>
  </isebel:events>
  <isebel:keywords>
    <isebel:keyword id="XMD-M030-000-000-128">Hand</isebel:keyword>
    <isebel:keyword id="XMD-M030-000-001-818">Aben</isebel:keyword>
    <isebel:keyword id="XMD-M030-000-002-476">Diener</isebel:keyword>
    <isebel:keyword id="XMD-M030-000-003-599">Blutstropfen</isebel:keyword>
    <isebel:keyword id="XMD-M030-000-005-769">hauen</isebel:keyword>
    <isebel:keyword id="XMD-M030-000-007-133">küssen</isebel:keyword>
    <isebel:keyword id="XMD-M030-000-010-804">verbrennen</isebel:keyword>
    <isebel:keyword id="XMD-M030-000-011-815">zwingen</isebel:keyword>
    <isebel:keyword id="XMD-M030-000-011-957">Edelfrau</isebel:keyword>
    <isebel:keyword id="XMD-M030-000-029-706">weigern</isebel:keyword>
    <isebel:keyword id="XMD-M030-000-032-869">peitschen</isebel:keyword>
    <isebel:keyword id="XMD-M030-000-033-626">Gräfin</isebel:keyword>
    <isebel:keyword id="XMD-M030-000-041-098">einheizen</isebel:keyword>
    <isebel:keyword id="XMD-M030-000-043-922">festbinden</isebel:keyword>
    <isebel:keyword id="XMD-M030-000-047-448">Frau</isebel:keyword>
  </isebel:keywords>
</isebel:story>