<?xml version='1.0' encoding='UTF-8'?><isebel:story xmlns:isebel="http://www.isebel.eu/ns/isebel" xmlns:dc="http://purl.org/dc/elements/1.1/" xml:id="xmd-s001-000-005-486" xml:lang="deu">
  <dc:identifier>de.wossidia.xmd-s001-000-005-486</dc:identifier>
  <isebel:purl>https://apps.wossidia.de/webapp/run/node/XMD-S001-000-005-486</isebel:purl>
  <dc:title>[5486] Kampf der Toten</dc:title>
  <dc:title xml:lang="nds"/>
  <isebel:contents>
    <isebel:content xml:lang="nds">De Boitiner paster hett lüd' to ruh bringen künnt. (nomen nescit, de lihrer hett Noetboom heeten). min Großmudder hett deent bi den paster. Bi den sünd de lüd' kamen, dor wier ümmer so'n termult in de Boitiner kirch, he hett sik den lihrer tohaalt, se sünd beid' mit ne lücht hengahn na de kirch. Dat soelen twee kriegsherren wäst sien, dee hebben een up't anner begraben worden, un dee hebben noch ümmer fecht't. hett jeder sinen platz alleen behaupten wullt.</isebel:content>
  </isebel:contents>
</isebel:story>