<?xml version='1.0' encoding='UTF-8'?><isebel:story xmlns:isebel="http://www.isebel.eu/ns/isebel" xmlns:dc="http://purl.org/dc/elements/1.1/" xml:id="xmd-s001-000-009-619" xml:lang="deu">
  <dc:identifier>de.wossidia.xmd-s001-000-009-619</dc:identifier>
  <isebel:purl>https://apps.wossidia.de/webapp/run/node/XMD-S001-000-009-619</isebel:purl>
  <dc:title>[9619] Tote: Wiederkehr / Totenhemd</dc:title>
  <dc:title xml:lang="nds"/>
  <isebel:contents>
    <isebel:content xml:lang="nds">Hett en Arm fählt (se hebben nich mihr Linnen hatt grad). Se hebben dat farig neihgt un up Disch henlecht // dat hett de Dod' sik afhaalt.</isebel:content>
  </isebel:contents>
</isebel:story>