<?xml version='1.0' encoding='UTF-8'?><isebel:story xmlns:isebel="http://www.isebel.eu/ns/isebel" xmlns:dc="http://purl.org/dc/elements/1.1/" xml:id="xmd-s001-000-009-720" xml:lang="deu">
  <dc:identifier>de.wossidia.xmd-s001-000-009-720</dc:identifier>
  <isebel:purl>https://apps.wossidia.de/webapp/run/node/XMD-S001-000-009-720</isebel:purl>
  <dc:title>[9720] Gotteslästerung / keine Ruhe</dc:title>
  <dc:title xml:lang="deu"/>
  <isebel:contents>
    <isebel:content xml:lang="deu">Zur Strafe ward ein Bauer verurteilt, nächtlich als Feuerkugel über die Insel zu wandern zur Strafe dafür, dass er auf das "Gott segne es" eines von ihm beschenkten Bettlers ein barsches "Gottes Segen brauch' ich nicht" geantwortet hatte.- Aus Wismar heimkehrenden Männern, die die Brücke bei Strömkendorf in der Dunkelheit nicht finden konnten, ward einmal die Leuchte zum Wegweiser. "Gott segne es", so dankte einer der beiden. "Dor heww ick lang' up luert", antwortete eine dumpfe Stimme. Seit der Zeit hat der Geist Ruhe.</isebel:content>
  </isebel:contents>
</isebel:story>