<?xml version='1.0' encoding='UTF-8'?><isebel:story xmlns:isebel="http://www.isebel.eu/ns/isebel" xmlns:dc="http://purl.org/dc/elements/1.1/" xml:id="xmd-s001-000-007-341" xml:lang="deu">
  <dc:identifier>de.wossidia.xmd-s001-000-007-341</dc:identifier>
  <isebel:purl>https://apps.wossidia.de/webapp/run/node/XMD-S001-000-007-341</isebel:purl>
  <dc:title>[7341] Ankershagen Bradenkierl</dc:title>
  <dc:title xml:lang="deu"/>
  <isebel:contents>
    <isebel:content xml:lang="deu">Als das Sündenmaß eines Raubritters in Ankershagen voll war, erfasste ihn in seiner Stube der Teufel, um mit ihm zum Fenster hinauszufahren. Dabei aber stieß der Kopf des Ritters gegen die Wand, wodurch ein großer Blutfleck an derselben entstand, der weder durch Abkratzen noch Übertünchen und sonst etwas zu vertreiben war. Da kam einmal ein Scharfrichter auf den Hof und hörte von dem roten Fleck. Er erbot sich ihn gegen eine angemessene Belohnung zu entfernen, die ihm auch zugesichert wurde. Es gelang ihm wiklich, den Fleck aus der Stube zu vertreiben, dagegen zeigte er sich auf der Außenseite der Wand, wo er jetzt noch zu sehen sein soll.</isebel:content>
  </isebel:contents>
</isebel:story>