<?xml version='1.0' encoding='UTF-8'?><isebel:story xmlns:isebel="http://www.isebel.eu/ns/isebel" xmlns:dc="http://purl.org/dc/elements/1.1/" xml:id="xmd-s001-000-007-467" xml:lang="deu">
  <dc:identifier>de.wossidia.xmd-s001-000-007-467</dc:identifier>
  <isebel:purl>https://apps.wossidia.de/webapp/run/node/XMD-S001-000-007-467</isebel:purl>
  <dc:title>[7467] Räuber / hausen</dc:title>
  <dc:title xml:lang="nds"/>
  <isebel:contents>
    <isebel:content xml:lang="nds">in de Kühlung süllen räubers hausen, säden se.</isebel:content>
  </isebel:contents>
</isebel:story>