<?xml version='1.0' encoding='UTF-8'?><isebel:story xmlns:isebel="http://www.isebel.eu/ns/isebel" xmlns:dc="http://purl.org/dc/elements/1.1/" xml:id="xmd-s001-000-008-513" xml:lang="deu">
  <dc:identifier>de.wossidia.xmd-s001-000-008-513</dc:identifier>
  <isebel:purl>https://apps.wossidia.de/webapp/run/node/XMD-S001-000-008-513</isebel:purl>
  <dc:title>[8513] Tote: Wiederkehr</dc:title>
  <dc:title xml:lang="nds"/>
  <isebel:contents>
    <isebel:content xml:lang="nds">Frau in Pinnow is steen nich sett't // as swart hohn inn plummboom // ruft X zu, solle kommen. // als stein gesetzt // nicht wieder.</isebel:content>
  </isebel:contents>
</isebel:story>