<?xml version='1.0' encoding='UTF-8'?><isebel:story xmlns:isebel="http://www.isebel.eu/ns/isebel" xmlns:dc="http://purl.org/dc/elements/1.1/" xml:id="xmd-s001-000-007-080" xml:lang="deu">
  <dc:identifier>de.wossidia.xmd-s001-000-007-080</dc:identifier>
  <isebel:purl>https://apps.wossidia.de/webapp/run/node/XMD-S001-000-007-080</isebel:purl>
  <dc:title>[7080] Glocken in Picher</dc:title>
  <dc:title xml:lang="nds"/>
  <isebel:contents>
    <isebel:content xml:lang="nds">De Picherschen klocken soelen up'n klockenbarg (in Picher) gaten sien.</isebel:content>
  </isebel:contents>
</isebel:story>