<?xml version='1.0' encoding='UTF-8'?><isebel:story xmlns:isebel="http://www.isebel.eu/ns/isebel" xmlns:dc="http://purl.org/dc/elements/1.1/" xml:id="xmd-s001-000-007-399" xml:lang="deu">
  <dc:identifier>de.wossidia.xmd-s001-000-007-399</dc:identifier>
  <isebel:purl>https://apps.wossidia.de/webapp/run/node/XMD-S001-000-007-399</isebel:purl>
  <dc:title>[7399] Weggesackt</dc:title>
  <dc:title xml:lang="nds"/>
  <isebel:contents>
    <isebel:content xml:lang="nds">Älend ist eine Wiese (am Holz) 60-70 Ruten groß, rechteckig (dicht über Brücke), Acker, wo uns' Waterquell is bi'n Bahnübergang:
Bornbarg, das heisst auch auf der Walkmühle. Da hat Walkmühle gestanden auf dem Älend. -- Dee Walkmoehl is eenes Morgens spurlos
rinsackt in de Ier.</isebel:content>
  </isebel:contents>
</isebel:story>