<?xml version='1.0' encoding='UTF-8'?><isebel:story xmlns:isebel="http://www.isebel.eu/ns/isebel" xmlns:dc="http://purl.org/dc/elements/1.1/" xml:id="xmd-s001-000-009-462" xml:lang="deu">
  <dc:identifier>de.wossidia.xmd-s001-000-009-462</dc:identifier>
  <isebel:purl>https://apps.wossidia.de/webapp/run/node/XMD-S001-000-009-462</isebel:purl>
  <dc:title>[9462] Totenmesse</dc:title>
  <dc:title xml:lang="nds"/>
  <isebel:contents>
    <isebel:content xml:lang="nds">Hier in uns' Kirch (is jo eegentlich 'ne Katholiksch Kirch) soelen de Geisters nachts sungen hebben un Licht in wäst. Wahnt ne Fru an de Kirch, sagt "Haremein, de Kirch is all angahn", ehr Nawersfru is vor körte Tiet storben, stött ehr an, se sall rutgahn. Löppt weg, ward Sterbens krank, starwt gliek dorup.</isebel:content>
  </isebel:contents>
</isebel:story>