<?xml version='1.0' encoding='UTF-8'?><isebel:story xmlns:isebel="http://www.isebel.eu/ns/isebel" xmlns:dc="http://purl.org/dc/elements/1.1/" xml:id="xmd-s001-000-010-126" xml:lang="deu">
  <dc:identifier>de.wossidia.xmd-s001-000-010-126</dc:identifier>
  <isebel:purl>https://apps.wossidia.de/webapp/run/node/XMD-S001-000-010-126</isebel:purl>
  <dc:title>[10126] Wert des Schatzes</dc:title>
  <dc:title xml:lang="deu"/>
  <isebel:contents>
    <isebel:content xml:lang="deu">Die Kirche in HViecheln&lt;ref> Hohen Viecheln&lt;/ref> // In einem Pfeiler soll v. Plessen  Geld. zum Turmbau vergraben haben als in Krieg gezogen.</isebel:content>
  </isebel:contents>
</isebel:story>