<?xml version='1.0' encoding='UTF-8'?><isebel:story xmlns:isebel="http://www.isebel.eu/ns/isebel" xmlns:dc="http://purl.org/dc/elements/1.1/" xml:id="xmd-s001-000-005-305" xml:lang="deu">
  <dc:identifier>de.wossidia.xmd-s001-000-005-305</dc:identifier>
  <isebel:purl>https://apps.wossidia.de/webapp/run/node/XMD-S001-000-005-305</isebel:purl>
  <dc:title>[5305] Lehrjunge</dc:title>
  <dc:title xml:lang="deu"/>
  <isebel:contents>
    <isebel:content xml:lang="deu">Aus Altkalen. 
Die Kirche zu Alt Kalen ist schon ziemlich alt. Als die erste Glocke zum Turm gegossen werden sollte, mußte sie der Glockengießer in oder bei Kalant (oder Altkalant) gießen. Die Form ist fertig, und das Gut zum Gusse in Fluß; da sagt der Meister zu seinem Burschen, er solle nun aufpassen, daß nichts Unheilbringendes passiere, er (der Meister) wolle erst frühstücken. Während der Abwesenheit des Meisters stößt der Bursche den Hahn auf und gießt die Glocke fertig. Als der Erste wiederkommt und sieht, was geschehen ist, geräth er so in Aufregung, daß er eine Stange ergreift und den Burschen erschlägt, und ihn im Lindholz verscharrt. Die Glocke ist aber sehr gut geraten. Wie sie nachher ge﻿läutet wird, da singt sie fortwährend: "Hanna von Sanna, dei mi goot, is all doot. ligt in'n ollenkale Lindholt!" Hierauf wird das Lindholz untersucht, die That entdeckt und der Meister ist bestraft worden. Seit der Zeit klingt die Glocke schön.</isebel:content>
  </isebel:contents>
</isebel:story>