<?xml version='1.0' encoding='UTF-8'?><isebel:story xmlns:isebel="http://www.isebel.eu/ns/isebel" xmlns:dc="http://purl.org/dc/elements/1.1/" xml:id="xmd-s001-000-010-374" xml:lang="deu">
  <dc:identifier>de.wossidia.xmd-s001-000-010-374</dc:identifier>
  <isebel:purl>https://apps.wossidia.de/webapp/run/node/XMD-S001-000-010-374</isebel:purl>
  <dc:title>[10374] Geldfeuer: Warnung, nicht zum dritten Mal zu kommen</dc:title>
  <dc:title xml:lang="nds"/>
  <isebel:contents>
    <isebel:content xml:lang="nds">füer brennen // pudel // nicht wedder kamen // dahlers up'n füerhird. 
 (Original nicht auffindbar)</isebel:content>
  </isebel:contents>
</isebel:story>