<?xml version='1.0' encoding='UTF-8'?><isebel:story xmlns:isebel="http://www.isebel.eu/ns/isebel" xmlns:dc="http://purl.org/dc/elements/1.1/" xml:id="xmd-s001-000-007-791" xml:lang="deu">
  <dc:identifier>de.wossidia.xmd-s001-000-007-791</dc:identifier>
  <isebel:purl>https://apps.wossidia.de/webapp/run/node/XMD-S001-000-007-791</isebel:purl>
  <dc:title>[7791] Räuber / Aufenthaltsort</dc:title>
  <dc:title xml:lang="nds"/>
  <isebel:contents>
    <isebel:content xml:lang="nds">f. Heiden in Hoheburg 
hebben in de bööm säten, wo de lüd' lang kamen sünd, afköppt.

Original nicht auffindbar!</isebel:content>
  </isebel:contents>
</isebel:story>