<?xml version='1.0' encoding='UTF-8'?><isebel:story xmlns:isebel="http://www.isebel.eu/ns/isebel" xmlns:dc="http://purl.org/dc/elements/1.1/" xml:id="xmd-s001-000-008-888" xml:lang="deu">
  <dc:identifier>de.wossidia.xmd-s001-000-008-888</dc:identifier>
  <isebel:purl>https://apps.wossidia.de/webapp/run/node/XMD-S001-000-008-888</isebel:purl>
  <dc:title>[8888] Schatz: Geld brennen</dc:title>
  <dc:title xml:lang="nds"/>
  <isebel:contents>
    <isebel:content xml:lang="nds">Joh. M.&lt;ref> Johanni Middag&lt;/ref> süll dor wat brennen bi de Rodkirch.</isebel:content>
  </isebel:contents>
</isebel:story>