<?xml version='1.0' encoding='UTF-8'?><isebel:story xmlns:isebel="http://www.isebel.eu/ns/isebel" xmlns:dc="http://purl.org/dc/elements/1.1/" xml:id="xmd-s001-000-001-226" xml:lang="deu">
  <dc:identifier>de.wossidia.xmd-s001-000-001-226</dc:identifier>
  <isebel:purl>https://apps.wossidia.de/webapp/run/node/XMD-S001-000-001-226</isebel:purl>
  <dc:title>[1226] ewig leben</dc:title>
  <dc:title xml:lang="nds"/>
  <isebel:contents>
    <isebel:content xml:lang="nds">grossmudder hett vertellt
ewig...... is to lang'     jeden johannis middag plut semmel.</isebel:content>
  </isebel:contents>
  <isebel:places>
    <isebel:place id="393">
      <dc:title>Burg Stargard</dc:title>
      <dc:title>Stargard</dc:title>
      <isebel:point>
        <datacite:pointLatitude xmlns:datacite="http://datacite.org/schema/kernel-4">53.49546</datacite:pointLatitude>
        <datacite:pointLongitude xmlns:datacite="http://datacite.org/schema/kernel-4">13.30976</datacite:pointLongitude>
      </isebel:point>
      <isebel:role>narration</isebel:role>
    </isebel:place>
  </isebel:places>
  <isebel:persons>
    <isebel:person id="10001983">
      <isebel:name>Gau</isebel:name>
      <isebel:gender>Frau</isebel:gender>
      <isebel:role>narrator</isebel:role>
      <isebel:profession>Arbeiterfrau</isebel:profession>
    </isebel:person>
  </isebel:persons>
  <isebel:keywords>
    <isebel:keyword xml:lang="nds" id="XMD-M030-000-032-133">Plut (Teil einer Semmel)</isebel:keyword>
    <isebel:keyword xml:lang="nds" id="XMD-M030-000-032-303">Johannismiddag</isebel:keyword>
  </isebel:keywords>
</isebel:story>