<?xml version='1.0' encoding='UTF-8'?><isebel:story xmlns:isebel="http://www.isebel.eu/ns/isebel" xmlns:dc="http://purl.org/dc/elements/1.1/" xml:id="xmd-s001-000-006-031" xml:lang="deu">
  <dc:identifier>de.wossidia.xmd-s001-000-006-031</dc:identifier>
  <isebel:purl>https://apps.wossidia.de/webapp/run/node/XMD-S001-000-006-031</isebel:purl>
  <dc:title>[6031] Untergegangene Stadt im Bummsee</dc:title>
  <dc:title xml:lang="nds"/>
  <isebel:contents>
    <isebel:content xml:lang="nds">In den Bummsee bi Zechlin hett 'ne Stadt lägen, hett Bumm heeten, dee is dor unnergahn. Mätens hebben Gös höddt. Mit water is de unnergahn. dor geit noch 'n Damm rup na'n See rin.</isebel:content>
  </isebel:contents>
</isebel:story>