<?xml version='1.0' encoding='UTF-8'?><isebel:story xmlns:isebel="http://www.isebel.eu/ns/isebel" xmlns:dc="http://purl.org/dc/elements/1.1/" xml:id="xmd-s001-000-008-282" xml:lang="deu">
  <dc:identifier>de.wossidia.xmd-s001-000-008-282</dc:identifier>
  <isebel:purl>https://apps.wossidia.de/webapp/run/node/XMD-S001-000-008-282</isebel:purl>
  <dc:title>[8282] Glocke: nicht über die Grenzscheide</dc:title>
  <dc:title xml:lang="nds"/>
  <isebel:contents>
    <isebel:content xml:lang="nds">Bi Carlsruhe hen sünt de klocken rutkamen, dee hebben klungen .... oblita est. Mäten hett tüüch spölt. hebben se henbringen wullt na Beiershagen (?) (non certo) hebben se nich henkrägen.</isebel:content>
  </isebel:contents>
</isebel:story>