<?xml version='1.0' encoding='UTF-8'?><isebel:story xmlns:isebel="http://www.isebel.eu/ns/isebel" xmlns:dc="http://purl.org/dc/elements/1.1/" xml:id="xmd-s001-000-006-438" xml:lang="deu">
  <dc:identifier>de.wossidia.xmd-s001-000-006-438</dc:identifier>
  <isebel:purl>https://apps.wossidia.de/webapp/run/node/XMD-S001-000-006-438</isebel:purl>
  <dc:title>[6438] Werber</dc:title>
  <dc:title xml:lang="nds"/>
  <isebel:contents>
    <isebel:content xml:lang="nds">Dee (werber) hebben minen grv.1) haalt.......min mudder ehr grmudder2) möckt sik to pier un maakt em fri. (een' hett se wat utschämt). 

1) großvadder
2) großmudder.</isebel:content>
  </isebel:contents>
  <isebel:places>
    <isebel:place id="1790">
      <dc:title>Malk</dc:title>
      <isebel:point>
        <datacite:pointLatitude xmlns:datacite="http://datacite.org/schema/kernel-4">53.22167</datacite:pointLatitude>
        <datacite:pointLongitude xmlns:datacite="http://datacite.org/schema/kernel-4">11.37884</datacite:pointLongitude>
      </isebel:point>
      <isebel:role>narration</isebel:role>
    </isebel:place>
  </isebel:places>
  <isebel:persons>
    <isebel:person id="10009796">
      <isebel:name>Wilke sen.</isebel:name>
      <isebel:gender>Frau</isebel:gender>
      <isebel:role>narrator</isebel:role>
    </isebel:person>
  </isebel:persons>
  <isebel:events>
    <isebel:event id="990011803">
      <isebel:date>1910-12-31</isebel:date>
      <isebel:role>narration</isebel:role>
    </isebel:event>
  </isebel:events>
</isebel:story>