<?xml version='1.0' encoding='UTF-8'?><isebel:story xmlns:isebel="http://www.isebel.eu/ns/isebel" xmlns:dc="http://purl.org/dc/elements/1.1/" xml:id="xmd-s001-000-006-146" xml:lang="deu">
  <dc:identifier>de.wossidia.xmd-s001-000-006-146</dc:identifier>
  <isebel:purl>https://apps.wossidia.de/webapp/run/node/XMD-S001-000-006-146</isebel:purl>
  <dc:title>[6146] Lehrjunge</dc:title>
  <dc:title xml:lang="nds"/>
  <isebel:contents>
    <isebel:content xml:lang="nds">dachl.1) Bauer in Kl. Belitz perrt ümmer de Klocken in Nigenkirchen. Dee säd mal to uns kinner: Ji möt ok mitsingen. Wi lachen. Dor is nicks to lachen säd he, dee röpen: 	
Schad is	pad is 
dat de lihrj.2) doot is. 

1) dachlöhner 
2) lihrjung.</isebel:content>
  </isebel:contents>
</isebel:story>