<?xml version='1.0' encoding='UTF-8'?><isebel:story xmlns:isebel="http://www.isebel.eu/ns/isebel" xmlns:dc="http://purl.org/dc/elements/1.1/" xml:id="xmd-s001-000-009-417" xml:lang="deu">
  <dc:identifier>de.wossidia.xmd-s001-000-009-417</dc:identifier>
  <isebel:purl>https://apps.wossidia.de/webapp/run/node/XMD-S001-000-009-417</isebel:purl>
  <dc:title>[9417] Tote: Wiederkehr</dc:title>
  <dc:title xml:lang="deu"/>
  <isebel:contents>
    <isebel:content xml:lang="deu">Kritzmow weegenbarg pierwisch - nah Wilsen hen - da erscheint Reiter (kopf im arm) den pferdehütenden Bauern; er habe keine ruhe, man solle ihm grabstein setzen. es steht stein dort</isebel:content>
  </isebel:contents>
</isebel:story>