<?xml version='1.0' encoding='UTF-8'?><isebel:story xmlns:isebel="http://www.isebel.eu/ns/isebel" xmlns:dc="http://purl.org/dc/elements/1.1/" xml:id="xmd-s001-000-001-879" xml:lang="deu">
  <dc:identifier>de.wossidia.xmd-s001-000-001-879</dc:identifier>
  <isebel:purl>https://apps.wossidia.de/webapp/run/node/XMD-S001-000-001-879</isebel:purl>
  <dc:title>[1879] Lenore</dc:title>
  <dc:title xml:lang="deu"/>
  <dc:title xml:lang="nds"/>
  <isebel:contents>
    <isebel:content xml:lang="deu">Ein Priester hatte auch mal einen Knecht und ein Mädchen, die beide ein Brautpaar waren. Die Braut starb und wurde begraben. Der Knecht sollte jeden Abend zum Hof laufen und dem Priester die Zeitung holen. Dann geht er immer über den Kirchhof, weil das ein bisschen näher ist und er beim Grab seiner Braut vorbeikommt. Eines Sonntags geht er wieder zum Hof, um die Zeitung zu holen. Zufällig hat gerade ein Knecht Geburtstag und er feiert ein wenig mit. Dabei wurde es ziemlich spät, die Uhr schlug schon zwölf. Da geht er nach Hause. Als er über den Kirchhof kommt, steht seine Braut bei ihrem Grab und winkt ihm. Er geht hin. Da sagt sie: er solle mitkommen. Zuerst hat er nicht recht Lust, doch als sie ihm am Arm fasst, geht er mit in das Grab hinein. Darinnen ist es auch schön warm und sie sagt ihm: „links und rechts wächst Rosmarin“. Dann bleibt er ganz bei ihr.</isebel:content>
    <isebel:content xml:lang="nds">en preester hett ok mal 'n knecht un en mäten, de beid brutlüd sünd. de brut bliwt dod un ward begraben. de knecht möt jeden abend nah 'n hof run un de preester de Zeitung halen. denn geht he ümmer äwer den kirchhof, wiel dat 'n bäten neger is un he bi sin brut ehr graw vörbikümmt. ens sünndags geht he jo ok wedder nah 'n hof üm de zeitung to halen. Tofällig hett grad 'n knecht geburtsdag un he fiert 'n bäten mit. dorbi ward dat jo ok tämlich spät, de klock is all twölf. dunn geht he na hus. as he äwer den kirchhof kümmt, steht sin brut bi ehr graf un winkt em. he geht jo ok hen, dunn segt se, he sall mitkamen. ierst hett he nich recht lust, doch as se em an'n arm fat't geht he mit in't graf rin. dor is dat denn ok schön warm un se em segt; "links und rechts wächst rossmarin". dunn bliwt he ganz bi ehr.</isebel:content>
  </isebel:contents>
</isebel:story>