<?xml version='1.0' encoding='UTF-8'?><isebel:story xmlns:isebel="http://www.isebel.eu/ns/isebel" xmlns:dc="http://purl.org/dc/elements/1.1/" xml:id="xmd-s001-000-009-598" xml:lang="deu">
  <dc:identifier>de.wossidia.xmd-s001-000-009-598</dc:identifier>
  <isebel:purl>https://apps.wossidia.de/webapp/run/node/XMD-S001-000-009-598</isebel:purl>
  <dc:title>[9598] Tote: Wiederkehr / Totenhemd</dc:title>
  <dc:title xml:lang="nds"/>
  <isebel:contents>
    <isebel:content xml:lang="nds">In Bargkaten (zu Redentin gehörig) hett en Fru wahnt. De Dochter hett heuraten wullt, hett sik nie swart Kleed anschafft hatt, is storben. Se hett befahlen up ehren Dodenbett, se wull dat nie kleed mithebben in'n Sarg. De annern Frugens hebben to de Mudder seggt (se hett noch een groot Dochter hatt) se süll doch dee dat Kleed gäben. Dor hett se ehr anner antreckt in Sarg. Dor is de Dochter ümmer wedderkamen. Se hebben den Paster haalt: de hett seggt, dreemal müsst he mit den Geist räden un em fragen, wat he för Gebreck hadd. Dor hett se den Paster dat seggt. Se hebben se apen makt un ehr dat nie Kleed up't Graff upleggt. Dor is’t vörbi wäst.</isebel:content>
  </isebel:contents>
</isebel:story>