<?xml version='1.0' encoding='UTF-8'?><isebel:story xmlns:isebel="http://www.isebel.eu/ns/isebel" xmlns:dc="http://purl.org/dc/elements/1.1/" xml:id="xmd-s001-000-003-766" xml:lang="deu">
  <dc:identifier>de.wossidia.xmd-s001-000-003-766</dc:identifier>
  <isebel:purl>https://apps.wossidia.de/webapp/run/node/XMD-S001-000-003-766</isebel:purl>
  <dc:title>[3766] Heilkraft</dc:title>
  <dc:title xml:lang="nds"/>
  <isebel:contents>
    <isebel:content xml:lang="nds">All kinderlos' möten baden in 't Heidensoll, (na Ganzlin hen, ca. 3 Kilometer von Stadt).</isebel:content>
  </isebel:contents>
</isebel:story>