<?xml version='1.0' encoding='UTF-8'?><isebel:story xmlns:isebel="http://www.isebel.eu/ns/isebel" xmlns:dc="http://purl.org/dc/elements/1.1/" xml:id="xmd-s001-000-001-306" xml:lang="deu">
  <dc:identifier>de.wossidia.xmd-s001-000-001-306</dc:identifier>
  <isebel:purl>https://apps.wossidia.de/webapp/run/node/XMD-S001-000-001-306</isebel:purl>
  <dc:title>[1306] Warum die Schweine in der Erde wühlen</dc:title>
  <dc:title xml:lang="nds"/>
  <isebel:contents>
    <isebel:content xml:lang="nds">Worüm de swin in de ird wäuhlen

Dor sünd dre dirns west, de hebben panoken backt, de en
löppt ehr ut de pann rut. -- begegnet em n voß: "pankoken
wo wist du hen?" "ik bün dre oll ful dirns weglopen un di
oll rock (?) dickswanz lopk ok noch wedder weg. -- kümmt n
has. "--" ik bün dre oll d. un n voß d. weglopen, un di oll
wuppnors lopk ok noch wedder weg; kümmt ne säg: "--".....
wat segst du? dorbi buckt he ehr vör de uhren:" un di oll
ful säg lopk ok noch wedder weg." happst to un krigt den halben
pannkoken fatt - de anner halw löppt na de ird rin -- den
söken de swin hüt noch, dorvon wäuhlen se in de ird.</isebel:content>
  </isebel:contents>
  <isebel:places>
    <isebel:place id="856">
      <dc:title>Gorlosen</dc:title>
      <isebel:point>
        <datacite:pointLatitude xmlns:datacite="http://datacite.org/schema/kernel-4">53.18570</datacite:pointLatitude>
        <datacite:pointLongitude xmlns:datacite="http://datacite.org/schema/kernel-4">11.45922</datacite:pointLongitude>
      </isebel:point>
      <isebel:role>narration</isebel:role>
    </isebel:place>
  </isebel:places>
  <isebel:persons>
    <isebel:person id="10000557">
      <isebel:name>Besch</isebel:name>
      <isebel:role>narrator</isebel:role>
      <isebel:profession>Müller</isebel:profession>
      <isebel:profession>Bauer</isebel:profession>
    </isebel:person>
  </isebel:persons>
  <isebel:keywords>
    <isebel:keyword id="XMD-M030-000-000-765">Schwein</isebel:keyword>
    <isebel:keyword id="XMD-M030-000-000-877">Hase</isebel:keyword>
    <isebel:keyword id="XMD-M030-000-000-956">Pfannkuchen</isebel:keyword>
    <isebel:keyword id="XMD-M030-000-001-599">Fuchs</isebel:keyword>
    <isebel:keyword id="XMD-M030-000-047-449">Mädchen</isebel:keyword>
  </isebel:keywords>
</isebel:story>