<?xml version='1.0' encoding='UTF-8'?><isebel:story xmlns:isebel="http://www.isebel.eu/ns/isebel" xmlns:dc="http://purl.org/dc/elements/1.1/" xml:id="xmd-s001-000-002-984" xml:lang="deu">
  <dc:identifier>de.wossidia.xmd-s001-000-002-984</dc:identifier>
  <isebel:purl>https://apps.wossidia.de/webapp/run/node/XMD-S001-000-002-984</isebel:purl>
  <dc:title>[2984] Opfer</dc:title>
  <dc:title xml:lang="nds"/>
  <isebel:contents>
    <isebel:content xml:lang="nds">Hohebarg.
Alle johr hett een ran müsst bi den swarten eee. En Johr is een ut Hannover, (een paekendräger mit tüüch....) door üm 't läben kamen, dee hett dor lägen an'n see. (dor ie jo gor keenen richtigen weg.</isebel:content>
  </isebel:contents>
</isebel:story>