<?xml version='1.0' encoding='UTF-8'?><isebel:story xmlns:isebel="http://www.isebel.eu/ns/isebel" xmlns:dc="http://purl.org/dc/elements/1.1/" xml:id="xmd-s001-000-005-888" xml:lang="deu">
  <dc:identifier>de.wossidia.xmd-s001-000-005-888</dc:identifier>
  <isebel:purl>https://apps.wossidia.de/webapp/run/node/XMD-S001-000-005-888</isebel:purl>
  <dc:title>[5888] Untergang einer Kirche</dc:title>
  <dc:title xml:lang="nds"/>
  <isebel:contents>
    <isebel:content xml:lang="nds">In'n Krögerbrok sall 'ne Kirch stahn hebben. Dat is unergründlich, is nich to grünnen. (vidi Haus Erika gegenüber, in Senkung links von Ch.&lt;ref>Chaussee&lt;/ref>).</isebel:content>
  </isebel:contents>
</isebel:story>