<?xml version='1.0' encoding='UTF-8'?><isebel:story xmlns:isebel="http://www.isebel.eu/ns/isebel" xmlns:dc="http://purl.org/dc/elements/1.1/" xml:id="xmd-s001-000-000-806" xml:lang="deu">
  <dc:identifier>de.wossidia.xmd-s001-000-000-806</dc:identifier>
  <isebel:purl>https://apps.wossidia.de/webapp/run/node/XMD-S001-000-000-806</isebel:purl>
  <dc:title>[806] Der Herr wird vom Teufel geholt</dc:title>
  <dc:title xml:lang="deu"/>
  <isebel:contents>
    <isebel:content xml:lang="deu">Hennings Bradenkierl. Im Garten hat er einen hohen Wachturm gehabt… Großherzog… Kuhhüter… ritt zurück… eiserner Ofen… hat ihm Kartoffelschalen vorgelegt, die hat er essen sollen. Seine Beine konnten nicht in der Erde ruhen. Da haben sie Äpfel mit geschmissen. Unter dem Altar haben sie sie eingegraben.</isebel:content>
  </isebel:contents>
</isebel:story>