<?xml version='1.0' encoding='UTF-8'?><isebel:story xmlns:isebel="http://www.isebel.eu/ns/isebel" xmlns:dc="http://purl.org/dc/elements/1.1/" xml:id="xmd-s001-000-010-287" xml:lang="deu">
  <dc:identifier>de.wossidia.xmd-s001-000-010-287</dc:identifier>
  <isebel:purl>https://apps.wossidia.de/webapp/run/node/XMD-S001-000-010-287</isebel:purl>
  <dc:title>[10287] Goldene Wiege in urgeschichtlichem Denkmal</dc:title>
  <dc:title xml:lang="nds"/>
  <isebel:contents>
    <isebel:content xml:lang="nds">Poel.
In 'n Wall sall 'ne g. Weig&lt;ref> gollen Weig&lt;/ref> in verborgen sien.</isebel:content>
  </isebel:contents>
</isebel:story>