<?xml version='1.0' encoding='UTF-8'?><isebel:story xmlns:isebel="http://www.isebel.eu/ns/isebel" xmlns:dc="http://purl.org/dc/elements/1.1/" xml:id="xmd-s001-000-008-064" xml:lang="deu">
  <dc:identifier>de.wossidia.xmd-s001-000-008-064</dc:identifier>
  <isebel:purl>https://apps.wossidia.de/webapp/run/node/XMD-S001-000-008-064</isebel:purl>
  <dc:title>[8064] Unterirdischer Gang in Zusammenhang mit Kirche in Doberan</dc:title>
  <dc:title xml:lang="nds"/>
  <isebel:contents>
    <isebel:content xml:lang="nds">Unnerirdischen Gang geiht von dei Brugeri in Doberan nah dei Doberaner Kirch un von dor nah dei Ollenhöfer Capell.</isebel:content>
  </isebel:contents>
</isebel:story>