<?xml version='1.0' encoding='UTF-8'?><isebel:story xmlns:isebel="http://www.isebel.eu/ns/isebel" xmlns:dc="http://purl.org/dc/elements/1.1/" xml:id="xmd-s001-000-003-172" xml:lang="deu">
  <dc:identifier>de.wossidia.xmd-s001-000-003-172</dc:identifier>
  <isebel:purl>https://apps.wossidia.de/webapp/run/node/XMD-S001-000-003-172</isebel:purl>
  <dc:title>[3172] Mecklenburg</dc:title>
  <dc:title xml:lang="nds"/>
  <isebel:contents>
    <isebel:content xml:lang="nds">de Juuchen Amtmann hett 'n Mann öwer de Elw' bröcht na Mäkelborg.</isebel:content>
  </isebel:contents>
  <isebel:places>
    <isebel:place id="2817">
      <dc:title>Tewswoos</dc:title>
      <dc:title>Tews-Woos</dc:title>
      <dc:title>Tews Woos</dc:title>
      <isebel:point>
        <datacite:pointLatitude xmlns:datacite="http://datacite.org/schema/kernel-4">53.22931</datacite:pointLatitude>
        <datacite:pointLongitude xmlns:datacite="http://datacite.org/schema/kernel-4">11.20283</datacite:pointLongitude>
      </isebel:point>
      <isebel:role>narration</isebel:role>
    </isebel:place>
  </isebel:places>
  <isebel:persons>
    <isebel:person id="10001834">
      <isebel:name>Frahm</isebel:name>
      <isebel:gender>Frau</isebel:gender>
      <isebel:role>narrator</isebel:role>
    </isebel:person>
  </isebel:persons>
  <isebel:events>
    <isebel:event id="990010783">
      <isebel:date>1926-10-09</isebel:date>
      <isebel:role>narration</isebel:role>
    </isebel:event>
  </isebel:events>
</isebel:story>