<?xml version='1.0' encoding='UTF-8'?><isebel:story xmlns:isebel="http://www.isebel.eu/ns/isebel" xmlns:dc="http://purl.org/dc/elements/1.1/" xml:id="xmd-s001-000-009-497" xml:lang="deu">
  <dc:identifier>de.wossidia.xmd-s001-000-009-497</dc:identifier>
  <isebel:purl>https://apps.wossidia.de/webapp/run/node/XMD-S001-000-009-497</isebel:purl>
  <dc:title>[9497] Berg: non movere / heilige Berge</dc:title>
  <dc:title xml:lang="deu"/>
  <isebel:contents>
    <isebel:content xml:lang="deu">von der Junkerburg habe noch erfahren, daß dort Räuber gehaust haben sollen. Die Nachbardörfer haben sich zusammengetan um sie zu vertreiben, haben denen aber nichts anhaben können, bis ein Mann aus Zartwitz von dort her eine Schürze voll Gras holt, worunter ein vierblättriges Kleeblatt, nun kann er die Eingänge zur Burg finden und dieselbe wird zerstört, wie die Bauern auch den Berg abfahren wollen, da finden sie des Morgens denselben immer wieder in der alten Höhe und unterlassen es nun. Des Abends beim Nachhausefahren von hier ist ihnen ein schwarzer Storch aufgehackt.</isebel:content>
  </isebel:contents>
</isebel:story>