<?xml version='1.0' encoding='UTF-8'?><isebel:story xmlns:isebel="http://www.isebel.eu/ns/isebel" xmlns:dc="http://purl.org/dc/elements/1.1/" xml:id="xmd-s001-000-005-085" xml:lang="deu">
  <dc:identifier>de.wossidia.xmd-s001-000-005-085</dc:identifier>
  <isebel:purl>https://apps.wossidia.de/webapp/run/node/XMD-S001-000-005-085</isebel:purl>
  <dc:title>[5085] Petermännchen Allgemein</dc:title>
  <dc:title xml:lang="deu"/>
  <isebel:contents>
    <isebel:content xml:lang="deu">Unanständig
Das famose "Petermännchen" der Norddeutschen Zeitung hat gestern noch schnell vor Torschluß seinen Lesern in besonders eindringlicher Weise und augenfälliger Form erzählt, daß der Wahlvorschlag der Deutschen Volkspartei ungültig sei, weil der Druckfehlerteufel in der Beilage des Regierungsblattes im Wahlvorschlag dieser Partei aus dem Schulzen Hermann Försterling einen Försterlehrling Hermann Schulze gemacht hatte. Daß das Regierungsblatt sofort und an leitender Stelle eine Berichtigung brachte und diese "Ungültigkeit", die den Herren Demokraten so wunderbar gepaßt hätte, um noch ein paar bürgerliche Hasen in ihre Notstandsküche zu jagen, aus der Welt schaffte, verschweigt das edle Blatt geflissentlich. Wahlkampf ist gut und muß sein, Bekanntes absichtlich und irreführend zu verschweigen, ist p o l i t i s c h e  U n a n s t ä n d i g k e i t, die man aus der Klosterstraße allerdings nachgerade gewohnt ist.</isebel:content>
  </isebel:contents>
</isebel:story>