<?xml version='1.0' encoding='UTF-8'?><isebel:story xmlns:isebel="http://www.isebel.eu/ns/isebel" xmlns:dc="http://purl.org/dc/elements/1.1/" xml:id="xmd-s001-000-004-039" xml:lang="deu">
  <dc:identifier>de.wossidia.xmd-s001-000-004-039</dc:identifier>
  <isebel:purl>https://apps.wossidia.de/webapp/run/node/XMD-S001-000-004-039</isebel:purl>
  <dc:title>[4039] Des Gälknoekers Aussehen und Benehmen</dc:title>
  <dc:title xml:lang="nds"/>
  <isebel:contents>
    <isebel:content xml:lang="nds">He hett lopen up’n Fell'n. -- Hett 'n groten Hoot up hatt mit'n langen Band un hett 'n gäl Kleed an hatt. Wenn de Hirerjungens höddt hebben, hebben se em von Fiern dor gahn sehn.</isebel:content>
  </isebel:contents>
</isebel:story>