<?xml version='1.0' encoding='UTF-8'?><isebel:story xmlns:isebel="http://www.isebel.eu/ns/isebel" xmlns:dc="http://purl.org/dc/elements/1.1/" xml:id="xmd-s001-000-002-697" xml:lang="deu">
  <dc:identifier>de.wossidia.xmd-s001-000-002-697</dc:identifier>
  <isebel:purl>https://apps.wossidia.de/webapp/run/node/XMD-S001-000-002-697</isebel:purl>
  <dc:title>[2697] Strafe für Mord</dc:title>
  <dc:title xml:lang="nds"/>
  <isebel:contents>
    <isebel:content xml:lang="nds">In Langen-Brütz wier een krank — toletzt kreg he 'n Kopp as' Immrump. 1866 is he mit in'n Krieg wäst: dor sall he een Kind dootstäken hebben mit't Sweert. Sin Kinner wiren all Missgebuurt, he sülben hett Johren lagen --- toletzt vergüng he so. Dat Ungeschick is ok öwer sien Fru gahn. Dat soelen wi Minschen doch nich glöben, dat dat keen anner Wäsen gifft uppe Welt.</isebel:content>
  </isebel:contents>
</isebel:story>