<?xml version='1.0' encoding='UTF-8'?><isebel:story xmlns:isebel="http://www.isebel.eu/ns/isebel" xmlns:dc="http://purl.org/dc/elements/1.1/" xml:id="xmd-s001-000-005-131" xml:lang="deu">
  <dc:identifier>de.wossidia.xmd-s001-000-005-131</dc:identifier>
  <isebel:purl>https://apps.wossidia.de/webapp/run/node/XMD-S001-000-005-131</isebel:purl>
  <dc:title>[5131] Scheidengänger</dc:title>
  <dc:title xml:lang="nds"/>
  <isebel:contents>
    <isebel:content xml:lang="nds">in Dersentin scheidengänger // hie ho hutt geit de soheid grad rup.
Schuster aus Teterow zum Besuch will ihn wegbringen // fragt ihn:
der: "er bäte um Trunk frischen Wasse"
Schuster: "Gehe hin und trinke aus den Wunden Jesus, dann wird dich nimmermehr dürsten." Seitdem nicht wieder.</isebel:content>
  </isebel:contents>
  <isebel:places>
    <isebel:place id="527">
      <dc:title>Dersentin</dc:title>
      <isebel:point>
        <datacite:pointLatitude xmlns:datacite="http://datacite.org/schema/kernel-4">53.71156</datacite:pointLatitude>
        <datacite:pointLongitude xmlns:datacite="http://datacite.org/schema/kernel-4">12.39587</datacite:pointLongitude>
      </isebel:point>
      <isebel:role>action</isebel:role>
    </isebel:place>
    <isebel:place id="2812">
      <dc:title>Teterow</dc:title>
      <isebel:point>
        <datacite:pointLatitude xmlns:datacite="http://datacite.org/schema/kernel-4">53.77350</datacite:pointLatitude>
        <datacite:pointLongitude xmlns:datacite="http://datacite.org/schema/kernel-4">12.57558</datacite:pointLongitude>
      </isebel:point>
      <isebel:role>action</isebel:role>
    </isebel:place>
  </isebel:places>
  <isebel:keywords>
    <isebel:keyword id="XMD-M030-000-000-655">Schuster</isebel:keyword>
    <isebel:keyword id="XMD-M030-000-001-202">trinken</isebel:keyword>
    <isebel:keyword id="XMD-M030-000-001-389">Jesus</isebel:keyword>
    <isebel:keyword id="XMD-M030-000-002-378">Wunde</isebel:keyword>
    <isebel:keyword id="XMD-M030-000-011-876">dursten</isebel:keyword>
  </isebel:keywords>
</isebel:story>