<?xml version='1.0' encoding='UTF-8'?><isebel:story xmlns:isebel="http://www.isebel.eu/ns/isebel" xmlns:dc="http://purl.org/dc/elements/1.1/" xml:id="xmd-s001-000-006-392" xml:lang="deu">
  <dc:identifier>de.wossidia.xmd-s001-000-006-392</dc:identifier>
  <isebel:purl>https://apps.wossidia.de/webapp/run/node/XMD-S001-000-006-392</isebel:purl>
  <dc:title>[6392] Tater</dc:title>
  <dc:title xml:lang="nds"/>
  <isebel:contents>
    <isebel:content xml:lang="nds">achter Friedrichsmuur (Min grvadder hett uppe Jamel wahnt) dor hebben de Taters haust. Se hebben enen ollen hatt, dee hett nich mihr maschieren künnt. Den hebben se na de dep kuul rinstött, een hett naschaben, twe hebben anfaatt. Wenn de lüd' achter se wäst sünd, hebben se secht, de spitzboben kemen (dor hebben de taters de lüd' mit meent.) uppe Jamel hebben se loschiert. Se hebben snaken gräpen un dee in ierden pött bradt und secht, dat wiren buschaal.</isebel:content>
  </isebel:contents>
</isebel:story>