<?xml version='1.0' encoding='UTF-8'?><isebel:story xmlns:isebel="http://www.isebel.eu/ns/isebel" xmlns:dc="http://purl.org/dc/elements/1.1/" xml:id="xmd-s001-000-003-405" xml:lang="deu">
  <dc:identifier>de.wossidia.xmd-s001-000-003-405</dc:identifier>
  <isebel:purl>https://apps.wossidia.de/webapp/run/node/XMD-S001-000-003-405</isebel:purl>
  <dc:title>[3405] Tote</dc:title>
  <dc:title xml:lang="nds"/>
  <isebel:contents>
    <isebel:content xml:lang="nds">Dor is'n Preester wäst, de Lüd hebben to eenen Fürsten secht, he künn wohrseggen. De Fürst hett 'n Soldaten, sall uphängt warden. De Fürst fröggt den Preester, wolang dat de Soldat noch läben ded. "De ward 'n ganzen ollen, ollen Mann". Ne, secht de Fürst, du kannst slecht wohrseggen, he sall morgen hängt warden. De hett doch furtläwt. Kümmt 'n Fürsten sien Swester antoführ'n bi den Galgen. As se dat süüht, secht se, se soelen 'n Ogenblick töben, se kümmt gliek wedder. Geiht na' n Fürsten. Wo kümmst du her? Een Bidd heff ik, schenk mi den Soldaten to'n Bedeenten. Ja. Hett lang läwt. So is't doch wohr worden. 

Harwel, Poppendorf, 
24.12.12.</isebel:content>
  </isebel:contents>
</isebel:story>