<?xml version='1.0' encoding='UTF-8'?><isebel:story xmlns:isebel="http://www.isebel.eu/ns/isebel" xmlns:dc="http://purl.org/dc/elements/1.1/" xml:id="xmd-s001-000-006-575" xml:lang="deu">
  <dc:identifier>de.wossidia.xmd-s001-000-006-575</dc:identifier>
  <isebel:purl>https://apps.wossidia.de/webapp/run/node/XMD-S001-000-006-575</isebel:purl>
  <dc:title>[6575] Schruckfoot / raubt Mädchen - entkommt</dc:title>
  <dc:title xml:lang="nds"/>
  <isebel:contents>
    <isebel:content xml:lang="nds">In'n pierbarg hett Schruckfoot haust. ehr v.1) hett dor führt, so üm 11 ut. 

1) vadder.</isebel:content>
  </isebel:contents>
</isebel:story>