<?xml version='1.0' encoding='UTF-8'?><isebel:story xmlns:isebel="http://www.isebel.eu/ns/isebel" xmlns:dc="http://purl.org/dc/elements/1.1/" xml:id="xmd-s001-000-009-815" xml:lang="deu">
  <dc:identifier>de.wossidia.xmd-s001-000-009-815</dc:identifier>
  <isebel:purl>https://apps.wossidia.de/webapp/run/node/XMD-S001-000-009-815</isebel:purl>
  <dc:title>[9815] Kirche: Alter, Erbauer (Heiden, Wenden, katholisch)</dc:title>
  <dc:title xml:lang="nds"/>
  <isebel:contents>
    <isebel:content xml:lang="nds">de oll Kirch hebben de Heiden bugt, dorüm heit dat jo Jabel in de Heide.</isebel:content>
  </isebel:contents>
</isebel:story>