<?xml version='1.0' encoding='UTF-8'?><isebel:story xmlns:isebel="http://www.isebel.eu/ns/isebel" xmlns:dc="http://purl.org/dc/elements/1.1/" xml:id="xmd-s001-000-001-813" xml:lang="deu">
  <dc:identifier>de.wossidia.xmd-s001-000-001-813</dc:identifier>
  <isebel:purl>https://apps.wossidia.de/webapp/run/node/XMD-S001-000-001-813</isebel:purl>
  <dc:title>[1813] Entrückung / Tochter des Stadtkommandanten</dc:title>
  <dc:title xml:lang="deu"/>
  <dc:title xml:lang="nds"/>
  <isebel:contents>
    <isebel:content xml:lang="deu">Ist eine Dame gewesen, die wollte nicht heiraten. Hat immer gesagt: sie heiratet niemand anderen als den lieben Gott. Kommt einmal in einen verschlafenen Garten. Als sie wieder rauskommt, ist sie greis und grau gewesen. Sie dachte, sie wäre erst ein paar Tage weg gewesen.</isebel:content>
    <isebel:content xml:lang="nds">Is en dam wäst. Het nich heuraten wullt, hett ümmer secht se heurat't nich wider as 'n leewen gott. Kümmt ens in verslaten gooren.... as se wedder rut kümmt is se gries un grag´ wäst. ehr dücht, se is ´n poor dag' ihrst weg wäst //  in de verwäsenheit.</isebel:content>
  </isebel:contents>
</isebel:story>