<?xml version='1.0' encoding='UTF-8'?><isebel:story xmlns:isebel="http://www.isebel.eu/ns/isebel" xmlns:dc="http://purl.org/dc/elements/1.1/" xml:id="xmd-s001-000-002-105" xml:lang="deu">
  <dc:identifier>de.wossidia.xmd-s001-000-002-105</dc:identifier>
  <isebel:purl>https://apps.wossidia.de/webapp/run/node/XMD-S001-000-002-105</isebel:purl>
  <dc:title>[2105] Namengebung / Gelände</dc:title>
  <dc:title xml:lang="nds"/>
  <isebel:contents>
    <isebel:content xml:lang="nds">Werder — Waren.
Gebhard hett vertellt: in Wirel hett een (prinz nachher) wahnt, hett Werder heeten.
(mi dücht, he säd', dee leech in kirch begraben, (Georgenkirche). Martens: ne, dat is Herr von Holstein, dee hett de Klinker kapell bugen laten).</isebel:content>
  </isebel:contents>
</isebel:story>