<?xml version='1.0' encoding='UTF-8'?><isebel:story xmlns:isebel="http://www.isebel.eu/ns/isebel" xmlns:dc="http://purl.org/dc/elements/1.1/" xml:id="xmd-s001-000-010-087" xml:lang="deu">
  <dc:identifier>de.wossidia.xmd-s001-000-010-087</dc:identifier>
  <isebel:purl>https://apps.wossidia.de/webapp/run/node/XMD-S001-000-010-087</isebel:purl>
  <dc:title>[10087] Bedingung fürs Schatzheben</dc:title>
  <dc:title xml:lang="nds"/>
  <isebel:contents>
    <isebel:content xml:lang="nds">Wer in de Johanninacht geburn is, so geht de Sag, kann in de Johanninacht von Klock 12 bet 1 den'n Schatz heben. Dormit he de richtig Stell ok find, brennt dor en Licht. Dejenige, de den'n Schatz heben will, möt denn dreimal üm dat Licht lopen. Denn deit de Barg sick apen un he kann ringahn. Dor sitt en groten Hund mit vier Ogen, so grot as Teetassen. In 'ne anner Kamer is en Kirl, de het sinen Kopp in de Hand. Wenn de Indringling gor kein Angst hadd hett, denn kümmt he tauletzt in ne feine Stuw, dor sitt ne Prinzessin, de hett witt Kleder an, und se bedüdt em, dat he den'n Schatz gewunnen hett.
Hett he äwer bloß en bäten Angst hadd, denn hett de Prinzessin swart Kleder an, un he möt solang in den'n Barg bliwen, bet en anner den'n Schatz gewinnt.</isebel:content>
  </isebel:contents>
</isebel:story>