<?xml version='1.0' encoding='UTF-8'?><isebel:story xmlns:isebel="http://www.isebel.eu/ns/isebel" xmlns:dc="http://purl.org/dc/elements/1.1/" xml:id="xmd-s001-000-007-480" xml:lang="deu">
  <dc:identifier>de.wossidia.xmd-s001-000-007-480</dc:identifier>
  <isebel:purl>https://apps.wossidia.de/webapp/run/node/XMD-S001-000-007-480</isebel:purl>
  <dc:title>[7480] Räuber / hausen</dc:title>
  <dc:title xml:lang="nds"/>
  <isebel:contents>
    <isebel:content xml:lang="nds">Klinken: 
dicht an kirche, dor geiht blos 'n weg twischen dörch, up'n kirchhof, acker hürt den köster, dat half in water, dor sall früher wat stahn hebben, ok as son oort räuberhöhl. de katholiken hebben dor haust, dee soelen jo allerlei anbädt hebben.</isebel:content>
  </isebel:contents>
</isebel:story>