<?xml version='1.0' encoding='UTF-8'?><isebel:story xmlns:isebel="http://www.isebel.eu/ns/isebel" xmlns:dc="http://purl.org/dc/elements/1.1/" xml:id="xmd-s001-000-001-250" xml:lang="deu">
  <dc:identifier>de.wossidia.xmd-s001-000-001-250</dc:identifier>
  <isebel:purl>https://apps.wossidia.de/webapp/run/node/XMD-S001-000-001-250</isebel:purl>
  <dc:title>[1250] ewig leben</dc:title>
  <dc:title xml:lang="nds"/>
  <isebel:contents>
    <isebel:content xml:lang="nds">hett in london inn korf säten   London..... wider hett se nix  seggen künnt.</isebel:content>
  </isebel:contents>
  <isebel:places>
    <isebel:place id="2703">
      <dc:title>Sternberg</dc:title>
      <isebel:point>
        <datacite:pointLatitude xmlns:datacite="http://datacite.org/schema/kernel-4">53.71211</datacite:pointLatitude>
        <datacite:pointLongitude xmlns:datacite="http://datacite.org/schema/kernel-4">11.82891</datacite:pointLongitude>
      </isebel:point>
      <isebel:role>narration</isebel:role>
    </isebel:place>
    <isebel:place id="20979">
      <dc:title>London</dc:title>
      <dc:title>Londinium</dc:title>
      <dc:title>Plowonida</dc:title>
      <isebel:role>action</isebel:role>
    </isebel:place>
  </isebel:places>
  <isebel:events>
    <isebel:event id="990011149">
      <isebel:date>1911-05-14</isebel:date>
      <isebel:role>narration</isebel:role>
    </isebel:event>
  </isebel:events>
</isebel:story>