<?xml version='1.0' encoding='UTF-8'?><isebel:story xmlns:isebel="http://www.isebel.eu/ns/isebel" xmlns:dc="http://purl.org/dc/elements/1.1/" xml:id="xmd-s001-000-005-127" xml:lang="deu">
  <dc:identifier>de.wossidia.xmd-s001-000-005-127</dc:identifier>
  <isebel:purl>https://apps.wossidia.de/webapp/run/node/XMD-S001-000-005-127</isebel:purl>
  <dc:title>[5127] Scheidengänger</dc:title>
  <dc:title xml:lang="nds"/>
  <isebel:contents>
    <isebel:content xml:lang="nds">Jasnitz. 
bi Jaas' hett 'n landmäter mit de käd gahn.</isebel:content>
  </isebel:contents>
  <isebel:keywords>
    <isebel:keyword id="XMD-M030-000-007-186">Landmesser</isebel:keyword>
    <isebel:keyword id="XMD-M030-000-009-169">Scheidengänger</isebel:keyword>
  </isebel:keywords>
</isebel:story>