<?xml version='1.0' encoding='UTF-8'?><isebel:story xmlns:isebel="http://www.isebel.eu/ns/isebel" xmlns:dc="http://purl.org/dc/elements/1.1/" xml:id="xmd-s001-000-008-452" xml:lang="deu">
  <dc:identifier>de.wossidia.xmd-s001-000-008-452</dc:identifier>
  <isebel:purl>https://apps.wossidia.de/webapp/run/node/XMD-S001-000-008-452</isebel:purl>
  <dc:title>[8452] Kirchenbau ursprünglich an anderem Ort</dc:title>
  <dc:title xml:lang="nds"/>
  <isebel:contents>
    <isebel:content xml:lang="nds">klock hett na Räknitz hen süllt. kirch hett hensüllt up ’n äuwer achter Knägendörp an 'n weg (twiscken Knägendörp un Räknitz). as se bugt warden süllt hett, hebben de steen // de steen sünt ümmer wedder weg west morgens. (vadder Kemp in Plaaz hett 't verteilt). 
(de klock hett dor insüllt, hebben 6/8 pier vör hatt. Jüm.)</isebel:content>
  </isebel:contents>
</isebel:story>