<?xml version='1.0' encoding='UTF-8'?><isebel:story xmlns:isebel="http://www.isebel.eu/ns/isebel" xmlns:dc="http://purl.org/dc/elements/1.1/" xml:id="xmd-s001-000-008-114" xml:lang="deu">
  <dc:identifier>de.wossidia.xmd-s001-000-008-114</dc:identifier>
  <isebel:purl>https://apps.wossidia.de/webapp/run/node/XMD-S001-000-008-114</isebel:purl>
  <dc:title>[8114] Lokalsage: Schwerin</dc:title>
  <dc:title xml:lang="nds"/>
  <isebel:contents>
    <isebel:content xml:lang="nds">Schwerin. Von'n schloß na den som ünnern see dörch geit 'n gang. Ik heff 'n  broder hatt, dee hett dorbi arbeitt as 't schloß bugt is; dee is rin wäst na den gang, öwer dat licht is utgahn. Min v.1) vertellte ok: licht is utgahn. 

1) vadder</isebel:content>
  </isebel:contents>
</isebel:story>