<?xml version='1.0' encoding='UTF-8'?><isebel:story xmlns:isebel="http://www.isebel.eu/ns/isebel" xmlns:dc="http://purl.org/dc/elements/1.1/" xml:id="xmd-s001-000-008-221" xml:lang="deu">
  <dc:identifier>de.wossidia.xmd-s001-000-008-221</dc:identifier>
  <isebel:purl>https://apps.wossidia.de/webapp/run/node/XMD-S001-000-008-221</isebel:purl>
  <dc:title>[8221] Lokalsage: Woldegk</dc:title>
  <dc:title xml:lang="deu"/>
  <isebel:contents>
    <isebel:content xml:lang="deu">der auf Burg in Göhren erschlägt den auf Burg ln Woldegk. (da Spuk). da falsche eichen an Grenze W/G1) // ob Heide den Christen erschlagen? 

Originalaufz. nicht aufindbar 

1) Woldegk / Göhren.</isebel:content>
  </isebel:contents>
</isebel:story>