<?xml version='1.0' encoding='UTF-8'?><isebel:story xmlns:isebel="http://www.isebel.eu/ns/isebel" xmlns:dc="http://purl.org/dc/elements/1.1/" xml:id="xmd-s001-000-004-409" xml:lang="deu">
  <dc:identifier>de.wossidia.xmd-s001-000-004-409</dc:identifier>
  <isebel:purl>https://apps.wossidia.de/webapp/run/node/XMD-S001-000-004-409</isebel:purl>
  <dc:title>[4409] Gälknoeker: Bullerbuck</dc:title>
  <dc:title xml:lang="nds"/>
  <isebel:contents>
    <isebel:content xml:lang="nds">﻿Gälknoeker, wenn he unner 'ne barken Wäd stahn hett, hett em dat Gewitter nicks dohn könnt.</isebel:content>
  </isebel:contents>
</isebel:story>