<?xml version='1.0' encoding='UTF-8'?><isebel:story xmlns:isebel="http://www.isebel.eu/ns/isebel" xmlns:dc="http://purl.org/dc/elements/1.1/" xml:id="xmd-s001-000-010-342" xml:lang="deu">
  <dc:identifier>de.wossidia.xmd-s001-000-010-342</dc:identifier>
  <isebel:purl>https://apps.wossidia.de/webapp/run/node/XMD-S001-000-010-342</isebel:purl>
  <dc:title>[10342] Kirche in Tarnow: Licht, Orgelspiel, Musik in Kirche</dc:title>
  <dc:title xml:lang="nds"/>
  <isebel:contents>
    <isebel:content xml:lang="nds">En fru Burmeister is eenmal inkamen von Prützen. hett noch de örgel gahn un hett ok singen hürt in de kirch. dat hett se mi sülm vertellt.</isebel:content>
  </isebel:contents>
</isebel:story>