<?xml version='1.0' encoding='UTF-8'?><isebel:story xmlns:isebel="http://www.isebel.eu/ns/isebel" xmlns:dc="http://purl.org/dc/elements/1.1/" xml:id="xmd-s001-000-002-338" xml:lang="deu">
  <dc:identifier>de.wossidia.xmd-s001-000-002-338</dc:identifier>
  <isebel:purl>https://apps.wossidia.de/webapp/run/node/XMD-S001-000-002-338</isebel:purl>
  <dc:title>[2338] der Überzählige</dc:title>
  <dc:title xml:lang="deu"/>
  <isebel:contents>
    <isebel:content xml:lang="deu">In Darguner Schloßkirche werden niemals Kinder konfirmiert. Es kommt daher, daß immer ein Konfirmand zu viel da ist. Nur selten werden welche getraut. Auch ein unterirdischer Gang soll von Dargun bis Verchen gehen. 

Der Konfirmand, der zuviel in der Kirche ist, verschwindet beim Segen wieder. (Nach Mitteilung des Schülers nachgetragen.
Gnoien 25.1.20, Kähler)</isebel:content>
  </isebel:contents>
</isebel:story>