<?xml version='1.0' encoding='UTF-8'?><isebel:story xmlns:isebel="http://www.isebel.eu/ns/isebel" xmlns:dc="http://purl.org/dc/elements/1.1/" xml:id="xmd-s001-000-004-057" xml:lang="deu">
  <dc:identifier>de.wossidia.xmd-s001-000-004-057</dc:identifier>
  <isebel:purl>https://apps.wossidia.de/webapp/run/node/XMD-S001-000-004-057</isebel:purl>
  <dc:title>[4057] Kirche / Wustrow</dc:title>
  <dc:title xml:lang="nds"/>
  <isebel:contents>
    <isebel:content xml:lang="nds">Grmudder1) hett vertellt. 
De köster (Ego: Westendörp? Ja.) is mit sien mäten na'n lüdden gahn, nijohrsnacht 12-1. De köster seggt vörher to sin mäten: wenn dor frugenslüd' kamen un ehr wien anböden, süll se em nich utdrinken, se süll em weggeiten. As se henkamen, sünd dor twölf frugens. (een hett ne buddel hatt, de annern Gläs) 
(Vetter Gillwitz: Mien Mudder vertellt, dor is 'n disch deckt wäst vör de turmdör) 
De köster gütt 't sick na'n bussen rin. Dat mäten glöwt, he hett dat utdrunken un denkt: wenn din herr dat utdrinkt, kannst du dat jo ok dohn. So gahn se na huus. Annern morgen fragt de köster dat Mäten, ob se de frugens kennt hadd. Ne, seggt de Diern, se hadd keen frugens sehn (Se hett von nicks wat wüst). De köster hett se kennt. Dat sünd Hexen wäst, de man all ümmer nich för goot hollen hadd. 
(Den Wien hebben se gäben, dat se nich navertellen süllen, wat se sehn hadden.) 

1) Großmudder</isebel:content>
  </isebel:contents>
</isebel:story>