<?xml version='1.0' encoding='UTF-8'?><isebel:story xmlns:isebel="http://www.isebel.eu/ns/isebel" xmlns:dc="http://purl.org/dc/elements/1.1/" xml:id="xmd-s001-000-008-803" xml:lang="deu">
  <dc:identifier>de.wossidia.xmd-s001-000-008-803</dc:identifier>
  <isebel:purl>https://apps.wossidia.de/webapp/run/node/XMD-S001-000-008-803</isebel:purl>
  <dc:title>[8803] Raubritter: Erwähnung</dc:title>
  <dc:title xml:lang="nds"/>
  <isebel:contents>
    <isebel:content xml:lang="nds">Wöppendörp 1) is ne raubfestung wäst. sünt noch kanäle in'n goren, as wenn dat fast wäst is. 

1) Wöpkendorf.</isebel:content>
  </isebel:contents>
</isebel:story>