<?xml version='1.0' encoding='UTF-8'?><isebel:story xmlns:isebel="http://www.isebel.eu/ns/isebel" xmlns:dc="http://purl.org/dc/elements/1.1/" xml:id="xmd-s001-000-009-118" xml:lang="deu">
  <dc:identifier>de.wossidia.xmd-s001-000-009-118</dc:identifier>
  <isebel:purl>https://apps.wossidia.de/webapp/run/node/XMD-S001-000-009-118</isebel:purl>
  <dc:title>[9118] Raubritter: Hufeisen verkehrt</dc:title>
  <dc:title xml:lang="deu"/>
  <isebel:contents>
    <isebel:content xml:lang="deu">Eickhöfer.</isebel:content>
  </isebel:contents>
  <isebel:places>
    <isebel:place id="1417">
      <dc:title>Klein Rahden</dc:title>
      <isebel:point>
        <datacite:pointLatitude xmlns:datacite="http://datacite.org/schema/kernel-4">53.76627</datacite:pointLatitude>
        <datacite:pointLongitude xmlns:datacite="http://datacite.org/schema/kernel-4">11.84668</datacite:pointLongitude>
      </isebel:point>
      <isebel:role>narration</isebel:role>
    </isebel:place>
  </isebel:places>
  <isebel:persons>
    <isebel:person id="10002839">
      <isebel:name>Holtz</isebel:name>
      <isebel:role>narrator</isebel:role>
      <isebel:livingPlace id="20460">
        <dc:title>Klein Rahden</dc:title>
      </isebel:livingPlace>
    </isebel:person>
  </isebel:persons>
  <isebel:events>
    <isebel:event id="990011394">
      <isebel:date>1920-08-15</isebel:date>
      <isebel:role>narration</isebel:role>
    </isebel:event>
  </isebel:events>
</isebel:story>