<?xml version='1.0' encoding='UTF-8'?><isebel:story xmlns:isebel="http://www.isebel.eu/ns/isebel" xmlns:dc="http://purl.org/dc/elements/1.1/" xml:id="xmd-s001-000-005-754" xml:lang="deu">
  <dc:identifier>de.wossidia.xmd-s001-000-005-754</dc:identifier>
  <isebel:purl>https://apps.wossidia.de/webapp/run/node/XMD-S001-000-005-754</isebel:purl>
  <dc:title>[5754] Viting - raubt Mädchen - 7 Söhne - verraten</dc:title>
  <dc:title xml:lang="nds"/>
  <isebel:contents>
    <isebel:content xml:lang="nds">Viting kaakt, hebben se ümmer secht, wenn dat rookt hett (ss.), dor is ornlich 'n schostein wäst. dor hett he wat oewer makt. de kinner hett he dödt. He hett to dat mäten secht, wenn se nich wedder keem, makt he ehr doot.</isebel:content>
  </isebel:contents>
  <isebel:places>
    <isebel:place id="1506">
      <dc:title>Kossebade</dc:title>
      <isebel:point>
        <datacite:pointLatitude xmlns:datacite="http://datacite.org/schema/kernel-4">53.53182</datacite:pointLatitude>
        <datacite:pointLongitude xmlns:datacite="http://datacite.org/schema/kernel-4">11.84143</datacite:pointLongitude>
      </isebel:point>
      <isebel:role>narration</isebel:role>
    </isebel:place>
  </isebel:places>
  <isebel:persons>
    <isebel:person id="10006731">
      <isebel:name>Stoppsack</isebel:name>
      <isebel:gender>Frau</isebel:gender>
      <isebel:role>narrator</isebel:role>
    </isebel:person>
  </isebel:persons>
  <isebel:events>
    <isebel:event id="990011778">
      <isebel:date>1913-07-18</isebel:date>
      <isebel:role>narration</isebel:role>
    </isebel:event>
  </isebel:events>
</isebel:story>