<?xml version='1.0' encoding='UTF-8'?><isebel:story xmlns:isebel="http://www.isebel.eu/ns/isebel" xmlns:dc="http://purl.org/dc/elements/1.1/" xml:id="xmd-s001-000-009-440" xml:lang="deu">
  <dc:identifier>de.wossidia.xmd-s001-000-009-440</dc:identifier>
  <isebel:purl>https://apps.wossidia.de/webapp/run/node/XMD-S001-000-009-440</isebel:purl>
  <dc:title>[9440] Geld brennen: wird bewacht</dc:title>
  <dc:title xml:lang="nds"/>
  <isebel:contents>
    <isebel:content xml:lang="nds">Malchiner Gegend. 
Auch Schätze waren von einem Cerberus bewacht, die des Glückskindes harrten, gehoben zu werden. zwei Fälle sind nur bekannt, wo dieses Geld ....... brannte, aber nicht gehoben wurde. im Hohenbruch hüteten im Anfange dieses vehl Sauen einen nicht tau groten Kuffer. ein por........, dat wir dei ganz Herrlichkeit, mie schient, als wenn den Kirl ein hoher Offcir wir, spreken kunn hei nich sovehl Dütsch, datt ick em voastahn künn. Na datt upladen güng schnell vorsich un wi fürten in dei // Nacht herrinn. hento 10 wiren wi all in Teterow, doa harr ein Franzos uck noch wat tau besorgen un beföhl, upen Mark so lang tau täuwen bet hei werre kehm. dit paßt mie äwa gornich. ick denk dat dei Teterower säa, wo sei em na Güstrow krigen, sett sinen Kuffer up Rathusdehl, leg de drei // dorup, rasch tau Schleden un füa rasch werre henn, wo ick herkamen wir. ick kem glücklich ut'n Dur un rasch na Remplin. as ick dörch dat Dörp bün un dörch dei Kastanallee an Schloßgorn vörbi, doa sei ick rechts an Weg up den Aua ora Wisch ein Füa hell brennen. as ick neger kem, seg ick uck ein' groten Kirl dorbistahn mit 'n Schüpp dat Füa ümrühren. dei Kirl har ein scheußlich ansein Schütt Schnut, na ick will nich leigen, ükra wis un worhaftig vöa minen Ogen wirs wenigsten 1 Faut lang, ick wull den Kirl anreden, doa mit einmal gah min Pir, ick vöalier dei Lin, spring hin von Schläden un min Pir, na bira hohg brück kreg icks werre, äwerst min Schläden wir man half, dei hälft har ick verlorn. dan annern Dag hef icks Stückwis werre upsammelt, äwa von na Füastell künn ick nicks sein ora finnen. Doa wat ümma so vehl von Geldbrennen vertellt. wennt sowat gift, is ditt uck wat west.</isebel:content>
  </isebel:contents>
</isebel:story>