<?xml version='1.0' encoding='UTF-8'?><isebel:story xmlns:isebel="http://www.isebel.eu/ns/isebel" xmlns:dc="http://purl.org/dc/elements/1.1/" xml:id="xmd-s001-000-002-843" xml:lang="deu">
  <dc:identifier>de.wossidia.xmd-s001-000-002-843</dc:identifier>
  <isebel:purl>https://apps.wossidia.de/webapp/run/node/XMD-S001-000-002-843</isebel:purl>
  <dc:title>[2843] Galgen / Tote einladen</dc:title>
  <dc:title xml:lang="nds"/>
  <isebel:contents>
    <isebel:content xml:lang="nds">En hett hängt an'n galgen. En anner geiht vörbi, se harren so oft fisch tohopäten, wenn se nu wol wedder — dor segt de an'n galgen enen abend ; B hen nimmt sik öwer 'n prester mit, dor wiest A wiest trügg.</isebel:content>
  </isebel:contents>
</isebel:story>