<?xml version='1.0' encoding='UTF-8'?><isebel:story xmlns:isebel="http://www.isebel.eu/ns/isebel" xmlns:dc="http://purl.org/dc/elements/1.1/" xml:id="xmd-s001-000-001-985" xml:lang="deu">
  <dc:identifier>de.wossidia.xmd-s001-000-001-985</dc:identifier>
  <isebel:purl>https://apps.wossidia.de/webapp/run/node/XMD-S001-000-001-985</isebel:purl>
  <dc:title>[1985] nicht grugen</dc:title>
  <dc:title xml:lang="deu"/>
  <dc:title xml:lang="nds"/>
  <isebel:contents>
    <isebel:content xml:lang="deu">Ein Priester war mal beim Schuster und sie sprachen auch vom Spuken. Er glaube nicht an eine Geisterstunde, sagte der Schuster. Na, meinte der Priester, er würde ihm 100 Taler geben, wenn er die ganze Nacht in der Kirche bleiben würde. Der Schuster nahm sein Werkzeug und ging abends in die Kirche und fing an, vergnügt zu schustern. Kurz nach 12 Uhr sah er, dass aus einem der Särge ein Arm rausschaute. Bald darauf waren es zwei Arme. „Bleib dort“, sagte der Schuster, „oder ich schmeiße dir den Leisten an den Kopf.“ Es dauerte nicht lange, da kamen auch zwei Beine und gleich darauf die ganze Gestalt aus dem Sarg. Der Schuster nahm nun den Leisten und schmiss ihn der Gestalt an den Kopf, sodass diese still liegen blieb, und schusterte lustig weiter. Am nächsten Morgen fanden sie den Priester tot in der Kirche liegend.</isebel:content>
    <isebel:content xml:lang="nds">En Preester wier mal bi'n Schohster un se spröken ok von't Spöken. He glöwt an keen Spöktiet, säd de Schohster. Na, meent de Preester, he geew em hunnert Dahler, wenn he de ganze Nacht inne Kirch bliben ded. De Schohster nehm sien Warktüg un geit Abends na de Kirch un fangt an, lustig to schohsterieren. Na Klock twölf süht he ut en von de Särge eenen Arm rutkiken, bald dorup twee Arm. Bliw dor, säd de Schohster, ünner ick smit di mit'n Lehsten an'n Kopp. Dat duert nich lang, dor kemen ok twee Been un glik dorup ne ganze Gestalt ut dat Sark. De Schlosser nimmt nu'n Lehsten un smitt de Gestalt botst vör'n Kopp, dat se still liggen blifft un schohstert lustig wider. An annern Morgen finnen se den Preester dodig inne Kirch liggen.</isebel:content>
  </isebel:contents>
</isebel:story>