<?xml version='1.0' encoding='UTF-8'?><isebel:story xmlns:isebel="http://www.isebel.eu/ns/isebel" xmlns:dc="http://purl.org/dc/elements/1.1/" xml:id="xmd-s001-000-000-288" xml:lang="deu">
  <dc:identifier>de.wossidia.xmd-s001-000-000-288</dc:identifier>
  <isebel:purl>https://apps.wossidia.de/webapp/run/node/XMD-S001-000-000-288</isebel:purl>
  <dc:title>[288] Der Knecht aber kommt ins Paradies</dc:title>
  <dc:title xml:lang="nds"/>
  <dc:title xml:lang="deu"/>
  <isebel:contents>
    <isebel:content xml:lang="nds">⸢Dor sünd twee⸣ Knechts. ⸢De verspräken sich: ⸣ Wenn ⸢de⸣ een ok ihrer dootblift, ⸢denn sall de anner em doch to Hochtiet inladen. Nu staarvt de een, un de⸣ anner gift en Hochtiet. ⸢Se⸣ nödigen ⸢dennʼ Doden⸣ anʼn Hochtiedendag. „Jawoll!“ seggt he. ⸢He⸣ geiht anʼn Aben stahn ⸢un⸣ snackt ok nich. ⸢Oever toletzt seggt he to dennʼ Brüjam: „Nu kannst du⸣ mi ok ⸢eens⸣ begleiten“. ⸢Se⸣ gahn, as wenn sein ʼn grotes Sloß gahn. As se ʼn bäten gahn hebben, is ⸢dor⸣ ʼne Koppel, ⸢dor is⸣ so vääl Fauder in, wat leeg un wat ʼn bäten bäder. ⸢Wo dat fette Veih is, dat sünd de⸣ Herrschaften up de Welt, de tämen sik dat nich. ⸢Dat maakt ehr⸣ vääl Kopbräkent ⸢un se⸣ grämen sik oever. ⸢In de anner⸣ Koppel, ⸢de⸣ nich vääl Foder ⸢het⸣, ⸢dor is dat⸣ Veih lustig un springt, un se danzen. ⸢Dat sünd wi. ⸣ Wi hebben ⸢jo⸣ nich tovääl, ⸢wenn wi man⸣ gesund sünd. ⸢Se⸣ gahn noch ʼn bäten, ⸢bet se an en⸣ Waterlock ⸢kamen⸣, Voegel sitten dor bi rüm. ⸢Donn will de anner wedder na Huus. He⸣ bringt em rut. ⸢As he in sien⸣ Dorp ⸢kümmt, is dat ganz⸣ ümbuugt. ⸢He⸣ geiht na een Huus rin, ⸢dor sitt en Fru anʼt⸣ Spinnrad. ⸢He fröggt⸣, ob se weten, dat ⸢he mit sienen Frlind weg wier. Se kennt em nich, oever⸣ se ward horken. „Ja, ⸢in⸣ imienen Großvadder ⸢sien een Book dor stünn dor wat von. Dat is all⸣ tweihunnertföftig Johr ⸢her⸣. Em isʼt wäst as wierʼt ⸢ihrst gistern⸣. He is noch so wäst, as he weggahn is.

Erzähler; X; Aufzeichner: Wossidlo, 12. 11. 1906.</isebel:content>
    <isebel:content xml:lang="deu">Da sind zwei Knechte. Die versprechen sich: Wenn der eine auch eher stirbt, dann soll der andere ihn doch zur Hochzeit einladen. Nun stirbt der eine und der andere gibt eine Hochzeit. Sie laden den Toten zum Hochzeitstag. „Jawohl!“ sagt der. Er geht am Ofen stehn und spricht auch nicht. Aber zuletzt sagt er zu dem Bräutigam: „Nun kannst du mich auch einmal begleiten“. Sie gehen, als wenn sie in ein großes Schloß gehen. Als sie ein bißchen gegangen sind, ist da eine Koppel, darin ist so viel Futter, ein Teil davon ist schlecht und ein Teil ein wenig besser. Wo das fette Vieh ist, das sind die Herrschaften auf der Welt, die können sich [beim Fressen] nicht bezähmen. Das macht ihnen viel Kopfzerbrechen, und sie grämen sich darüber. In der anderen Koppel, die nicht viel Futter hat, da ist das Vieh lustig und springt, und sie tanzen. Das sind wir. Wir haben ja nicht zuviel, wenn wir nur gesund sind. Sie gehen noch ein bißchen, bis sie an ein Wasserloch kommen, Vögel sitzen da herum. Da will der andere wieder nach Hause. Er bringt ihn hinaus. Als er in sein Dorf kommt, ist das ganz umgebaut. Er geht in ein Haus hinein, da sitzt eine Frau am Spinnrad. Er fragt, ob sie wissen, daß er mit seinem Freund weg war. Sie kennt ihn nicht, aber sie beginnt aufzuhorchen. „Ja, in einem Buch meines Großvaters stand etwas davon. Das ist schon 250 Jahre her“. Ihm ist es gewesen, als wäre es erst gestern. Er hat noch so ausgesehen, wie damals, als er weggegangen ist.</isebel:content>
  </isebel:contents>
</isebel:story>