<?xml version='1.0' encoding='UTF-8'?><isebel:story xmlns:isebel="http://www.isebel.eu/ns/isebel" xmlns:dc="http://purl.org/dc/elements/1.1/" xml:id="xmd-s001-000-006-661" xml:lang="deu">
  <dc:identifier>de.wossidia.xmd-s001-000-006-661</dc:identifier>
  <isebel:purl>https://apps.wossidia.de/webapp/run/node/XMD-S001-000-006-661</isebel:purl>
  <dc:title>[6661] Störtebecker / Aufenthaltsort</dc:title>
  <dc:title xml:lang="nds"/>
  <isebel:contents>
    <isebel:content xml:lang="nds">in de oll borg hett Störtenbäk haust, hett he sinen reichstag hatt. is son slunk rin wäst, dor hett he sien schipp anankert. hett alles öwerkiken künnt von den barg ut.</isebel:content>
  </isebel:contents>
</isebel:story>