<?xml version='1.0' encoding='UTF-8'?><isebel:story xmlns:isebel="http://www.isebel.eu/ns/isebel" xmlns:dc="http://purl.org/dc/elements/1.1/" xml:id="xmd-s001-000-006-631" xml:lang="deu">
  <dc:identifier>de.wossidia.xmd-s001-000-006-631</dc:identifier>
  <isebel:purl>https://apps.wossidia.de/webapp/run/node/XMD-S001-000-006-631</isebel:purl>
  <dc:title>[6631] Rabandel / Namen - Aussehen</dc:title>
  <dc:title xml:lang="nds"/>
  <isebel:contents>
    <isebel:content xml:lang="nds">Rabandel hett de rhauptmann1) heeten (ss.) Dor hett nahst een wankt, min mudder hett wat sehn dor. Is 'n groten kierl wäst, hett leddertüüch anhatt. mudder is von Lüdershof na Vossfeld wäst, dor is de mann hinner ehr kamen. 

1) räuberhauptmann</isebel:content>
  </isebel:contents>
</isebel:story>