<?xml version='1.0' encoding='UTF-8'?><isebel:story xmlns:isebel="http://www.isebel.eu/ns/isebel" xmlns:dc="http://purl.org/dc/elements/1.1/" xml:id="xmd-s001-000-007-898" xml:lang="deu">
  <dc:identifier>de.wossidia.xmd-s001-000-007-898</dc:identifier>
  <isebel:purl>https://apps.wossidia.de/webapp/run/node/XMD-S001-000-007-898</isebel:purl>
  <dc:title>[7898] Krakower See</dc:title>
  <dc:title xml:lang="nds"/>
  <isebel:contents>
    <isebel:content xml:lang="nds">Krakower See. 
(Ego: 7 Seen ?)  
Ne, öwer dat sünt 7 nettfischers wäst, de see is up soeben deel verpacht wäst.</isebel:content>
  </isebel:contents>
</isebel:story>