<?xml version='1.0' encoding='UTF-8'?><isebel:story xmlns:isebel="http://www.isebel.eu/ns/isebel" xmlns:dc="http://purl.org/dc/elements/1.1/" xml:id="xmd-s001-000-000-509" xml:lang="deu">
  <dc:identifier>de.wossidia.xmd-s001-000-000-509</dc:identifier>
  <isebel:purl>https://apps.wossidia.de/webapp/run/node/XMD-S001-000-000-509</isebel:purl>
  <dc:title>[509] Der Aufstand</dc:title>
  <dc:title xml:lang="nds"/>
  <dc:title xml:lang="deu"/>
  <isebel:contents>
    <isebel:content xml:lang="nds">Plessen ... dörch de Brummelbeerenrank (dee up beiden ennʼ anwussen is uppe ier) sünt se dörchkamen. (Dierns hebben de Plaug früher hollen müßt, se hebben 4 Pier vor de Plauch hatt). He hett ʼt Land bespräken. (non certo).

(Erzähler: Häusler Jürss, ca. 65 J., Hamberge, Kreis Grevesmühlen; aus Groß Voigtshagen, Kreis Grevesmühlen. Aufzeichner: Wossidlo, 2. 10. 1911)</isebel:content>
    <isebel:content xml:lang="deu">Plessen… durch die Brombeerranken (die auf beiden Enden auf der Erde gewachsen sind), sind sie durchgekommen. (Mädchen haben die Pflüge früher holen müssen, sie haben 4 Pferde vor dem Pflug gehabt). Er hat das Land besprochen.</isebel:content>
  </isebel:contents>
</isebel:story>