<?xml version='1.0' encoding='UTF-8'?><isebel:story xmlns:isebel="http://www.isebel.eu/ns/isebel" xmlns:dc="http://purl.org/dc/elements/1.1/" xml:id="xmd-s001-000-007-999" xml:lang="deu">
  <dc:identifier>de.wossidia.xmd-s001-000-007-999</dc:identifier>
  <isebel:purl>https://apps.wossidia.de/webapp/run/node/XMD-S001-000-007-999</isebel:purl>
  <dc:title>[7999] Lokalsage: Penzlin / v. Maltzan</dc:title>
  <dc:title xml:lang="nds"/>
  <isebel:contents>
    <isebel:content xml:lang="nds">De Stadt Penzlin hett an den v. Maltzan en rietpiert alle dag' liefern müßt. Dat hett he ümmer doot räden. Dor is de Penzliner dat öwerworden, un se hebben em dorför den see gäben, (großer P. stadtsee): öwer se hebben sik utbedungen: up den stein bi de frugenswasch, wenn dor' n tinnen töller upsett würd un de see würd so hooch, dat dat water den tinnen töller runspölen ded', denn feel de see wedder an de stadt. Dor leet de v.M. ne bäk maken ut'n stadtsee un leet dor ne moehl anleggen. (dat moelengeschirr is nu wegnahmen wo de fischer wahnt.)</isebel:content>
  </isebel:contents>
</isebel:story>